path,bytes,extension,sha256,review_status
datasets/1_emission_factors/defra_beis/2024/DEFRA_2024_flatfile.xlsx,543278,.xlsx,1b063892ad1f00c5bc73029c016e54bc4c3050a71219202b545f8aea2f9f75c4,inherited-unverified
datasets/1_emission_factors/defra_beis/2024/DEFRA_2024_major_changes.pdf,351480,.pdf,019ab959e5da07a1c9171ddd76e8cc079c4724e2962e757804e7d5b0b2c35e8d,inherited-unverified
datasets/1_emission_factors/defra_beis/2024/DEFRA_2024_methodology.pdf,1893274,.pdf,e8653c3641bc96bbca5c09a76f03113a5b04c11d81af18494d37cf1996169d5f,inherited-unverified
datasets/1_emission_factors/defra_beis/2025/DEFRA_2025_flatfile.xlsx,505634,.xlsx,8bfdb45b81ec4a88e3bdf4584637330f62e6bd09ce1940e654c5d7b7f736de94,inherited-unverified
datasets/1_emission_factors/defra_beis/2025/DEFRA_2025_major_changes.pdf,224712,.pdf,5c6128bc1027d4160ccd2f105322249e87fcefd6b3e6b752a9d513961a940a03,inherited-unverified
datasets/1_emission_factors/defra_beis/2025/DEFRA_2025_methodology.pdf,1853848,.pdf,62774f77c18ba93f6464b8777f44ad74989de43b1f49e087380a38101bd880b1,inherited-unverified
datasets/1_emission_factors/epa/ghg-emission-factors-hub-2025.xlsx,1014275,.xlsx,43afb91d79b2ae765b3a447549d9e1021a144a407cec5eb804be9fcf69a668a7,inherited-unverified
datasets/1_emission_factors/epa_egrid/EPA_eGRID2023_metric.xlsx,24803997,.xlsx,3dfbbcf2f949d58d5b2dbee3aab8150bd04a0c8ebb730ba1cd37a013bd4450ab,inherited-unverified
datasets/1_emission_factors/epa_egrid/EPA_eGRID2023_releasenotes.txt,7733,.txt,63cf2f15f4c3d02b66016a52f9664febe00e1be473992cf632e19ccaec3f84a7,inherited-unverified
datasets/1_emission_factors/epa_egrid/EPA_eGRID2023_techguide.pdf,2768135,.pdf,12164c665217f1b4d00ac6a8115a3806710dab79993d02959cdf7f7f66abd841,inherited-unverified
datasets/1_emission_factors/jrc_com/CoM-Emission-factors-for-national-electricity-2024.xlsx,104081,.xlsx,0a3525cae8764ce159378f99966f4032c4fb06e91ad5705ea5d7513b7f76eb31,inherited-unverified
datasets/1_emission_factors/useeio/v1.3/USEEIO_v1.3_byGHG_USD2022.csv,2553711,.csv,963952e5911dd5c5a4408172192b327c1583b5491a5b80c2d7cb03260411ee16,inherited-unverified
datasets/1_emission_factors/useeio/v1.3/USEEIO_v1.3_CO2e_USD2022.csv,123481,.csv,6025a14c4fe16675735efba1683030e4d36011e3973f3c4261f8231aa69c002f,inherited-unverified
datasets/1_emission_factors/useeio/v2.0.1/USEEIOv2.0.1-411.xlsx,50299246,.xlsx,fb869f1f0bd6ccb9afba5bb9b48775bfe65a0aca5f4b13a8b5902b7a6bcd1f76,inherited-unverified
datasets/1_emission_factors/useeio/v2.0.1/USEEIOv2_Technical_Documentation_2022.pdf,3689552,.pdf,9c7f863bf6f277a39f711b67040ffeed8c7b853cdea11fd77f39ca197f1b5458,inherited-unverified
datasets/2_scope1_facility_data/epa_ghgrp/EPA_GHGRP_2023_facility_data/ghgp_data_2023.xlsx,2610840,.xlsx,e348830722f59de38640b6f3ddfc9b7d406f26c3c153ffbdd7192c2260114ac3,inherited-unverified
datasets/2_scope1_facility_data/epa_ghgrp/EPA_GHGRP_2023_facility_data/ghgp_data_by_year_2023.xlsx,3182304,.xlsx,8cc575b5609bc361ba6ca335beb1939f1403a70e096b99a5f63c4a162f10f6d6,inherited-unverified
datasets/2_scope1_facility_data/national_inventories/au/national-greenhouse-account-factors-2024.pdf,1416284,.pdf,09121950b164a2f0b6772b25eb26c8559c4ae898c3a1ab32670ee72099191451,inherited-unverified
datasets/2_scope1_facility_data/national_inventories/au/national-greenhouse-account-factors-2024.xlsx,96566,.xlsx,ff029695206c55ec60bd1e94fef6c59629bea4010268dce19258578bedb52fc7,inherited-unverified
datasets/2_scope1_facility_data/national_inventories/ca/38100111.csv,287425,.csv,652e4bbef8b7d9b6a89331396ebfac0d9742b2c5ccfcab714b7b008bc4f2edac,inherited-unverified
datasets/2_scope1_facility_data/national_inventories/ca/38100111_MetaData.csv,9574,.csv,1d23832815adcf460a58b1c7956faae5555740ae4d9491bf70e4b1ae25ad305e,inherited-unverified
datasets/2_scope1_facility_data/national_inventories/ca/CANADA_PRELIMINARY_GREENHOUSE_GAS_EMISSIONS_1990_2023.pdf,238974,.pdf,7749957a2f54fcf60e824c538f406bc0d5da76972b50197b7570f306e2a97e12,inherited-unverified
datasets/2_scope1_facility_data/national_inventories/ca/PDGES-GHGRP-GHGEmissionsSourcesGES-2022-2023.xlsx,2492143,.xlsx,cdd9ca4a7e8f1197998e5b5b7be753673c24421c62cb898eb607ab2b9052e27c,inherited-unverified
datasets/2_scope1_facility_data/national_inventories/eu/estat_env_air_gge$defaultview_filtered.tsv,173436,.tsv,57b733cb732229ed714e96af04577675faceb88a540844e2ba97f5533e1c8cf4,inherited-unverified
datasets/2_scope1_facility_data/national_inventories/eu/estat_env_air_gge$defaultview_filtered.tsv.gz,58969,.gz,fa228d4c6b8ae059dfcfa995cf7a1e1e7cf74db22b1cb5969c2ce3d696719828,inherited-unverified
datasets/2_scope1_facility_data/national_inventories/eu_ets/archived_ETS_Database_v51_May23.zip,780577,.zip,e91aea1a392ae1eae43ac00970db1f77d777595387c94f7cd0dc5c7b80dcaee3,inherited-unverified
datasets/2_scope1_facility_data/national_inventories/eu_ets/ETS_Database_v51_May23.csv,10020519,.csv,2282851b503bc65f50f00241dce495a0f83504cd75c0884d9e1d4cb66119169b,inherited-unverified
datasets/2_scope1_facility_data/national_inventories/uk/2023-final-emissions-statistics-summary.pdf,316960,.pdf,6dcf61b2f8e27c6fc3fc3315e75160ea64a20a7d12bd9167c4e4a43e5daaae37,inherited-unverified
datasets/2_scope1_facility_data/national_inventories/uk/annex-1-2023-final-greenhouse-gas-emissions-by-end-user-and-uncertainties-estimates.pdf,498778,.pdf,57d2153db07c4d08bb33049d9668aa73d243b242ebc2d36dbbfa86adc94d7883,inherited-unverified
datasets/2_scope1_facility_data/national_inventories/uk/annex-2-2023-final-greenhouse-gas-emissions-by-standard-industrial-classification.pdf,321927,.pdf,07a7ec727c79ad66f0fb2b718b9b6500da9a5a63ea4fc803e73fd72585f9100b,inherited-unverified
datasets/2_scope1_facility_data/national_inventories/uk/UK_GHG_ByIndustry_SIC_2023.xlsx,963098,.xlsx,1cb1ffd39fe3d7cdeee24a6b6478c7c3d4e6c6f69f0fe053d815ba6d2a11d8f4,inherited-unverified
datasets/2_scope1_facility_data/national_inventories/uk/UK_GHG_Emissions_By_Source_2023.ods,3522483,.ods,36118b4c6f6682a150c45bab9ba54d54d9e7e5787bc151f868be0c0835c949e0,inherited-unverified
datasets/2_scope1_facility_data/national_inventories/uk/UK_GHG_EndUser_Tables_2023.xlsx,391384,.xlsx,543c05c9dff618c88add0998ee0e596d62f052dfe50d8f66561ec48dfebe2d4c,inherited-unverified
datasets/2_scope1_facility_data/national_inventories/uk/UK_GHG_Inventory_2023_Report.pdf,926745,.pdf,cd77028c0ffdaff538f67157049ae7d1800a4a5427f650637417589d9b2ac089,inherited-unverified
datasets/2_scope1_facility_data/national_inventories/uk/UK_GHG_MasterTables_2023.xlsx,684100,.xlsx,4f4055e47fa2f5b89c201352e5252f1ec3b0208115f355713c45f9bce3cc7613,inherited-unverified
datasets/2_scope1_facility_data/national_inventories/us/archived_2024-annex-6-tables/Table_A-233.csv,1943,.csv,e773dfdf74122eb700839cf77ced81af93f3790846bf75ee18419d44d4865428,inherited-unverified
datasets/2_scope1_facility_data/national_inventories/us/archived_2024-annex-6-tables/Table_A-234.csv,3874,.csv,1675e4b37649c620059bbe7d7008ffeafe90343d53e65441738ff1aa25710c76,inherited-unverified
datasets/2_scope1_facility_data/national_inventories/us/archived_2024-annex-6-tables/Table_A-235.csv,1332,.csv,bb85102cbe6df248ae5f51f0b44c5906a153bc7139ecc4a1c9b82736e544e7fc,inherited-unverified
datasets/2_scope1_facility_data/national_inventories/us/archived_2024-annex-6-tables/Table_A-236.csv,3127,.csv,35ed923bd3e67b26f91e4e849241a474328cb1fe475a6949317eb2ff31a3141d,inherited-unverified
datasets/2_scope1_facility_data/national_inventories/us/archived_2024-annex-6-tables/Table_A-237.csv,3420,.csv,f0049c7ee155c56db9ffb940892248d427397a774005ebb03ef0633a3ca687c4,inherited-unverified
datasets/2_scope1_facility_data/national_inventories/us/archived_2024-annex-6-tables/Table_A-238.csv,2658,.csv,633dac80d7452beff65729375cc1a2f18220a193bad55bd27206a46a06c50bc8,inherited-unverified
datasets/2_scope1_facility_data/national_inventories/us/archived_2024-annex-6-tables/Table_A-239.csv,2886,.csv,a19fefce8849be5e9d29f4b4d59ab776d311be60b6ba21f79990c60bf5c2ea23,inherited-unverified
datasets/2_scope1_facility_data/national_inventories/us/archived_2024-annex-6-tables/Table_A-240.csv,1064,.csv,1c26d93132efc4bdaec6ee5fdb38f479a3ec223828daefc087b3cc7daac74e70,inherited-unverified
datasets/2_scope1_facility_data/national_inventories/us/archived_2024-annex-6-tables/Table_A-241.csv,1696,.csv,91d4905e8b5b1771339188e2532137797251c98f030053b39a6f06601fed9772,inherited-unverified
datasets/2_scope1_facility_data/national_inventories/us/archived_2024-annex-6-tables/Table_A-242.csv,3771,.csv,576b58dfd092a2f30ae407911157cb45f30cf7fac497df44f7a26aef630c0e76,inherited-unverified
datasets/2_scope1_facility_data/national_inventories/us/archived_2024-annex-6-tables/Table_A-243.csv,377,.csv,2b4f55de1e0cc346ed5712de6fb54d02c5f2003e4b2de65ab7261dad7be9d8a6,inherited-unverified
datasets/2_scope1_facility_data/national_inventories/us/archived_2024-annex-6-tables/Table_A-244.csv,871,.csv,1cc61c736a0d8e7f940a13954eeb98161527d01032c183d26a996eb9dd6fdcd7,inherited-unverified
datasets/2_scope1_facility_data/national_inventories/us/archived_2024-annex-6-tables/Table_A-245.csv,3417,.csv,57b7fc04ccb07fa474a4ab9a311b1087cc03ad0af1aae65be82d627b876bbc11,inherited-unverified
datasets/2_scope1_facility_data/national_inventories/us/archived_2024-annex-8-tables.zip,186287,.zip,7f79bf7ab8cee64292fdc8fe434c7f5f3ea68893abb1b16e5abbc1378729b9ac,inherited-unverified
datasets/2_scope1_facility_data/national_inventories/us/archived_2024-annex-tables/2024 Annex 1 Tables/Table_A-1.csv,7659,.csv,13d4251eee582bab7cfb2a2f07be8a8994ae292ed3930f83ff3c1930a945b400,inherited-unverified
datasets/2_scope1_facility_data/national_inventories/us/archived_2024-annex-tables/2024 Annex 1 Tables/Table_A-2.csv,9606,.csv,c74152d8eb01bb2983806429bc0d2d5ec516bda5f942f55d4d6a164421621df7,inherited-unverified
datasets/2_scope1_facility_data/national_inventories/us/archived_2024-annex-tables/2024 Annex 1 Tables/Table_A-3.csv,10547,.csv,d74f82233dece27e8ce49436bab13301f63f1835b8095eade7bf7c02ef5e1a7c,inherited-unverified
datasets/2_scope1_facility_data/national_inventories/us/archived_2024-annex-tables/2024 Annex 2 Tables/Table_A-10.csv,3047,.csv,89033f0aaca4b14953bd164505df40b49edbadf382c7558822cf2dd84b6ccdff,inherited-unverified
datasets/2_scope1_facility_data/national_inventories/us/archived_2024-annex-tables/2024 Annex 2 Tables/Table_A-11.csv,2787,.csv,e4613545560e800170488e6f70497145a2db33aa7bc6bf4cef0c49d133c863fd,inherited-unverified
datasets/2_scope1_facility_data/national_inventories/us/archived_2024-annex-tables/2024 Annex 2 Tables/Table_A-12.csv,2777,.csv,12d4e04ed4e051efe5faef3c464f5f4b54ba080b2e0d72b4cec94e57261dd7d1,inherited-unverified
datasets/2_scope1_facility_data/national_inventories/us/archived_2024-annex-tables/2024 Annex 2 Tables/Table_A-13.csv,2792,.csv,719489052e0275b711a2ade7da96efafba2701b499f91ae1ebe8df2a457fa538,inherited-unverified
datasets/2_scope1_facility_data/national_inventories/us/archived_2024-annex-tables/2024 Annex 2 Tables/Table_A-14.csv,2811,.csv,f585588852236c12bd8d89442c53dd5f3fd4829920e3848f9519a9936a53636f,inherited-unverified
datasets/2_scope1_facility_data/national_inventories/us/archived_2024-annex-tables/2024 Annex 2 Tables/Table_A-15.csv,2808,.csv,5d408aec86cc6df60e0962d4ec535abde3edbe593a38c4fe63856163aea0fde2,inherited-unverified
datasets/2_scope1_facility_data/national_inventories/us/archived_2024-annex-tables/2024 Annex 2 Tables/Table_A-16.csv,2814,.csv,e6cd1bfc1beb046aa29e942004d1e2859a56656c89cc4096cb02423b3f91fef2,inherited-unverified
datasets/2_scope1_facility_data/national_inventories/us/archived_2024-annex-tables/2024 Annex 2 Tables/Table_A-17.csv,2822,.csv,5ad02251acaeb40e4254a174aa6cbd48d3b27a17b51d0583c3312037258c13a6,inherited-unverified
datasets/2_scope1_facility_data/national_inventories/us/archived_2024-annex-tables/2024 Annex 2 Tables/Table_A-18.csv,5419,.csv,bf0d36352de3996755183705fd85145624553feee10e65de2a232d07fc80c703,inherited-unverified
datasets/2_scope1_facility_data/national_inventories/us/archived_2024-annex-tables/2024 Annex 2 Tables/Table_A-19.csv,1573,.csv,9749e26071996b7a6daaf62a6c14865645fbf4695f9b48b307e1ca2f0776487f,inherited-unverified
datasets/2_scope1_facility_data/national_inventories/us/archived_2024-annex-tables/2024 Annex 2 Tables/Table_A-20.csv,10815,.csv,c6d87dd203c2d75dc6845e7acbb0a232013f70639579477cafea61999fdeff11,inherited-unverified
datasets/2_scope1_facility_data/national_inventories/us/archived_2024-annex-tables/2024 Annex 2 Tables/Table_A-21.csv,10167,.csv,2eca63959eb40d0c75331b76011cc52f3a659130d5de4471b0b921758059e129,inherited-unverified
datasets/2_scope1_facility_data/national_inventories/us/archived_2024-annex-tables/2024 Annex 2 Tables/Table_A-22.csv,1868,.csv,c1e296c8c844897c339bf68d6747504c6494869d78d8e8334a29ab5748d520a1,inherited-unverified
datasets/2_scope1_facility_data/national_inventories/us/archived_2024-annex-tables/2024 Annex 2 Tables/Table_A-23.csv,2760,.csv,73b0d2f45220d48ef9c3792ad254eca4543d1d80e74494f643abef7b6085ebbe,inherited-unverified
datasets/2_scope1_facility_data/national_inventories/us/archived_2024-annex-tables/2024 Annex 2 Tables/Table_A-24.csv,1159,.csv,792aa96dd30237e14d961cc2395675e22ce513f785f615a777a1cb130b8edba8,inherited-unverified
datasets/2_scope1_facility_data/national_inventories/us/archived_2024-annex-tables/2024 Annex 2 Tables/Table_A-25.csv,1835,.csv,28a2ae8034db44626ef3208dd1d46bd2a225e1676cc55ee87bcac87b1a2f2c88,inherited-unverified
datasets/2_scope1_facility_data/national_inventories/us/archived_2024-annex-tables/2024 Annex 2 Tables/Table_A-26.csv,1271,.csv,9a09967aa803ab646be61a1aadfb0fbadb5864d6b7505edbbffb7d64c3d4495a,inherited-unverified
datasets/2_scope1_facility_data/national_inventories/us/archived_2024-annex-tables/2024 Annex 2 Tables/Table_A-27.csv,300,.csv,d85e91dd85956d65d08335b340495b4b9db2db34ba0f6913d69570e39826ce11,inherited-unverified
datasets/2_scope1_facility_data/national_inventories/us/archived_2024-annex-tables/2024 Annex 2 Tables/Table_A-28.csv,286,.csv,0d572f8312378f60612d9535af532bd957952a19de55ec08aa5f4b3b8dec4a38,inherited-unverified
datasets/2_scope1_facility_data/national_inventories/us/archived_2024-annex-tables/2024 Annex 2 Tables/Table_A-29.csv,581,.csv,51fb4f3328d2cf405e91e7104c5815172e3b6f2f48c7790507fc1af44fc2790f,inherited-unverified
datasets/2_scope1_facility_data/national_inventories/us/archived_2024-annex-tables/2024 Annex 2 Tables/Table_A-30.csv,2427,.csv,46b8482efe37d7b50153667118d6f3148a2ede4846aec167140fd6087949aaff,inherited-unverified
datasets/2_scope1_facility_data/national_inventories/us/archived_2024-annex-tables/2024 Annex 2 Tables/Table_A-31.csv,244,.csv,7f60a3197ad0cefb359aa21c426d6ed8da45d612839e4e972ba6c04593b91684,inherited-unverified
datasets/2_scope1_facility_data/national_inventories/us/archived_2024-annex-tables/2024 Annex 2 Tables/Table_A-32.csv,933,.csv,cde8bc83779a039ba9894d2dd63efd0c042d15665a1ea866d56c429b8a307069,inherited-unverified
datasets/2_scope1_facility_data/national_inventories/us/archived_2024-annex-tables/2024 Annex 2 Tables/Table_A-33.csv,3942,.csv,41948a5a84a3c563b79986e4c6188b07721582459a5fba03cface57e73dc6a31,inherited-unverified
datasets/2_scope1_facility_data/national_inventories/us/archived_2024-annex-tables/2024 Annex 2 Tables/Table_A-34.csv,395,.csv,b28d931818639ad03049ece52814913b13342d36294c6523c78e939dc8736001,inherited-unverified
datasets/2_scope1_facility_data/national_inventories/us/archived_2024-annex-tables/2024 Annex 2 Tables/Table_A-35.csv,395,.csv,dcdda186e60a07d02ce9ddf5641635dbefb2d5ff622dfd7a319e066ac345f645,inherited-unverified
datasets/2_scope1_facility_data/national_inventories/us/archived_2024-annex-tables/2024 Annex 2 Tables/Table_A-36.csv,1389,.csv,560d53dc8d3f42d44bf102e33883bf18698de129dd8f129d1cc3472a8fe9c8df,inherited-unverified
datasets/2_scope1_facility_data/national_inventories/us/archived_2024-annex-tables/2024 Annex 2 Tables/Table_A-37.csv,432,.csv,fddf849d02ad9203c146d860d05ecf5634433f445bee74219533670b43197f13,inherited-unverified
datasets/2_scope1_facility_data/national_inventories/us/archived_2024-annex-tables/2024 Annex 2 Tables/Table_A-38.csv,1960,.csv,22ac45ef58f3aa2d853fa7ee4bf1f733e30a9a081b97710b181db7c4851cef09,inherited-unverified
datasets/2_scope1_facility_data/national_inventories/us/archived_2024-annex-tables/2024 Annex 2 Tables/Table_A-39.csv,928,.csv,430334a8b32ec34cf7bc205e2a429c54e36a36cddc6857b2676174ebe9e70dba,inherited-unverified
datasets/2_scope1_facility_data/national_inventories/us/archived_2024-annex-tables/2024 Annex 2 Tables/Table_A-4.csv,2979,.csv,55034beed3df5cc8848fd50d3a5afd783335af41b306abb69caa874ce063a4ba,inherited-unverified
datasets/2_scope1_facility_data/national_inventories/us/archived_2024-annex-tables/2024 Annex 2 Tables/Table_A-40.csv,3505,.csv,450daf6a1b9886fbf463aa7e5c13896c4d6d5d16baae158eb77746d3245f124a,inherited-unverified
datasets/2_scope1_facility_data/national_inventories/us/archived_2024-annex-tables/2024 Annex 2 Tables/Table_A-41.csv,1344,.csv,8d15a69ecec03e940be6555bd2b502c04c01f4b064d483980979a214145f48b7,inherited-unverified
datasets/2_scope1_facility_data/national_inventories/us/archived_2024-annex-tables/2024 Annex 2 Tables/Table_A-42.csv,443,.csv,c2d10495e5efebc1b3dc649eb2e22005f8f9dc3ddceaf1b8a238b92ff396427b,inherited-unverified
datasets/2_scope1_facility_data/national_inventories/us/archived_2024-annex-tables/2024 Annex 2 Tables/Table_A-43.csv,711,.csv,ef0da2921c54f813b37d6b1e7173591272b19339ae2150ee55a88c1c46f5f9f2,inherited-unverified
datasets/2_scope1_facility_data/national_inventories/us/archived_2024-annex-tables/2024 Annex 2 Tables/Table_A-44.csv,433,.csv,0adc1252a8963d4b7fd5f8965db9e2030fc56ae3d8edf9d5bb104d41f5a375c2,inherited-unverified
datasets/2_scope1_facility_data/national_inventories/us/archived_2024-annex-tables/2024 Annex 2 Tables/Table_A-45.csv,1939,.csv,dbee72d9a8c3abf2081a0d44251afc7e99def972592f9029627059530aab397e,inherited-unverified
datasets/2_scope1_facility_data/national_inventories/us/archived_2024-annex-tables/2024 Annex 2 Tables/Table_A-46.csv,777,.csv,68d001bb5e2308e8d8726facb775d3e264857b5a442e82ef0baec0869293008b,inherited-unverified
datasets/2_scope1_facility_data/national_inventories/us/archived_2024-annex-tables/2024 Annex 2 Tables/Table_A-47.csv,260,.csv,14bc80f144b91a59eeda894416b7b1ec35b2669e9d7e15b590392843110d9095,inherited-unverified
datasets/2_scope1_facility_data/national_inventories/us/archived_2024-annex-tables/2024 Annex 2 Tables/Table_A-48.csv,420,.csv,c175fb10c5d53cadfb0b3bdb553c7984252add57ebdc75108f08e7b3c533ffe5,inherited-unverified
datasets/2_scope1_facility_data/national_inventories/us/archived_2024-annex-tables/2024 Annex 2 Tables/Table_A-49.csv,1532,.csv,248d04b946171fb6a7ed9751c2fb8ac0e299905a3d9d3885431a1f64efdab1c3,inherited-unverified
datasets/2_scope1_facility_data/national_inventories/us/archived_2024-annex-tables/2024 Annex 2 Tables/Table_A-5.csv,2763,.csv,7e36b2f787db94f429860e1786ae5efd0254dbb7cbb007994a890f56612f7ace,inherited-unverified
datasets/2_scope1_facility_data/national_inventories/us/archived_2024-annex-tables/2024 Annex 2 Tables/Table_A-50.csv,458,.csv,40cf873c2d518e4938281895d999674e4d3bff6dc99cb70da1f6abf458b7cbc6,inherited-unverified
datasets/2_scope1_facility_data/national_inventories/us/archived_2024-annex-tables/2024 Annex 2 Tables/Table_A-51.csv,1174,.csv,4b4b3e47a2cf04352ebf36039661c0f0a017fe7430db82bb815b3553c858be13,inherited-unverified
datasets/2_scope1_facility_data/national_inventories/us/archived_2024-annex-tables/2024 Annex 2 Tables/Table_A-52.csv,1047,.csv,aa9955d30e916921300824e4ed1003e944d055d63fb731dc494bf03b35c142f3,inherited-unverified
datasets/2_scope1_facility_data/national_inventories/us/archived_2024-annex-tables/2024 Annex 2 Tables/Table_A-53.csv,196,.csv,a182e73acf69b88705bbbe57d2a606e663c90150b2e119997db7336cbe196062,inherited-unverified
datasets/2_scope1_facility_data/national_inventories/us/archived_2024-annex-tables/2024 Annex 2 Tables/Table_A-54.csv,420,.csv,3a17e76fd1484df8c5059f3b4c54042fcb7ea5e23c0884b1ee9e877a1ae5054b,inherited-unverified
datasets/2_scope1_facility_data/national_inventories/us/archived_2024-annex-tables/2024 Annex 2 Tables/Table_A-55.csv,365,.csv,7c59e241c17ba42f459e447aea4f334f75176732c26d055085811a837472ac41,inherited-unverified
datasets/2_scope1_facility_data/national_inventories/us/archived_2024-annex-tables/2024 Annex 2 Tables/Table_A-56.csv,530,.csv,1e213aeaa5a393207910a66d4b274407208071e0afbf7eca8459da62daf96fce,inherited-unverified
datasets/2_scope1_facility_data/national_inventories/us/archived_2024-annex-tables/2024 Annex 2 Tables/Table_A-57.csv,436,.csv,aae074c3e4dde8e6c6042b2f96c33103fd86ecdf3d63c689a3e6e04e52e20f8c,inherited-unverified
datasets/2_scope1_facility_data/national_inventories/us/archived_2024-annex-tables/2024 Annex 2 Tables/Table_A-58.csv,421,.csv,2874ed9359e56eb89e86b282bfb9a9fe03b508c0430f92d994ed40a561c190cc,inherited-unverified
datasets/2_scope1_facility_data/national_inventories/us/archived_2024-annex-tables/2024 Annex 2 Tables/Table_A-59.csv,421,.csv,781dbc02fee8c0539eddabc0106eff119fd0cca40495426b491d6d87664b3565,inherited-unverified
datasets/2_scope1_facility_data/national_inventories/us/archived_2024-annex-tables/2024 Annex 2 Tables/Table_A-6.csv,2762,.csv,8eb07daf79285d240722de8b788ac2b21dbdcd065cbad2bd04b03b9990e1ff5f,inherited-unverified
datasets/2_scope1_facility_data/national_inventories/us/archived_2024-annex-tables/2024 Annex 2 Tables/Table_A-60.csv,404,.csv,4a29c98524841545d8c33a524d9a05684e51804a61f7e8bc74051d27cbdfb48a,inherited-unverified
datasets/2_scope1_facility_data/national_inventories/us/archived_2024-annex-tables/2024 Annex 2 Tables/Table_A-61.csv,450,.csv,40ebb7e828bbe2bfbf7220d72855b854a49a7d0af60cfa147a84e7d76737e67c,inherited-unverified
datasets/2_scope1_facility_data/national_inventories/us/archived_2024-annex-tables/2024 Annex 2 Tables/Table_A-62.csv,296,.csv,47b115f4e90cc8709e3d6883534cad9c74013e9e28dd0a3a2d4dd39a2060b8b8,inherited-unverified
datasets/2_scope1_facility_data/national_inventories/us/archived_2024-annex-tables/2024 Annex 2 Tables/Table_A-63.csv,396,.csv,cf4a44b865a324d3319f104169fa0282c2901c7dc70d5818a694793a0ea41e83,inherited-unverified
datasets/2_scope1_facility_data/national_inventories/us/archived_2024-annex-tables/2024 Annex 2 Tables/Table_A-64.csv,693,.csv,8292a92520f7bfb2843b1f576c81d2b6cd92d6bb85525deb94187bc34151151c,inherited-unverified
datasets/2_scope1_facility_data/national_inventories/us/archived_2024-annex-tables/2024 Annex 2 Tables/Table_A-7.csv,2767,.csv,e720b47dbb7899fe6305662fb21acc4a5bdc4303acafa2739504669af2d8efee,inherited-unverified
datasets/2_scope1_facility_data/national_inventories/us/archived_2024-annex-tables/2024 Annex 2 Tables/Table_A-8.csv,2779,.csv,d28e3f75853c3ae73621ab4e65b18d86d907a5ca0a785e4a87261c597a5f2a38,inherited-unverified
datasets/2_scope1_facility_data/national_inventories/us/archived_2024-annex-tables/2024 Annex 2 Tables/Table_A-9.csv,2826,.csv,9400233b16202b977405f368809ae5de0a51dc989040230f577bcb06169395ac,inherited-unverified
datasets/2_scope1_facility_data/national_inventories/us/archived_2024-annex-tables/2024 Annex 3 Tables/Table_A-100.csv,959,.csv,05ded9aa25980d801d6896240e6670ae675ad516b3591c576fa9d5fe7e56220e,inherited-unverified
datasets/2_scope1_facility_data/national_inventories/us/archived_2024-annex-tables/2024 Annex 3 Tables/Table_A-101.csv,6765,.csv,d49c90740a48444fd5e18b1804ef163f1c6216e9c2f793f9247754eaccb4a419,inherited-unverified
datasets/2_scope1_facility_data/national_inventories/us/archived_2024-annex-tables/2024 Annex 3 Tables/Table_A-102.csv,1398,.csv,cd6648b7db276dc4a314e02ad2c319ce76fcbb09dfac958bfc75669f21f6dd3c,inherited-unverified
datasets/2_scope1_facility_data/national_inventories/us/archived_2024-annex-tables/2024 Annex 3 Tables/Table_A-103.csv,456,.csv,8fe506b41db7d11cb474fb22438036b843c49243c065af9dd5d4bb52f9107793,inherited-unverified
datasets/2_scope1_facility_data/national_inventories/us/archived_2024-annex-tables/2024 Annex 3 Tables/Table_A-104.csv,915,.csv,5c5f2e97f1a0303ecb030834890fc791709d600eb5e595576b77393fc9704146,inherited-unverified
datasets/2_scope1_facility_data/national_inventories/us/archived_2024-annex-tables/2024 Annex 3 Tables/Table_A-105.csv,357,.csv,7efb35578539a29b68cf3e1da2d230552389dd5d8a3f7fda5e1f9f0ccf312db9,inherited-unverified
datasets/2_scope1_facility_data/national_inventories/us/archived_2024-annex-tables/2024 Annex 3 Tables/Table_A-106.csv,6102,.csv,b7a958a149020684d11899d8a377b597eb6084368bdfd2b104a6fbb09cb460e5,inherited-unverified
datasets/2_scope1_facility_data/national_inventories/us/archived_2024-annex-tables/2024 Annex 3 Tables/Table_A-107.csv,3950,.csv,23c849464ac1f1f0e227404d01a41da585b35287ba483f170d7a925262d66ad3,inherited-unverified
datasets/2_scope1_facility_data/national_inventories/us/archived_2024-annex-tables/2024 Annex 3 Tables/Table_A-108.csv,1141,.csv,4473ec8ad63569e4feb7e35ed97ecbabe5cb9781679538e22a9406cc883a5120,inherited-unverified
datasets/2_scope1_facility_data/national_inventories/us/archived_2024-annex-tables/2024 Annex 3 Tables/Table_A-109.csv,281,.csv,c91ebaa727c40d868cb3ef1de177d4f9ba43d9055d89f91db9a7bc9e853d48ec,inherited-unverified
datasets/2_scope1_facility_data/national_inventories/us/archived_2024-annex-tables/2024 Annex 3 Tables/Table_A-110.csv,526,.csv,eff5d0f5e40acbc8484ec8ade81666f528d35faea81ff2ef8cb2d8f60284db15,inherited-unverified
datasets/2_scope1_facility_data/national_inventories/us/archived_2024-annex-tables/2024 Annex 3 Tables/Table_A-111.csv,577,.csv,943e44db2121ee99c11ee344a050c3c1a42c76dace17bd4e857fe18c00b637ca,inherited-unverified
datasets/2_scope1_facility_data/national_inventories/us/archived_2024-annex-tables/2024 Annex 3 Tables/Table_A-112.csv,796,.csv,5e723938ecdfddfea141f6018b062aebac4aaaf42473a875ef77e181adefc74f,inherited-unverified
datasets/2_scope1_facility_data/national_inventories/us/archived_2024-annex-tables/2024 Annex 3 Tables/Table_A-113.csv,26760,.csv,706263f47ced406d4bfeef781d119ab805eeffa2a5051d8181665b43d89cf4ba,inherited-unverified
datasets/2_scope1_facility_data/national_inventories/us/archived_2024-annex-tables/2024 Annex 3 Tables/Table_A-114.csv,2181,.csv,009cdf544a9ed4f4e7dc59a8c54a5f3f60fb82d74f252bde3707c4a1b659407f,inherited-unverified
datasets/2_scope1_facility_data/national_inventories/us/archived_2024-annex-tables/2024 Annex 3 Tables/Table_A-115.csv,2024,.csv,de83021c4a70286304908e59029104ac11aa68192ebba93198bf11d35f3e3f58,inherited-unverified
datasets/2_scope1_facility_data/national_inventories/us/archived_2024-annex-tables/2024 Annex 3 Tables/Table_A-116.csv,1723,.csv,ad0e71e9b500630a8f7bf8c5aa9fec8a100736e204df7f4409035b61fdf685da,inherited-unverified
datasets/2_scope1_facility_data/national_inventories/us/archived_2024-annex-tables/2024 Annex 3 Tables/Table_A-117.csv,8027,.csv,e790ca7740fc6cd11b367b27d2933482a93aabbe0a074a474e0890160c433958,inherited-unverified
datasets/2_scope1_facility_data/national_inventories/us/archived_2024-annex-tables/2024 Annex 3 Tables/Table_A-118.csv,2060,.csv,09cf15a55f5cb9adf2646ba11265140b446288583c6f8e5dc55fde64486c25e6,inherited-unverified
datasets/2_scope1_facility_data/national_inventories/us/archived_2024-annex-tables/2024 Annex 3 Tables/Table_A-119.csv,949,.csv,4fb5f363fc69ea7ac1b8046e449d3e5c9840e536978f5a1ad4b268f2a92d650f,inherited-unverified
datasets/2_scope1_facility_data/national_inventories/us/archived_2024-annex-tables/2024 Annex 3 Tables/Table_A-120.csv,1320,.csv,da8302aa7538ad6a05389b5e89ad7404026ec9e19e8068dc69b1a4a002903f13,inherited-unverified
datasets/2_scope1_facility_data/national_inventories/us/archived_2024-annex-tables/2024 Annex 3 Tables/Table_A-121.csv,535,.csv,59dd40b1ce4ee421035eaa09d194b8165059c3aa059cb8c2e5ccdded230d87d0,inherited-unverified
datasets/2_scope1_facility_data/national_inventories/us/archived_2024-annex-tables/2024 Annex 3 Tables/Table_A-122.csv,1726,.csv,6c19b508bdf903b73146786289a9f8303fab84f5272c29337ace70c554390a75,inherited-unverified
datasets/2_scope1_facility_data/national_inventories/us/archived_2024-annex-tables/2024 Annex 3 Tables/Table_A-123.csv,1557,.csv,1368080c446969f8bad6a609cff534b5f6c55d53e614c7770ade797a3476379a,inherited-unverified
datasets/2_scope1_facility_data/national_inventories/us/archived_2024-annex-tables/2024 Annex 3 Tables/Table_A-124.csv,2639,.csv,f7f581ea79ebf2742357b0c3e57eb409a4e05dae5dc21297bbfdffaa3283a01d,inherited-unverified
datasets/2_scope1_facility_data/national_inventories/us/archived_2024-annex-tables/2024 Annex 3 Tables/Table_A-125.csv,4481,.csv,c8ad38f649df3a423e1a110d8871eb83119db3a45d4d66f069774b404a5e81d5,inherited-unverified
datasets/2_scope1_facility_data/national_inventories/us/archived_2024-annex-tables/2024 Annex 3 Tables/Table_A-126.csv,319,.csv,2a3a7aca3f311a9887701f34103b31fcd24e587472a56975c13c3c980e79ee70,inherited-unverified
datasets/2_scope1_facility_data/national_inventories/us/archived_2024-annex-tables/2024 Annex 3 Tables/Table_A-127.csv,149,.csv,e164b442444f17ab95306dbfb9b6021a82b2e37a6dbdc51f0bc9c9967b57e6d7,inherited-unverified
datasets/2_scope1_facility_data/national_inventories/us/archived_2024-annex-tables/2024 Annex 3 Tables/Table_A-128.csv,1285,.csv,eeb2c23ddeb4e40ba217e70d1ed1c3a376e4ee3d4c1bdf472766088d3abd0d33,inherited-unverified
datasets/2_scope1_facility_data/national_inventories/us/archived_2024-annex-tables/2024 Annex 3 Tables/Table_A-129.csv,1553,.csv,0a76d4f9fa80ce976f1b03e00468af21bde1f5febb5c21eef836dbca3fdbcc60,inherited-unverified
datasets/2_scope1_facility_data/national_inventories/us/archived_2024-annex-tables/2024 Annex 3 Tables/Table_A-130.csv,2254,.csv,7235f6d8c9658883b2f6e78d1709513880ff445adbaac6271f2ad0b3f01764db,inherited-unverified
datasets/2_scope1_facility_data/national_inventories/us/archived_2024-annex-tables/2024 Annex 3 Tables/Table_A-131.csv,666,.csv,788b0d0dd4bcefb7fdab2201d5e4d2fc05f2569b37628bd52a5f6078f0385e5b,inherited-unverified
datasets/2_scope1_facility_data/national_inventories/us/archived_2024-annex-tables/2024 Annex 3 Tables/Table_A-132.csv,633,.csv,0130009801a9be576164354db24847b17ed4fceedcd7e5285f7e85fcbba38aae,inherited-unverified
datasets/2_scope1_facility_data/national_inventories/us/archived_2024-annex-tables/2024 Annex 3 Tables/Table_A-133.csv,229,.csv,d217623568a0ad5397b76bca710a41e4df50884ee3c6c5c1b6cb6c18645faaea,inherited-unverified
datasets/2_scope1_facility_data/national_inventories/us/archived_2024-annex-tables/2024 Annex 3 Tables/Table_A-134.csv,15690,.csv,e32871c4e7fa0cb9431b33cb7e6590a8967c9022a7cea66e06b53677b37a74f7,inherited-unverified
datasets/2_scope1_facility_data/national_inventories/us/archived_2024-annex-tables/2024 Annex 3 Tables/Table_A-135.csv,754,.csv,aa0c421439d35f6d7e2cc1687d14619f97adbea436fc5ecf92f9f9fbe793c5a0,inherited-unverified
datasets/2_scope1_facility_data/national_inventories/us/archived_2024-annex-tables/2024 Annex 3 Tables/Table_A-136.csv,904,.csv,2b46ef4e2162f8ef8cce33bbd7e741dce33ba6c319f9450854fa12b83ded5bba,inherited-unverified
datasets/2_scope1_facility_data/national_inventories/us/archived_2024-annex-tables/2024 Annex 3 Tables/Table_A-137.csv,3916,.csv,5bb45f29fd6bc68bad2f700436fb85c95b6b81b1d8d099475e49a36cbb80bc0b,inherited-unverified
datasets/2_scope1_facility_data/national_inventories/us/archived_2024-annex-tables/2024 Annex 3 Tables/Table_A-138.csv,1350,.csv,e7591a3df535b4c7574e83157911f3397315bdf73eb2b39c1046490ed0ecd1c6,inherited-unverified
datasets/2_scope1_facility_data/national_inventories/us/archived_2024-annex-tables/2024 Annex 3 Tables/Table_A-139.csv,1408,.csv,6e8cedee9e8193874b37f8136907f6a9fcc21a1401e3fde07c5769d298c2dcd6,inherited-unverified
datasets/2_scope1_facility_data/national_inventories/us/archived_2024-annex-tables/2024 Annex 3 Tables/Table_A-140.csv,924,.csv,cbc164aae3ffceb636f4a478a8f7818501dc5c7631e1b62c9a21dcbbb7574365,inherited-unverified
datasets/2_scope1_facility_data/national_inventories/us/archived_2024-annex-tables/2024 Annex 3 Tables/Table_A-141.csv,1136,.csv,9575bc9e45e5ef4b63e1edacb3c91594b33de98bebf6c73ea00e836fd6162252,inherited-unverified
datasets/2_scope1_facility_data/national_inventories/us/archived_2024-annex-tables/2024 Annex 3 Tables/Table_A-142.csv,4605,.csv,ded234e5ed47730dde8271efc5801f8bc16c45fc223108e087d9d48d650dc522,inherited-unverified
datasets/2_scope1_facility_data/national_inventories/us/archived_2024-annex-tables/2024 Annex 3 Tables/Table_A-143.csv,1990,.csv,8432df85c926bfbe823a60bdbe5ce1d6923760a02929b096ce90997d651815e7,inherited-unverified
datasets/2_scope1_facility_data/national_inventories/us/archived_2024-annex-tables/2024 Annex 3 Tables/Table_A-144.csv,2843,.csv,c937dc0a10732ccab8ceb7a862deafe0d0bf464f00b256835ca59bbd12a6871b,inherited-unverified
datasets/2_scope1_facility_data/national_inventories/us/archived_2024-annex-tables/2024 Annex 3 Tables/Table_A-145.csv,1134,.csv,892e8ec19ed47651bf5c585de6b7bc5226071288103c153b3cd87e9561fb9bce,inherited-unverified
datasets/2_scope1_facility_data/national_inventories/us/archived_2024-annex-tables/2024 Annex 3 Tables/Table_A-146.csv,3834,.csv,7dbe81e7432ecd8f46a154a1796b1a8fc51fc4129d7cea16dfdb346a3a1900c9,inherited-unverified
datasets/2_scope1_facility_data/national_inventories/us/archived_2024-annex-tables/2024 Annex 3 Tables/Table_A-147.csv,3553,.csv,91ca09d872e059b5e57b9ca936ce5000186f46bc2516751107640bd0a0bca859,inherited-unverified
datasets/2_scope1_facility_data/national_inventories/us/archived_2024-annex-tables/2024 Annex 3 Tables/Table_A-148.csv,290,.csv,775c87c88576fabcf21be871309a12187d83e5fab6204d61063abc2618acf79d,inherited-unverified
datasets/2_scope1_facility_data/national_inventories/us/archived_2024-annex-tables/2024 Annex 3 Tables/Table_A-149.csv,2230,.csv,68d37db61f605e274b095ec16c69a545a05607c0e5fcc75db48550b3341f163e,inherited-unverified
datasets/2_scope1_facility_data/national_inventories/us/archived_2024-annex-tables/2024 Annex 3 Tables/Table_A-150.csv,2241,.csv,3e4090edffebea6e7c401eb9bcb035227c27f74cd58d03ca4f96cc889be24d84,inherited-unverified
datasets/2_scope1_facility_data/national_inventories/us/archived_2024-annex-tables/2024 Annex 3 Tables/Table_A-151.csv,5196,.csv,d7a0df72e4f350b4361b22c3394e9aa48da7327d8c4d44b776c5a77fb549f6ce,inherited-unverified
datasets/2_scope1_facility_data/national_inventories/us/archived_2024-annex-tables/2024 Annex 3 Tables/Table_A-152.csv,4591,.csv,1534e0011bb0fc4b1d17a3725f351e111a9be055e78e3d569ae89cab624828bf,inherited-unverified
datasets/2_scope1_facility_data/national_inventories/us/archived_2024-annex-tables/2024 Annex 3 Tables/Table_A-153.csv,2433,.csv,ff15b4df62a646bb66a0fcbc7523e01136f446b4c3bd39b9ac999afa6d66f2c9,inherited-unverified
datasets/2_scope1_facility_data/national_inventories/us/archived_2024-annex-tables/2024 Annex 3 Tables/Table_A-154.csv,2770,.csv,ed2f02d08f6628ee7aa361b466e9d78cb0e308ee486bca0a4d57badf9bdf6813,inherited-unverified
datasets/2_scope1_facility_data/national_inventories/us/archived_2024-annex-tables/2024 Annex 3 Tables/Table_A-155.csv,9957,.csv,eb93585ea7fe002245cc9537b8345f055a2cefc38d0d8c2880c4c1e0fd7a6ef3,inherited-unverified
datasets/2_scope1_facility_data/national_inventories/us/archived_2024-annex-tables/2024 Annex 3 Tables/Table_A-156.csv,3039,.csv,a79c52d6004fc98d590f987528004b8eb63e3712361447a46a57640f076280b1,inherited-unverified
datasets/2_scope1_facility_data/national_inventories/us/archived_2024-annex-tables/2024 Annex 3 Tables/Table_A-157.csv,5573,.csv,3a1701c1f97ae175a599e9695660a721bf0a2e1681ea0e1ae39e5a408741b43b,inherited-unverified
datasets/2_scope1_facility_data/national_inventories/us/archived_2024-annex-tables/2024 Annex 3 Tables/Table_A-158.csv,5592,.csv,92e6de58949cd7dd441e93be7062756265b7bd7d649a533fff3e14062ef51aef,inherited-unverified
datasets/2_scope1_facility_data/national_inventories/us/archived_2024-annex-tables/2024 Annex 3 Tables/Table_A-159.csv,5641,.csv,539dcf972ed309d591540fa52c3e09b48eaccf68884443e4d289b1b64d4b477a,inherited-unverified
datasets/2_scope1_facility_data/national_inventories/us/archived_2024-annex-tables/2024 Annex 3 Tables/Table_A-160.csv,6204,.csv,e883c365c506704e2ea709ad3206b421246057bc3b77a4c53fcbff253d27ee30,inherited-unverified
datasets/2_scope1_facility_data/national_inventories/us/archived_2024-annex-tables/2024 Annex 3 Tables/Table_A-161.csv,4401,.csv,aa95af590b256b58178e1e1a5746e4958878844735c24f0fcd73b6fe630b8d2a,inherited-unverified
datasets/2_scope1_facility_data/national_inventories/us/archived_2024-annex-tables/2024 Annex 3 Tables/Table_A-162.csv,626,.csv,5cd0466d2b35021e3e033d47d2ad8d67f13f75a1a6d4569f7f0c7d659724aacd,inherited-unverified
datasets/2_scope1_facility_data/national_inventories/us/archived_2024-annex-tables/2024 Annex 3 Tables/Table_A-163.csv,1951,.csv,a5addf73f2e956aa9f25ad2d566a40baf0567be85867cf6acb9b0d7bcd05c167,inherited-unverified
datasets/2_scope1_facility_data/national_inventories/us/archived_2024-annex-tables/2024 Annex 3 Tables/Table_A-164.csv,649,.csv,bfd4dbe5f0e7f1c492694bd77c1f285b2ef7573deda2673624d73ccfa1d1629a,inherited-unverified
datasets/2_scope1_facility_data/national_inventories/us/archived_2024-annex-tables/2024 Annex 3 Tables/Table_A-165.csv,1857,.csv,b5ae886c574e005e79b9cea2925d64051f00ba7a9366573fd12be500342a124a,inherited-unverified
datasets/2_scope1_facility_data/national_inventories/us/archived_2024-annex-tables/2024 Annex 3 Tables/Table_A-166.csv,4053,.csv,89c22ce6a5be1845c023985eb557656426cae95cf22539da25c2cf853102c1ad,inherited-unverified
datasets/2_scope1_facility_data/national_inventories/us/archived_2024-annex-tables/2024 Annex 3 Tables/Table_A-167.csv,4688,.csv,e3c8eb0ed2738765e3fc499cdba908df2154f7be12197a69918743f8fa21898c,inherited-unverified
datasets/2_scope1_facility_data/national_inventories/us/archived_2024-annex-tables/2024 Annex 3 Tables/Table_A-168.csv,4141,.csv,a319c3716ee5ce4416b6cefd9aa4625d1c3de11048edeed12b756cc1ae2d3aa6,inherited-unverified
datasets/2_scope1_facility_data/national_inventories/us/archived_2024-annex-tables/2024 Annex 3 Tables/Table_A-169.csv,3992,.csv,7151ef67362e98cd4016856248fc13a23b48dc4aabd47f4d4680691abad8164f,inherited-unverified
datasets/2_scope1_facility_data/national_inventories/us/archived_2024-annex-tables/2024 Annex 3 Tables/Table_A-170.csv,6118,.csv,c06bc31cdc1edc1ea80aa978551c3e5b821c3e1682f975e76bee61b02f77982d,inherited-unverified
datasets/2_scope1_facility_data/national_inventories/us/archived_2024-annex-tables/2024 Annex 3 Tables/Table_A-171.csv,5487,.csv,d0e8131d84345196348f82e9bc2a4b1a0ee21164f2abaae9e2f2e83ec5e5e2f7,inherited-unverified
datasets/2_scope1_facility_data/national_inventories/us/archived_2024-annex-tables/2024 Annex 3 Tables/Table_A-172.csv,5591,.csv,20b937d453a73959c5f3c2c528919da824c467cbcba7a58a854ea9b559f5b9ee,inherited-unverified
datasets/2_scope1_facility_data/national_inventories/us/archived_2024-annex-tables/2024 Annex 3 Tables/Table_A-173.csv,5303,.csv,479b9e0c453336b665a9829d8cd9cd64e4cac0fe52a822e57a1b3e0a2efeb0fd,inherited-unverified
datasets/2_scope1_facility_data/national_inventories/us/archived_2024-annex-tables/2024 Annex 3 Tables/Table_A-174.csv,2261,.csv,043155983860cc6284a257d45907d2feb2c2b394facc43a8d6b7e5649105ea4e,inherited-unverified
datasets/2_scope1_facility_data/national_inventories/us/archived_2024-annex-tables/2024 Annex 3 Tables/Table_A-175.csv,6168,.csv,19813f7d3e73c25bd12e8fc2e070aab41c6cd049af5eaebb6dbb541bc651e0bf,inherited-unverified
datasets/2_scope1_facility_data/national_inventories/us/archived_2024-annex-tables/2024 Annex 3 Tables/Table_A-176.csv,2681,.csv,6e9ad0b5be68d4fad029abb7dd236d0ec127886db0e953e2b94b5168e7f3eeea,inherited-unverified
datasets/2_scope1_facility_data/national_inventories/us/archived_2024-annex-tables/2024 Annex 3 Tables/Table_A-177.csv,814,.csv,31de27b8c60ddaef8e37864a56dcc74d295e55a9e690b0c04165456d5c54ce47,inherited-unverified
datasets/2_scope1_facility_data/national_inventories/us/archived_2024-annex-tables/2024 Annex 3 Tables/Table_A-178.csv,4120,.csv,298328df5cd939290823d2ca0fa46e143f865830a6c3ce7af036724f72121568,inherited-unverified
datasets/2_scope1_facility_data/national_inventories/us/archived_2024-annex-tables/2024 Annex 3 Tables/Table_A-179.csv,1474,.csv,662d6b640b6c6bd27220d40dc9abbed828e9791ead822216b3afb9e9794f1255,inherited-unverified
datasets/2_scope1_facility_data/national_inventories/us/archived_2024-annex-tables/2024 Annex 3 Tables/Table_A-180.csv,1761,.csv,0e5ad42b068eb6acd1f73d2918f364fc2c98a13be2f6503bc2aa1c15806ceca0,inherited-unverified
datasets/2_scope1_facility_data/national_inventories/us/archived_2024-annex-tables/2024 Annex 3 Tables/Table_A-181.csv,473,.csv,577cfc920274a81a0f2996cbda405206edffd1cfcdf4ab168ab8c962b3bb19e6,inherited-unverified
datasets/2_scope1_facility_data/national_inventories/us/archived_2024-annex-tables/2024 Annex 3 Tables/Table_A-182.csv,3250,.csv,48f2c1a773154c8c9e0cfd0e3bb608c3d8a4e270c101b50e3306a9be444729c5,inherited-unverified
datasets/2_scope1_facility_data/national_inventories/us/archived_2024-annex-tables/2024 Annex 3 Tables/Table_A-183.csv,2739,.csv,7469e14258757c4be376f7a00e10d53027e167a98db34593629969c794764a05,inherited-unverified
datasets/2_scope1_facility_data/national_inventories/us/archived_2024-annex-tables/2024 Annex 3 Tables/Table_A-184.csv,2692,.csv,2879e99494b1fb681cca698d5f24e88485f531382953a161898c3c4a725ee46c,inherited-unverified
datasets/2_scope1_facility_data/national_inventories/us/archived_2024-annex-tables/2024 Annex 3 Tables/Table_A-185.csv,2817,.csv,070e994d7441587a378813b1cc02a1997c6cdbd35f78a2a2fde8bfa3454c7150,inherited-unverified
datasets/2_scope1_facility_data/national_inventories/us/archived_2024-annex-tables/2024 Annex 3 Tables/Table_A-186.csv,710,.csv,77be842ea2d3142203ea67a5f6d69e21122611c0e5bc05d7760746347b109186,inherited-unverified
datasets/2_scope1_facility_data/national_inventories/us/archived_2024-annex-tables/2024 Annex 3 Tables/Table_A-187.csv,1073,.csv,7b3d5fc6cc8da20f634ab60a3b0b3a8b24f2c59322d27f3edc5990c9df999dc6,inherited-unverified
datasets/2_scope1_facility_data/national_inventories/us/archived_2024-annex-tables/2024 Annex 3 Tables/Table_A-188.csv,696,.csv,f86141357c843881c676a2dbb3c12dcbf04e6919d35a70c2dd250982a52eb933,inherited-unverified
datasets/2_scope1_facility_data/national_inventories/us/archived_2024-annex-tables/2024 Annex 3 Tables/Table_A-189.csv,1761,.csv,6191b4e05eab6f4dc8947a88046a535f9a8bac24ab80391b8accd82f1033f0ca,inherited-unverified
datasets/2_scope1_facility_data/national_inventories/us/archived_2024-annex-tables/2024 Annex 3 Tables/Table_A-190.csv,1699,.csv,a2ec6c7169547c43bfb0fe3062ba3b2aa03fd5ff69878cdc2c6c90ed785a11e9,inherited-unverified
datasets/2_scope1_facility_data/national_inventories/us/archived_2024-annex-tables/2024 Annex 3 Tables/Table_A-191.csv,1689,.csv,e781352e99e10e0b435f2a9c6ea6b4d528f6fcfc0a9dd2b786dc2804674c5543,inherited-unverified
datasets/2_scope1_facility_data/national_inventories/us/archived_2024-annex-tables/2024 Annex 3 Tables/Table_A-192.csv,1631,.csv,e16e8dd202649d17f624b207866eb9e40cd08ab53a3080f75e7affe4863c74ff,inherited-unverified
datasets/2_scope1_facility_data/national_inventories/us/archived_2024-annex-tables/2024 Annex 3 Tables/Table_A-193.csv,2122,.csv,bb1c4c7d55683b1d6d417de63932a64e01e73a1ae9dd87e66f962813f1322399,inherited-unverified
datasets/2_scope1_facility_data/national_inventories/us/archived_2024-annex-tables/2024 Annex 3 Tables/Table_A-194.csv,2857,.csv,8c5c5d4064a9a51c7262c7451307f1385d30de5b5b231f43dea12ab24cb9518c,inherited-unverified
datasets/2_scope1_facility_data/national_inventories/us/archived_2024-annex-tables/2024 Annex 3 Tables/Table_A-195.csv,3184,.csv,c1453b5ef74cabe31aae2b83956e65281baab8199ade8481e7bd08b927004f55,inherited-unverified
datasets/2_scope1_facility_data/national_inventories/us/archived_2024-annex-tables/2024 Annex 3 Tables/Table_A-196.csv,1808,.csv,a710567443eb684f49b4845e7d2abf30cb173226bbb431e07715dc443b411356,inherited-unverified
datasets/2_scope1_facility_data/national_inventories/us/archived_2024-annex-tables/2024 Annex 3 Tables/Table_A-197.csv,854,.csv,9dfe012dba60274cb4f881611432cee8b0356818e0f3824488eefa185d4fe589,inherited-unverified
datasets/2_scope1_facility_data/national_inventories/us/archived_2024-annex-tables/2024 Annex 3 Tables/Table_A-198.csv,4638,.csv,4948cf0fbf1ea8f5064037cab88853620f16244f34be0a6f9478c394c16e7b31,inherited-unverified
datasets/2_scope1_facility_data/national_inventories/us/archived_2024-annex-tables/2024 Annex 3 Tables/Table_A-199.csv,1876,.csv,6d061f176a695871ff4749693375b6a0ebad203e35671afb3f44a98be751240c,inherited-unverified
datasets/2_scope1_facility_data/national_inventories/us/archived_2024-annex-tables/2024 Annex 3 Tables/Table_A-200.csv,1002,.csv,94034b67ef72a8f851cdeff43799224a57ad4f5100346c4b2c19f813cb081f4c,inherited-unverified
datasets/2_scope1_facility_data/national_inventories/us/archived_2024-annex-tables/2024 Annex 3 Tables/Table_A-201.csv,2996,.csv,ca9b471fd4c78ff3977ed75c79a83a09ff4a4eac65d26f172074c6efdd525fe9,inherited-unverified
datasets/2_scope1_facility_data/national_inventories/us/archived_2024-annex-tables/2024 Annex 3 Tables/Table_A-202.csv,833,.csv,648976dd7aae71c23423623357c603a2f92e172f545e4a42cb350b0cdd4e5342,inherited-unverified
datasets/2_scope1_facility_data/national_inventories/us/archived_2024-annex-tables/2024 Annex 3 Tables/Table_A-203.csv,591,.csv,4ada342f6de09b1d9a918248fdc26d742fa4c8ac64903877ecb1f09778bce351,inherited-unverified
datasets/2_scope1_facility_data/national_inventories/us/archived_2024-annex-tables/2024 Annex 3 Tables/Table_A-204.csv,3118,.csv,18a78c9970a7d783b49137604e09e1d638eaddc7fbd4a97cd3199b5e0bf1e130,inherited-unverified
datasets/2_scope1_facility_data/national_inventories/us/archived_2024-annex-tables/2024 Annex 3 Tables/Table_A-205.csv,3015,.csv,b72726917d4ab155da98d383456d97058800d51339e137e1688aa422f6b67103,inherited-unverified
datasets/2_scope1_facility_data/national_inventories/us/archived_2024-annex-tables/2024 Annex 3 Tables/Table_A-206.csv,4043,.csv,b82cc5ff71ac703a70291f847fc5331567bbaca4fbc64f1fd713719e2688fa17,inherited-unverified
datasets/2_scope1_facility_data/national_inventories/us/archived_2024-annex-tables/2024 Annex 3 Tables/Table_A-207.csv,1788,.csv,81ec9d42ebbc6ef3bfb1970c6f03c5a8554037aaffd57336709c548f1fb52bd1,inherited-unverified
datasets/2_scope1_facility_data/national_inventories/us/archived_2024-annex-tables/2024 Annex 3 Tables/Table_A-208.csv,2216,.csv,9679621082131741ff6795ac4295b7f0e8583f8a59dd3e648c1f079915c0c75e,inherited-unverified
datasets/2_scope1_facility_data/national_inventories/us/archived_2024-annex-tables/2024 Annex 3 Tables/Table_A-209.csv,3889,.csv,167f3e6abfb2c16912c916f68f29fe663e8f7aeee81c637e7309d3e9e1396b00,inherited-unverified
datasets/2_scope1_facility_data/national_inventories/us/archived_2024-annex-tables/2024 Annex 3 Tables/Table_A-210.csv,2786,.csv,3042265ba5abfd06d9f042456593bdf9fafdc13d8f5bdd787cfecadda6b67beb,inherited-unverified
datasets/2_scope1_facility_data/national_inventories/us/archived_2024-annex-tables/2024 Annex 3 Tables/Table_A-211.csv,1705,.csv,237596e69bddc91f4b58527ff6a846a1eea25c315aabe1a8f90575f3e25c5493,inherited-unverified
datasets/2_scope1_facility_data/national_inventories/us/archived_2024-annex-tables/2024 Annex 3 Tables/Table_A-212.csv,3505,.csv,a0be3b72b64a0d2b2f94cb61e70bd103ddcc3e498993cf980bda6e77930f89e4,inherited-unverified
datasets/2_scope1_facility_data/national_inventories/us/archived_2024-annex-tables/2024 Annex 3 Tables/Table_A-213.csv,2584,.csv,a5850b8e6853edb88198e4b48a262d3efbbb72eebd6e90412870986307823042,inherited-unverified
datasets/2_scope1_facility_data/national_inventories/us/archived_2024-annex-tables/2024 Annex 3 Tables/Table_A-214.csv,372,.csv,05ad6b02514b7bf2bb06d3b1a0657908a911417c74cc8a6c8e0b3554158e119b,inherited-unverified
datasets/2_scope1_facility_data/national_inventories/us/archived_2024-annex-tables/2024 Annex 3 Tables/Table_A-215.csv,5003,.csv,505540f9ce6b16ea7bb54ba4cea7c459912c393a3aa797325347c0955b4b24dd,inherited-unverified
datasets/2_scope1_facility_data/national_inventories/us/archived_2024-annex-tables/2024 Annex 3 Tables/Table_A-216.csv,161,.csv,517220f96508624315fba945cf401069f4db29abe5f8b85e5ef0706c1dc3d3ec,inherited-unverified
datasets/2_scope1_facility_data/national_inventories/us/archived_2024-annex-tables/2024 Annex 3 Tables/Table_A-217.csv,641,.csv,accca9822cc03c0f6a4d6e488f444856d3b2fbb632502762fcffa35f8da005d2,inherited-unverified
datasets/2_scope1_facility_data/national_inventories/us/archived_2024-annex-tables/2024 Annex 3 Tables/Table_A-218.csv,396,.csv,d6bac672212fea36eb5c878269b506aa3576085ed54ab24e69db8e1978339903,inherited-unverified
datasets/2_scope1_facility_data/national_inventories/us/archived_2024-annex-tables/2024 Annex 3 Tables/Table_A-219.csv,983,.csv,32754927243154d49b65ca86610e62efb34a5a409496cf9ddbc6a9a565f8da28,inherited-unverified
datasets/2_scope1_facility_data/national_inventories/us/archived_2024-annex-tables/2024 Annex 3 Tables/Table_A-220.csv,318,.csv,ff6574b5453e6e97833bee8012070c16b37910989bea26dca14d42b9931388d8,inherited-unverified
datasets/2_scope1_facility_data/national_inventories/us/archived_2024-annex-tables/2024 Annex 3 Tables/Table_A-221.csv,2109,.csv,97775760146fedad47f2951bf0949cb188d71b6c4dc6f267e6377eb9b72cd011,inherited-unverified
datasets/2_scope1_facility_data/national_inventories/us/archived_2024-annex-tables/2024 Annex 3 Tables/Table_A-222.csv,615,.csv,5d61980cb0d43bb9e4447052b25bdd8e6630a37b2d667f0229fbecc9e91e9ae2,inherited-unverified
datasets/2_scope1_facility_data/national_inventories/us/archived_2024-annex-tables/2024 Annex 3 Tables/Table_A-65.csv,6440,.csv,65a102fb79531782ea2d08ae92fe52b1ba8460980460c9ffdbf57e492933fd52,inherited-unverified
datasets/2_scope1_facility_data/national_inventories/us/archived_2024-annex-tables/2024 Annex 3 Tables/Table_A-66.csv,556,.csv,51533c429fb7660950ea80883535ead0672718879f0540f69e6975b6ab93e4aa,inherited-unverified
datasets/2_scope1_facility_data/national_inventories/us/archived_2024-annex-tables/2024 Annex 3 Tables/Table_A-67.csv,1075,.csv,4593b605ae98f74968008254fdb0e7521f76b9bd8cf191015d7d19016a0cdb0d,inherited-unverified
datasets/2_scope1_facility_data/national_inventories/us/archived_2024-annex-tables/2024 Annex 3 Tables/Table_A-68.csv,9059,.csv,cb126303ab0665b2c09f5d4a3a1c261bbba78c1dd769d3e7e31e281c566d21a6,inherited-unverified
datasets/2_scope1_facility_data/national_inventories/us/archived_2024-annex-tables/2024 Annex 3 Tables/Table_A-69.csv,8250,.csv,70616f57271c86473e37e375e1fecba5f69719f45583c806a4cddb98ce525aad,inherited-unverified
datasets/2_scope1_facility_data/national_inventories/us/archived_2024-annex-tables/2024 Annex 3 Tables/Table_A-70.csv,789,.csv,33407d68ff4d4fe738ac15ab08b3920414106753786e0d1e5cee9da67e075f49,inherited-unverified
datasets/2_scope1_facility_data/national_inventories/us/archived_2024-annex-tables/2024 Annex 3 Tables/Table_A-71.csv,2465,.csv,9f1d395f9f076948cc1b41d9ecf3c87c403c60107d60921e43a4903212a1935f,inherited-unverified
datasets/2_scope1_facility_data/national_inventories/us/archived_2024-annex-tables/2024 Annex 3 Tables/Table_A-72.csv,1546,.csv,6d7c723c1defd11a991dfa5bf34287f22911bc58d8255bbe8197fcaf78f28022,inherited-unverified
datasets/2_scope1_facility_data/national_inventories/us/archived_2024-annex-tables/2024 Annex 3 Tables/Table_A-73.csv,1316,.csv,97dd296bde116d9f62844d252366e64c1e67d58e162aed13386d72dd30cb6e82,inherited-unverified
datasets/2_scope1_facility_data/national_inventories/us/archived_2024-annex-tables/2024 Annex 3 Tables/Table_A-74.csv,9599,.csv,9ce3f0c038b2f22fedf50256ca398210d7096bf25191f29e4d82b8c9d8905393,inherited-unverified
datasets/2_scope1_facility_data/national_inventories/us/archived_2024-annex-tables/2024 Annex 3 Tables/Table_A-75.csv,2077,.csv,588644e691743e5041b07ab98bf88780bb4c731801f0bf294bd2737f68110ae9,inherited-unverified
datasets/2_scope1_facility_data/national_inventories/us/archived_2024-annex-tables/2024 Annex 3 Tables/Table_A-76.csv,2866,.csv,5887f3d79b61e4e56cf8d2c4a1875c0e69a94153cc86e293ee2041ccf334dcfd,inherited-unverified
datasets/2_scope1_facility_data/national_inventories/us/archived_2024-annex-tables/2024 Annex 3 Tables/Table_A-77.csv,2383,.csv,a29ffa466b8c949349713c2e015b15350f4d574d250f1397b8de1605d1ec6da7,inherited-unverified
datasets/2_scope1_facility_data/national_inventories/us/archived_2024-annex-tables/2024 Annex 3 Tables/Table_A-78.csv,5788,.csv,77d1728cf618158ca4b74963504830e3aff99defdb7f18828dd189d45c29480e,inherited-unverified
datasets/2_scope1_facility_data/national_inventories/us/archived_2024-annex-tables/2024 Annex 3 Tables/Table_A-79.csv,2852,.csv,57b2af1dd6d3b9b914707e5cebb2b0dc5f39c8333dbdd94f8b1b218b069f002a,inherited-unverified
datasets/2_scope1_facility_data/national_inventories/us/archived_2024-annex-tables/2024 Annex 3 Tables/Table_A-80.csv,3331,.csv,19475328a479cb74854a3dce9f7dac4df8ae08a30ea3780d4c7e6067f48f3036,inherited-unverified
datasets/2_scope1_facility_data/national_inventories/us/archived_2024-annex-tables/2024 Annex 3 Tables/Table_A-81.csv,3140,.csv,f6ddb408678b28b4f1d0d69170c5f9beadd6f525e61d38ab72cb787ca876b484,inherited-unverified
datasets/2_scope1_facility_data/national_inventories/us/archived_2024-annex-tables/2024 Annex 3 Tables/Table_A-82.csv,702,.csv,60725cc3f6298fbdc06e281c0ef8af12281f17c713bb653731b0c9972b6ebd72,inherited-unverified
datasets/2_scope1_facility_data/national_inventories/us/archived_2024-annex-tables/2024 Annex 3 Tables/Table_A-83.csv,1989,.csv,61aef7de396aa2dcff1fe331bfe3737f5530d83bd7f5a6e601f93ec4492e1a10,inherited-unverified
datasets/2_scope1_facility_data/national_inventories/us/archived_2024-annex-tables/2024 Annex 3 Tables/Table_A-84.csv,7993,.csv,37b610975784d532322ec45bbbb3beaab1bd7f5027d7e6c8acae8f5f757f25d3,inherited-unverified
datasets/2_scope1_facility_data/national_inventories/us/archived_2024-annex-tables/2024 Annex 3 Tables/Table_A-85.csv,7948,.csv,cff8fd04625cb7174ef9dd4f202ee30cb168d734863fd01833ea609f49d5b171,inherited-unverified
datasets/2_scope1_facility_data/national_inventories/us/archived_2024-annex-tables/2024 Annex 3 Tables/Table_A-86.csv,12295,.csv,c1ddd96fdeef05244fed6d3c1e5281f2c72147aa0d216f0b7e0906c3d428d606,inherited-unverified
datasets/2_scope1_facility_data/national_inventories/us/archived_2024-annex-tables/2024 Annex 3 Tables/Table_A-87.csv,11975,.csv,527c7fd61aea75bc26b469bcc581a180c279915ac2ec97c35754c808a8419bd8,inherited-unverified
datasets/2_scope1_facility_data/national_inventories/us/archived_2024-annex-tables/2024 Annex 3 Tables/Table_A-88.csv,2571,.csv,d2098cc100207751dd92b70632bff5467071fab5e73a8e44632969b8f73267b2,inherited-unverified
datasets/2_scope1_facility_data/national_inventories/us/archived_2024-annex-tables/2024 Annex 3 Tables/Table_A-89.csv,2244,.csv,dca12399f732161e2f04cc6df2637e0ae2565c5f3fc135080a83809b01c64b2c,inherited-unverified
datasets/2_scope1_facility_data/national_inventories/us/archived_2024-annex-tables/2024 Annex 3 Tables/Table_A-90.csv,17408,.csv,865dba473af9c7679ff1cfff84bc273a0964403e7617df1a7bf07b2f1a7013a2,inherited-unverified
datasets/2_scope1_facility_data/national_inventories/us/archived_2024-annex-tables/2024 Annex 3 Tables/Table_A-91.csv,3482,.csv,a0a887c5b66518ef934cdb584d38e827cbc6813496e0d5be52a2c20611def240,inherited-unverified
datasets/2_scope1_facility_data/national_inventories/us/archived_2024-annex-tables/2024 Annex 3 Tables/Table_A-92.csv,4626,.csv,0f4a320372104cba26c6979b8b46e0aad95d9956bba0c667f0e4bdfdb68062ad,inherited-unverified
datasets/2_scope1_facility_data/national_inventories/us/archived_2024-annex-tables/2024 Annex 3 Tables/Table_A-93.csv,3665,.csv,d009cadfb361240859a2672a5f5b0651b54e10a3c3906791d2e19731e93d35a7,inherited-unverified
datasets/2_scope1_facility_data/national_inventories/us/archived_2024-annex-tables/2024 Annex 3 Tables/Table_A-94.csv,9709,.csv,b1e0d0053f1c451d34cf402356beb86b333934674b207b8a78c201f0433c7c04,inherited-unverified
datasets/2_scope1_facility_data/national_inventories/us/archived_2024-annex-tables/2024 Annex 3 Tables/Table_A-95.csv,3247,.csv,8728bce87b5e6478b791b14400a4fe63d8de5a2d9adaa2e333f93bd9cd7b206a,inherited-unverified
datasets/2_scope1_facility_data/national_inventories/us/archived_2024-annex-tables/2024 Annex 3 Tables/Table_A-96.csv,1605,.csv,c72003b15ca917d9c981ce4a8066d6791610990160b6ec7825ff3e082cfce326,inherited-unverified
datasets/2_scope1_facility_data/national_inventories/us/archived_2024-annex-tables/2024 Annex 3 Tables/Table_A-97.csv,9872,.csv,bbde8b9d03e9ffe3c968043d6f44e951423f82a22cbe14cea558d98e2a36dc22,inherited-unverified
datasets/2_scope1_facility_data/national_inventories/us/archived_2024-annex-tables/2024 Annex 3 Tables/Table_A-98.csv,1502,.csv,254ad361779e1eb0a577de63e18f0196ef1c6a6460479ffdbedb468e658786ff,inherited-unverified
datasets/2_scope1_facility_data/national_inventories/us/archived_2024-annex-tables/2024 Annex 3 Tables/Table_A-99.csv,1363,.csv,bbd1f95c685f5179862a48f3ffd0bd9ab0dd398c7b3e2d9dcc37794ee1bd85f8,inherited-unverified
datasets/2_scope1_facility_data/national_inventories/us/archived_2024-annex-tables/2024 Annex 4 Tables/Table_A-223.csv,1713,.csv,b1dc42153dfee8d2b869e5612151cd004730f02ddeb0ddf7980538f44ef467ef,inherited-unverified
datasets/2_scope1_facility_data/national_inventories/us/archived_2024-annex-tables/2024 Annex 4 Tables/Table_A-224.csv,1663,.csv,00832e3c4d912a4d037bb4c426bc2a8198e9adbb1df5ebf1a868e278e1d91925,inherited-unverified
datasets/2_scope1_facility_data/national_inventories/us/archived_2024-annex-tables/2024 Annex 4 Tables/Table_A-225.csv,1881,.csv,1ed6c1d514550d2cb73beffa91fab34a77c6cbc8d2fce9b76c3650030db49879,inherited-unverified
datasets/2_scope1_facility_data/national_inventories/us/archived_2024-annex-tables/2024 Annex 4 Tables/Table_A-226.csv,1519,.csv,bf89a42ea2a1f7ab18d12a4441b94970ad92eb4655db9e816368c04f088edc2a,inherited-unverified
datasets/2_scope1_facility_data/national_inventories/us/archived_2024-annex-tables/2024 Annex 4 Tables/Table_A-227.csv,926,.csv,0c305f39cb0168215beeeb0ddea5c08a4b1a11522644ed5bc9e0d9494d6ab55e,inherited-unverified
datasets/2_scope1_facility_data/national_inventories/us/archived_2024-annex-tables/2024 Annex 4 Tables/Table_A-228.csv,431,.csv,f72d8feca45ed2693cc15ad11933c32f62cc1f89c905f38b29819d3ed8d548b9,inherited-unverified
datasets/2_scope1_facility_data/national_inventories/us/archived_2024-annex-tables/2024 Annex 4 Tables/Table_A-229.csv,3722,.csv,0199bfb88f175118ca7ffbdb6a053bf3dbb57d207c91cf150ce22458d16bdd89,inherited-unverified
datasets/2_scope1_facility_data/national_inventories/us/archived_2024-annex-tables/2024 Annex 4 Tables/Table_A-230.csv,3765,.csv,fb9941ac391dea309afe70f04b1fcd196f338d81a07596b61a102c5e632f67b5,inherited-unverified
datasets/2_scope1_facility_data/national_inventories/us/archived_2024-annex-tables/2024 Annex 5 Tables/Table_A-231.csv,29055,.csv,50b5a3c9d38361625ad8f3eb5b88847e357b2f04e75d945512bb3a5a9df13674,inherited-unverified
datasets/2_scope1_facility_data/national_inventories/us/archived_2024-annex-tables/2024 Annex 5 Tables/Table_A-232.csv,4218,.csv,a91685a9d6e2b3562b2d4488f11df844c7544594f3d9b93edf20ccf15f7d97d6,inherited-unverified
datasets/2_scope1_facility_data/national_inventories/us/archived_2024-annex-tables/2024 Annex 6 Tables/Table_A-233.csv,1943,.csv,e773dfdf74122eb700839cf77ced81af93f3790846bf75ee18419d44d4865428,inherited-unverified
datasets/2_scope1_facility_data/national_inventories/us/archived_2024-annex-tables/2024 Annex 6 Tables/Table_A-234.csv,3874,.csv,1675e4b37649c620059bbe7d7008ffeafe90343d53e65441738ff1aa25710c76,inherited-unverified
datasets/2_scope1_facility_data/national_inventories/us/archived_2024-annex-tables/2024 Annex 6 Tables/Table_A-235.csv,1370,.csv,c1d5f810f2842f3c1b5ec9db19c5a31e195be5e4b0c276e79c9e3df88319799a,inherited-unverified
datasets/2_scope1_facility_data/national_inventories/us/archived_2024-annex-tables/2024 Annex 6 Tables/Table_A-236.csv,3127,.csv,35ed923bd3e67b26f91e4e849241a474328cb1fe475a6949317eb2ff31a3141d,inherited-unverified
datasets/2_scope1_facility_data/national_inventories/us/archived_2024-annex-tables/2024 Annex 6 Tables/Table_A-237.csv,3420,.csv,f0049c7ee155c56db9ffb940892248d427397a774005ebb03ef0633a3ca687c4,inherited-unverified
datasets/2_scope1_facility_data/national_inventories/us/archived_2024-annex-tables/2024 Annex 6 Tables/Table_A-238.csv,2658,.csv,633dac80d7452beff65729375cc1a2f18220a193bad55bd27206a46a06c50bc8,inherited-unverified
datasets/2_scope1_facility_data/national_inventories/us/archived_2024-annex-tables/2024 Annex 6 Tables/Table_A-239.csv,2886,.csv,a19fefce8849be5e9d29f4b4d59ab776d311be60b6ba21f79990c60bf5c2ea23,inherited-unverified
datasets/2_scope1_facility_data/national_inventories/us/archived_2024-annex-tables/2024 Annex 6 Tables/Table_A-240.csv,1064,.csv,1c26d93132efc4bdaec6ee5fdb38f479a3ec223828daefc087b3cc7daac74e70,inherited-unverified
datasets/2_scope1_facility_data/national_inventories/us/archived_2024-annex-tables/2024 Annex 6 Tables/Table_A-241.csv,1696,.csv,91d4905e8b5b1771339188e2532137797251c98f030053b39a6f06601fed9772,inherited-unverified
datasets/2_scope1_facility_data/national_inventories/us/archived_2024-annex-tables/2024 Annex 6 Tables/Table_A-242.csv,3771,.csv,576b58dfd092a2f30ae407911157cb45f30cf7fac497df44f7a26aef630c0e76,inherited-unverified
datasets/2_scope1_facility_data/national_inventories/us/archived_2024-annex-tables/2024 Annex 6 Tables/Table_A-243.csv,377,.csv,2b4f55de1e0cc346ed5712de6fb54d02c5f2003e4b2de65ab7261dad7be9d8a6,inherited-unverified
datasets/2_scope1_facility_data/national_inventories/us/archived_2024-annex-tables/2024 Annex 6 Tables/Table_A-244.csv,871,.csv,1cc61c736a0d8e7f940a13954eeb98161527d01032c183d26a996eb9dd6fdcd7,inherited-unverified
datasets/2_scope1_facility_data/national_inventories/us/archived_2024-annex-tables/2024 Annex 6 Tables/Table_A-245.csv,3417,.csv,57b7fc04ccb07fa474a4ab9a311b1087cc03ad0af1aae65be82d627b876bbc11,inherited-unverified
datasets/2_scope1_facility_data/national_inventories/us/archived_2024-annex-tables/2024 Annex 7 Tables/Table_A-246.csv,5781,.csv,42a938a01f568de81c4cc4b96f1d9552bae1fe8b05f090ff18de662947ba989f,inherited-unverified
datasets/2_scope1_facility_data/national_inventories/us/archived_2024-annex-tables/2024 Annex 7 Tables/Table_A-247.csv,3088,.csv,cea6be6479b20ace49a56988803f42867e979095b5eab22512410af05b8e3045,inherited-unverified
datasets/2_scope1_facility_data/national_inventories/us/archived_2024-annex-tables/2024 Annex 7 Tables/Table_A-248.csv,3049,.csv,cc1abe03c8ed5cbe084c097b7e02545b45087c12a4cd55718599d5c26d97e8f7,inherited-unverified
datasets/2_scope1_facility_data/national_inventories/us/archived_2024-annex-tables/2024 Annex 7 Tables/Table_A-249.csv,5992,.csv,5f078a7457d8a807014fe94d87616d85d0302a2b6bbd712427991b5f21049eba,inherited-unverified
datasets/2_scope1_facility_data/national_inventories/us/archived_2024-annex-tables/2024 Annex 8 Tables/Table_A-250.csv,5074,.csv,c57a0515fbf5187390187c9acd26a86f2fc9f34b3ead6213909460e4734a8b56,inherited-unverified
datasets/2_scope1_facility_data/national_inventories/us/archived_2024-annex-tables/2024 Annex 8 Tables/Table_A-251.csv,180947,.csv,44c0b400f51b9700c07eee8d6f15cad9a8f4cc26c32b3b50e96123209a82ce85,inherited-unverified
datasets/2_scope1_facility_data/national_inventories/us/archived_2024-annex-tables/2024 Annex 9 Tables/Table_A-252.csv,3853,.csv,7f3a2c154f724bd2f2f2c9a92cd46d9804caccd9feadd5354ff6b6f260859dcf,inherited-unverified
datasets/2_scope1_facility_data/national_inventories/us/archived_2024_annex-9-tables_A_252.csv,3853,.csv,7f3a2c154f724bd2f2f2c9a92cd46d9804caccd9feadd5354ff6b6f260859dcf,inherited-unverified
datasets/2_scope1_facility_data/national_inventories/us/archived_annex-3-part-a/Table_A-100.csv,959,.csv,05ded9aa25980d801d6896240e6670ae675ad516b3591c576fa9d5fe7e56220e,inherited-unverified
datasets/2_scope1_facility_data/national_inventories/us/archived_annex-3-part-a/Table_A-101.csv,6765,.csv,d49c90740a48444fd5e18b1804ef163f1c6216e9c2f793f9247754eaccb4a419,inherited-unverified
datasets/2_scope1_facility_data/national_inventories/us/archived_annex-3-part-a/Table_A-102.csv,1398,.csv,cd6648b7db276dc4a314e02ad2c319ce76fcbb09dfac958bfc75669f21f6dd3c,inherited-unverified
datasets/2_scope1_facility_data/national_inventories/us/archived_annex-3-part-a/Table_A-103.csv,456,.csv,8fe506b41db7d11cb474fb22438036b843c49243c065af9dd5d4bb52f9107793,inherited-unverified
datasets/2_scope1_facility_data/national_inventories/us/archived_annex-3-part-a/Table_A-104.csv,915,.csv,5c5f2e97f1a0303ecb030834890fc791709d600eb5e595576b77393fc9704146,inherited-unverified
datasets/2_scope1_facility_data/national_inventories/us/archived_annex-3-part-a/Table_A-105.csv,357,.csv,7efb35578539a29b68cf3e1da2d230552389dd5d8a3f7fda5e1f9f0ccf312db9,inherited-unverified
datasets/2_scope1_facility_data/national_inventories/us/archived_annex-3-part-a/Table_A-106.csv,6102,.csv,b7a958a149020684d11899d8a377b597eb6084368bdfd2b104a6fbb09cb460e5,inherited-unverified
datasets/2_scope1_facility_data/national_inventories/us/archived_annex-3-part-a/Table_A-107.csv,3950,.csv,23c849464ac1f1f0e227404d01a41da585b35287ba483f170d7a925262d66ad3,inherited-unverified
datasets/2_scope1_facility_data/national_inventories/us/archived_annex-3-part-a/Table_A-108.csv,1141,.csv,4473ec8ad63569e4feb7e35ed97ecbabe5cb9781679538e22a9406cc883a5120,inherited-unverified
datasets/2_scope1_facility_data/national_inventories/us/archived_annex-3-part-a/Table_A-109.csv,281,.csv,c91ebaa727c40d868cb3ef1de177d4f9ba43d9055d89f91db9a7bc9e853d48ec,inherited-unverified
datasets/2_scope1_facility_data/national_inventories/us/archived_annex-3-part-a/Table_A-110.csv,526,.csv,eff5d0f5e40acbc8484ec8ade81666f528d35faea81ff2ef8cb2d8f60284db15,inherited-unverified
datasets/2_scope1_facility_data/national_inventories/us/archived_annex-3-part-a/Table_A-111.csv,577,.csv,943e44db2121ee99c11ee344a050c3c1a42c76dace17bd4e857fe18c00b637ca,inherited-unverified
datasets/2_scope1_facility_data/national_inventories/us/archived_annex-3-part-a/Table_A-112.csv,796,.csv,5e723938ecdfddfea141f6018b062aebac4aaaf42473a875ef77e181adefc74f,inherited-unverified
datasets/2_scope1_facility_data/national_inventories/us/archived_annex-3-part-a/Table_A-113.csv,26760,.csv,706263f47ced406d4bfeef781d119ab805eeffa2a5051d8181665b43d89cf4ba,inherited-unverified
datasets/2_scope1_facility_data/national_inventories/us/archived_annex-3-part-a/Table_A-114.csv,2181,.csv,009cdf544a9ed4f4e7dc59a8c54a5f3f60fb82d74f252bde3707c4a1b659407f,inherited-unverified
datasets/2_scope1_facility_data/national_inventories/us/archived_annex-3-part-a/Table_A-115.csv,2024,.csv,de83021c4a70286304908e59029104ac11aa68192ebba93198bf11d35f3e3f58,inherited-unverified
datasets/2_scope1_facility_data/national_inventories/us/archived_annex-3-part-a/Table_A-116.csv,1723,.csv,ad0e71e9b500630a8f7bf8c5aa9fec8a100736e204df7f4409035b61fdf685da,inherited-unverified
datasets/2_scope1_facility_data/national_inventories/us/archived_annex-3-part-a/Table_A-117.csv,8027,.csv,e790ca7740fc6cd11b367b27d2933482a93aabbe0a074a474e0890160c433958,inherited-unverified
datasets/2_scope1_facility_data/national_inventories/us/archived_annex-3-part-a/Table_A-118.csv,2060,.csv,09cf15a55f5cb9adf2646ba11265140b446288583c6f8e5dc55fde64486c25e6,inherited-unverified
datasets/2_scope1_facility_data/national_inventories/us/archived_annex-3-part-a/Table_A-119.csv,949,.csv,4fb5f363fc69ea7ac1b8046e449d3e5c9840e536978f5a1ad4b268f2a92d650f,inherited-unverified
datasets/2_scope1_facility_data/national_inventories/us/archived_annex-3-part-a/Table_A-120.csv,1320,.csv,da8302aa7538ad6a05389b5e89ad7404026ec9e19e8068dc69b1a4a002903f13,inherited-unverified
datasets/2_scope1_facility_data/national_inventories/us/archived_annex-3-part-a/Table_A-121.csv,535,.csv,59dd40b1ce4ee421035eaa09d194b8165059c3aa059cb8c2e5ccdded230d87d0,inherited-unverified
datasets/2_scope1_facility_data/national_inventories/us/archived_annex-3-part-a/Table_A-122.csv,1726,.csv,6c19b508bdf903b73146786289a9f8303fab84f5272c29337ace70c554390a75,inherited-unverified
datasets/2_scope1_facility_data/national_inventories/us/archived_annex-3-part-a/Table_A-123.csv,1557,.csv,1368080c446969f8bad6a609cff534b5f6c55d53e614c7770ade797a3476379a,inherited-unverified
datasets/2_scope1_facility_data/national_inventories/us/archived_annex-3-part-a/Table_A-65.csv,6440,.csv,65a102fb79531782ea2d08ae92fe52b1ba8460980460c9ffdbf57e492933fd52,inherited-unverified
datasets/2_scope1_facility_data/national_inventories/us/archived_annex-3-part-a/Table_A-66.csv,556,.csv,51533c429fb7660950ea80883535ead0672718879f0540f69e6975b6ab93e4aa,inherited-unverified
datasets/2_scope1_facility_data/national_inventories/us/archived_annex-3-part-a/Table_A-67.csv,1075,.csv,4593b605ae98f74968008254fdb0e7521f76b9bd8cf191015d7d19016a0cdb0d,inherited-unverified
datasets/2_scope1_facility_data/national_inventories/us/archived_annex-3-part-a/Table_A-68.csv,9059,.csv,cb126303ab0665b2c09f5d4a3a1c261bbba78c1dd769d3e7e31e281c566d21a6,inherited-unverified
datasets/2_scope1_facility_data/national_inventories/us/archived_annex-3-part-a/Table_A-69.csv,8250,.csv,70616f57271c86473e37e375e1fecba5f69719f45583c806a4cddb98ce525aad,inherited-unverified
datasets/2_scope1_facility_data/national_inventories/us/archived_annex-3-part-a/Table_A-70.csv,789,.csv,33407d68ff4d4fe738ac15ab08b3920414106753786e0d1e5cee9da67e075f49,inherited-unverified
datasets/2_scope1_facility_data/national_inventories/us/archived_annex-3-part-a/Table_A-71.csv,2465,.csv,9f1d395f9f076948cc1b41d9ecf3c87c403c60107d60921e43a4903212a1935f,inherited-unverified
datasets/2_scope1_facility_data/national_inventories/us/archived_annex-3-part-a/Table_A-72.csv,1546,.csv,6d7c723c1defd11a991dfa5bf34287f22911bc58d8255bbe8197fcaf78f28022,inherited-unverified
datasets/2_scope1_facility_data/national_inventories/us/archived_annex-3-part-a/Table_A-73.csv,1316,.csv,97dd296bde116d9f62844d252366e64c1e67d58e162aed13386d72dd30cb6e82,inherited-unverified
datasets/2_scope1_facility_data/national_inventories/us/archived_annex-3-part-a/Table_A-74.csv,9599,.csv,9ce3f0c038b2f22fedf50256ca398210d7096bf25191f29e4d82b8c9d8905393,inherited-unverified
datasets/2_scope1_facility_data/national_inventories/us/archived_annex-3-part-a/Table_A-75.csv,2077,.csv,588644e691743e5041b07ab98bf88780bb4c731801f0bf294bd2737f68110ae9,inherited-unverified
datasets/2_scope1_facility_data/national_inventories/us/archived_annex-3-part-a/Table_A-76.csv,2866,.csv,5887f3d79b61e4e56cf8d2c4a1875c0e69a94153cc86e293ee2041ccf334dcfd,inherited-unverified
datasets/2_scope1_facility_data/national_inventories/us/archived_annex-3-part-a/Table_A-77.csv,2383,.csv,a29ffa466b8c949349713c2e015b15350f4d574d250f1397b8de1605d1ec6da7,inherited-unverified
datasets/2_scope1_facility_data/national_inventories/us/archived_annex-3-part-a/Table_A-78.csv,5788,.csv,77d1728cf618158ca4b74963504830e3aff99defdb7f18828dd189d45c29480e,inherited-unverified
datasets/2_scope1_facility_data/national_inventories/us/archived_annex-3-part-a/Table_A-79.csv,2852,.csv,57b2af1dd6d3b9b914707e5cebb2b0dc5f39c8333dbdd94f8b1b218b069f002a,inherited-unverified
datasets/2_scope1_facility_data/national_inventories/us/archived_annex-3-part-a/Table_A-80.csv,3332,.csv,02c6fce80ab9b3d631a36c32653902560f33b77a0bc806ea0b363ff33d57dc64,inherited-unverified
datasets/2_scope1_facility_data/national_inventories/us/archived_annex-3-part-a/Table_A-81.csv,3142,.csv,f5a75bc2c399693e257ec0276c7b0d7a89803beb061bee864431db344a61a4bc,inherited-unverified
datasets/2_scope1_facility_data/national_inventories/us/archived_annex-3-part-a/Table_A-82.csv,702,.csv,60725cc3f6298fbdc06e281c0ef8af12281f17c713bb653731b0c9972b6ebd72,inherited-unverified
datasets/2_scope1_facility_data/national_inventories/us/archived_annex-3-part-a/Table_A-83.csv,2001,.csv,e93a3b44d98dc2ef7a3af237e8a003bab84e027de75cc34a975e6178ce498e22,inherited-unverified
datasets/2_scope1_facility_data/national_inventories/us/archived_annex-3-part-a/Table_A-84.csv,7993,.csv,37b610975784d532322ec45bbbb3beaab1bd7f5027d7e6c8acae8f5f757f25d3,inherited-unverified
datasets/2_scope1_facility_data/national_inventories/us/archived_annex-3-part-a/Table_A-85.csv,7948,.csv,cff8fd04625cb7174ef9dd4f202ee30cb168d734863fd01833ea609f49d5b171,inherited-unverified
datasets/2_scope1_facility_data/national_inventories/us/archived_annex-3-part-a/Table_A-86.csv,12295,.csv,c1ddd96fdeef05244fed6d3c1e5281f2c72147aa0d216f0b7e0906c3d428d606,inherited-unverified
datasets/2_scope1_facility_data/national_inventories/us/archived_annex-3-part-a/Table_A-87.csv,11975,.csv,527c7fd61aea75bc26b469bcc581a180c279915ac2ec97c35754c808a8419bd8,inherited-unverified
datasets/2_scope1_facility_data/national_inventories/us/archived_annex-3-part-a/Table_A-88.csv,2549,.csv,cdcd046184106b3c9f45c115fe192e502c7cf535786bbbddd3c5860c0c48da22,inherited-unverified
datasets/2_scope1_facility_data/national_inventories/us/archived_annex-3-part-a/Table_A-89.csv,2244,.csv,dca12399f732161e2f04cc6df2637e0ae2565c5f3fc135080a83809b01c64b2c,inherited-unverified
datasets/2_scope1_facility_data/national_inventories/us/archived_annex-3-part-a/Table_A-90.csv,17408,.csv,865dba473af9c7679ff1cfff84bc273a0964403e7617df1a7bf07b2f1a7013a2,inherited-unverified
datasets/2_scope1_facility_data/national_inventories/us/archived_annex-3-part-a/Table_A-91.csv,3482,.csv,a0a887c5b66518ef934cdb584d38e827cbc6813496e0d5be52a2c20611def240,inherited-unverified
datasets/2_scope1_facility_data/national_inventories/us/archived_annex-3-part-a/Table_A-92.csv,4626,.csv,0f4a320372104cba26c6979b8b46e0aad95d9956bba0c667f0e4bdfdb68062ad,inherited-unverified
datasets/2_scope1_facility_data/national_inventories/us/archived_annex-3-part-a/Table_A-93.csv,3665,.csv,d009cadfb361240859a2672a5f5b0651b54e10a3c3906791d2e19731e93d35a7,inherited-unverified
datasets/2_scope1_facility_data/national_inventories/us/archived_annex-3-part-a/Table_A-94.csv,9709,.csv,b1e0d0053f1c451d34cf402356beb86b333934674b207b8a78c201f0433c7c04,inherited-unverified
datasets/2_scope1_facility_data/national_inventories/us/archived_annex-3-part-a/Table_A-95.csv,3247,.csv,8728bce87b5e6478b791b14400a4fe63d8de5a2d9adaa2e333f93bd9cd7b206a,inherited-unverified
datasets/2_scope1_facility_data/national_inventories/us/archived_annex-3-part-a/Table_A-96.csv,1605,.csv,c72003b15ca917d9c981ce4a8066d6791610990160b6ec7825ff3e082cfce326,inherited-unverified
datasets/2_scope1_facility_data/national_inventories/us/archived_annex-3-part-a/Table_A-97.csv,9872,.csv,bbde8b9d03e9ffe3c968043d6f44e951423f82a22cbe14cea558d98e2a36dc22,inherited-unverified
datasets/2_scope1_facility_data/national_inventories/us/archived_annex-3-part-a/Table_A-98.csv,1502,.csv,254ad361779e1eb0a577de63e18f0196ef1c6a6460479ffdbedb468e658786ff,inherited-unverified
datasets/2_scope1_facility_data/national_inventories/us/archived_annex-3-part-a/Table_A-99.csv,1363,.csv,bbd1f95c685f5179862a48f3ffd0bd9ab0dd398c7b3e2d9dcc37794ee1bd85f8,inherited-unverified
datasets/2_scope1_facility_data/national_inventories/us/archived_annex-3-part-b/Table_A-124.csv,2639,.csv,f7f581ea79ebf2742357b0c3e57eb409a4e05dae5dc21297bbfdffaa3283a01d,inherited-unverified
datasets/2_scope1_facility_data/national_inventories/us/archived_annex-3-part-b/Table_A-125.csv,4481,.csv,c8ad38f649df3a423e1a110d8871eb83119db3a45d4d66f069774b404a5e81d5,inherited-unverified
datasets/2_scope1_facility_data/national_inventories/us/archived_annex-3-part-b/Table_A-126.csv,319,.csv,2a3a7aca3f311a9887701f34103b31fcd24e587472a56975c13c3c980e79ee70,inherited-unverified
datasets/2_scope1_facility_data/national_inventories/us/archived_annex-3-part-b/Table_A-127.csv,149,.csv,e164b442444f17ab95306dbfb9b6021a82b2e37a6dbdc51f0bc9c9967b57e6d7,inherited-unverified
datasets/2_scope1_facility_data/national_inventories/us/archived_annex-3-part-b/Table_A-128.csv,1285,.csv,eeb2c23ddeb4e40ba217e70d1ed1c3a376e4ee3d4c1bdf472766088d3abd0d33,inherited-unverified
datasets/2_scope1_facility_data/national_inventories/us/archived_annex-3-part-b/Table_A-129.csv,1553,.csv,0a76d4f9fa80ce976f1b03e00468af21bde1f5febb5c21eef836dbca3fdbcc60,inherited-unverified
datasets/2_scope1_facility_data/national_inventories/us/archived_annex-3-part-b/Table_A-130.csv,2254,.csv,7235f6d8c9658883b2f6e78d1709513880ff445adbaac6271f2ad0b3f01764db,inherited-unverified
datasets/2_scope1_facility_data/national_inventories/us/archived_annex-3-part-b/Table_A-131.csv,666,.csv,788b0d0dd4bcefb7fdab2201d5e4d2fc05f2569b37628bd52a5f6078f0385e5b,inherited-unverified
datasets/2_scope1_facility_data/national_inventories/us/archived_annex-3-part-b/Table_A-132.csv,633,.csv,0130009801a9be576164354db24847b17ed4fceedcd7e5285f7e85fcbba38aae,inherited-unverified
datasets/2_scope1_facility_data/national_inventories/us/archived_annex-3-part-b/Table_A-133.csv,229,.csv,d217623568a0ad5397b76bca710a41e4df50884ee3c6c5c1b6cb6c18645faaea,inherited-unverified
datasets/2_scope1_facility_data/national_inventories/us/archived_annex-3-part-b/Table_A-134.csv,15690,.csv,e32871c4e7fa0cb9431b33cb7e6590a8967c9022a7cea66e06b53677b37a74f7,inherited-unverified
datasets/2_scope1_facility_data/national_inventories/us/archived_annex-3-part-b/Table_A-135.csv,754,.csv,aa0c421439d35f6d7e2cc1687d14619f97adbea436fc5ecf92f9f9fbe793c5a0,inherited-unverified
datasets/2_scope1_facility_data/national_inventories/us/archived_annex-3-part-b/Table_A-136.csv,904,.csv,2b46ef4e2162f8ef8cce33bbd7e741dce33ba6c319f9450854fa12b83ded5bba,inherited-unverified
datasets/2_scope1_facility_data/national_inventories/us/archived_annex-3-part-b/Table_A-137.csv,3916,.csv,5bb45f29fd6bc68bad2f700436fb85c95b6b81b1d8d099475e49a36cbb80bc0b,inherited-unverified
datasets/2_scope1_facility_data/national_inventories/us/archived_annex-3-part-b/Table_A-138.csv,1350,.csv,e7591a3df535b4c7574e83157911f3397315bdf73eb2b39c1046490ed0ecd1c6,inherited-unverified
datasets/2_scope1_facility_data/national_inventories/us/archived_annex-3-part-b/Table_A-139.csv,1408,.csv,6e8cedee9e8193874b37f8136907f6a9fcc21a1401e3fde07c5769d298c2dcd6,inherited-unverified
datasets/2_scope1_facility_data/national_inventories/us/archived_annex-3-part-b/Table_A-140.csv,924,.csv,cbc164aae3ffceb636f4a478a8f7818501dc5c7631e1b62c9a21dcbbb7574365,inherited-unverified
datasets/2_scope1_facility_data/national_inventories/us/archived_annex-3-part-b/Table_A-141.csv,1136,.csv,9575bc9e45e5ef4b63e1edacb3c91594b33de98bebf6c73ea00e836fd6162252,inherited-unverified
datasets/2_scope1_facility_data/national_inventories/us/archived_annex-3-part-b/Table_A-142.csv,4605,.csv,ded234e5ed47730dde8271efc5801f8bc16c45fc223108e087d9d48d650dc522,inherited-unverified
datasets/2_scope1_facility_data/national_inventories/us/archived_annex-3-part-b/Table_A-143.csv,1990,.csv,8432df85c926bfbe823a60bdbe5ce1d6923760a02929b096ce90997d651815e7,inherited-unverified
datasets/2_scope1_facility_data/national_inventories/us/archived_annex-3-part-b/Table_A-144.csv,2843,.csv,c937dc0a10732ccab8ceb7a862deafe0d0bf464f00b256835ca59bbd12a6871b,inherited-unverified
datasets/2_scope1_facility_data/national_inventories/us/archived_annex-3-part-b/Table_A-145.csv,1134,.csv,892e8ec19ed47651bf5c585de6b7bc5226071288103c153b3cd87e9561fb9bce,inherited-unverified
datasets/2_scope1_facility_data/national_inventories/us/archived_annex-3-part-b/Table_A-146.csv,3834,.csv,7dbe81e7432ecd8f46a154a1796b1a8fc51fc4129d7cea16dfdb346a3a1900c9,inherited-unverified
datasets/2_scope1_facility_data/national_inventories/us/archived_annex-3-part-b/Table_A-147.csv,3553,.csv,91ca09d872e059b5e57b9ca936ce5000186f46bc2516751107640bd0a0bca859,inherited-unverified
datasets/2_scope1_facility_data/national_inventories/us/archived_annex-3-part-b/Table_A-148.csv,290,.csv,775c87c88576fabcf21be871309a12187d83e5fab6204d61063abc2618acf79d,inherited-unverified
datasets/2_scope1_facility_data/national_inventories/us/archived_annex-3-part-b/Table_A-149.csv,2230,.csv,68d37db61f605e274b095ec16c69a545a05607c0e5fcc75db48550b3341f163e,inherited-unverified
datasets/2_scope1_facility_data/national_inventories/us/archived_annex-3-part-b/Table_A-150.csv,2241,.csv,3e4090edffebea6e7c401eb9bcb035227c27f74cd58d03ca4f96cc889be24d84,inherited-unverified
datasets/2_scope1_facility_data/national_inventories/us/archived_annex-3-part-b/Table_A-151.csv,5196,.csv,d7a0df72e4f350b4361b22c3394e9aa48da7327d8c4d44b776c5a77fb549f6ce,inherited-unverified
datasets/2_scope1_facility_data/national_inventories/us/archived_annex-3-part-b/Table_A-152.csv,4591,.csv,1534e0011bb0fc4b1d17a3725f351e111a9be055e78e3d569ae89cab624828bf,inherited-unverified
datasets/2_scope1_facility_data/national_inventories/us/archived_annex-3-part-b/Table_A-153.csv,2433,.csv,ff15b4df62a646bb66a0fcbc7523e01136f446b4c3bd39b9ac999afa6d66f2c9,inherited-unverified
datasets/2_scope1_facility_data/national_inventories/us/archived_annex-3-part-b/Table_A-154.csv,2770,.csv,ed2f02d08f6628ee7aa361b466e9d78cb0e308ee486bca0a4d57badf9bdf6813,inherited-unverified
datasets/2_scope1_facility_data/national_inventories/us/archived_annex-3-part-b/Table_A-155.csv,9957,.csv,eb93585ea7fe002245cc9537b8345f055a2cefc38d0d8c2880c4c1e0fd7a6ef3,inherited-unverified
datasets/2_scope1_facility_data/national_inventories/us/archived_annex-3-part-b/Table_A-156.csv,3039,.csv,a79c52d6004fc98d590f987528004b8eb63e3712361447a46a57640f076280b1,inherited-unverified
datasets/2_scope1_facility_data/national_inventories/us/archived_annex-3-part-b/Table_A-157.csv,5573,.csv,3a1701c1f97ae175a599e9695660a721bf0a2e1681ea0e1ae39e5a408741b43b,inherited-unverified
datasets/2_scope1_facility_data/national_inventories/us/archived_annex-3-part-b/Table_A-158.csv,5592,.csv,92e6de58949cd7dd441e93be7062756265b7bd7d649a533fff3e14062ef51aef,inherited-unverified
datasets/2_scope1_facility_data/national_inventories/us/archived_annex-3-part-b/Table_A-159.csv,5641,.csv,539dcf972ed309d591540fa52c3e09b48eaccf68884443e4d289b1b64d4b477a,inherited-unverified
datasets/2_scope1_facility_data/national_inventories/us/archived_annex-3-part-b/Table_A-160.csv,6204,.csv,e883c365c506704e2ea709ad3206b421246057bc3b77a4c53fcbff253d27ee30,inherited-unverified
datasets/2_scope1_facility_data/national_inventories/us/archived_annex-3-part-b/Table_A-161.csv,4401,.csv,aa95af590b256b58178e1e1a5746e4958878844735c24f0fcd73b6fe630b8d2a,inherited-unverified
datasets/2_scope1_facility_data/national_inventories/us/archived_annex-3-part-b/Table_A-162.csv,626,.csv,5cd0466d2b35021e3e033d47d2ad8d67f13f75a1a6d4569f7f0c7d659724aacd,inherited-unverified
datasets/2_scope1_facility_data/national_inventories/us/archived_annex-3-part-b/Table_A-163.csv,1951,.csv,a5addf73f2e956aa9f25ad2d566a40baf0567be85867cf6acb9b0d7bcd05c167,inherited-unverified
datasets/2_scope1_facility_data/national_inventories/us/archived_annex-3-part-b/Table_A-164.csv,649,.csv,bfd4dbe5f0e7f1c492694bd77c1f285b2ef7573deda2673624d73ccfa1d1629a,inherited-unverified
datasets/2_scope1_facility_data/national_inventories/us/archived_annex-3-part-b/Table_A-165.csv,1857,.csv,b5ae886c574e005e79b9cea2925d64051f00ba7a9366573fd12be500342a124a,inherited-unverified
datasets/2_scope1_facility_data/national_inventories/us/archived_annex-3-part-b/Table_A-166.csv,4053,.csv,89c22ce6a5be1845c023985eb557656426cae95cf22539da25c2cf853102c1ad,inherited-unverified
datasets/2_scope1_facility_data/national_inventories/us/archived_annex-3-part-b/Table_A-167.csv,4688,.csv,e3c8eb0ed2738765e3fc499cdba908df2154f7be12197a69918743f8fa21898c,inherited-unverified
datasets/2_scope1_facility_data/national_inventories/us/archived_annex-3-part-b/Table_A-168.csv,4141,.csv,a319c3716ee5ce4416b6cefd9aa4625d1c3de11048edeed12b756cc1ae2d3aa6,inherited-unverified
datasets/2_scope1_facility_data/national_inventories/us/archived_annex-3-part-b/Table_A-169.csv,3992,.csv,7151ef67362e98cd4016856248fc13a23b48dc4aabd47f4d4680691abad8164f,inherited-unverified
datasets/2_scope1_facility_data/national_inventories/us/archived_annex-3-part-b/Table_A-170.csv,6118,.csv,c06bc31cdc1edc1ea80aa978551c3e5b821c3e1682f975e76bee61b02f77982d,inherited-unverified
datasets/2_scope1_facility_data/national_inventories/us/archived_annex-3-part-b/Table_A-171.csv,5487,.csv,d0e8131d84345196348f82e9bc2a4b1a0ee21164f2abaae9e2f2e83ec5e5e2f7,inherited-unverified
datasets/2_scope1_facility_data/national_inventories/us/archived_annex-3-part-b/Table_A-172.csv,5591,.csv,20b937d453a73959c5f3c2c528919da824c467cbcba7a58a854ea9b559f5b9ee,inherited-unverified
datasets/2_scope1_facility_data/national_inventories/us/archived_annex-3-part-b/Table_A-173.csv,5303,.csv,479b9e0c453336b665a9829d8cd9cd64e4cac0fe52a822e57a1b3e0a2efeb0fd,inherited-unverified
datasets/2_scope1_facility_data/national_inventories/us/archived_annex-3-part-b/Table_A-174.csv,2261,.csv,043155983860cc6284a257d45907d2feb2c2b394facc43a8d6b7e5649105ea4e,inherited-unverified
datasets/2_scope1_facility_data/national_inventories/us/archived_annex-3-part-b/Table_A-175.csv,6168,.csv,19813f7d3e73c25bd12e8fc2e070aab41c6cd049af5eaebb6dbb541bc651e0bf,inherited-unverified
datasets/2_scope1_facility_data/national_inventories/us/archived_annex-3-part-b/Table_A-176.csv,2681,.csv,6e9ad0b5be68d4fad029abb7dd236d0ec127886db0e953e2b94b5168e7f3eeea,inherited-unverified
datasets/2_scope1_facility_data/national_inventories/us/archived_annex-3-part-b/Table_A-177.csv,814,.csv,31de27b8c60ddaef8e37864a56dcc74d295e55a9e690b0c04165456d5c54ce47,inherited-unverified
datasets/2_scope1_facility_data/national_inventories/us/archived_annex-3-part-b/Table_A-178.csv,4120,.csv,298328df5cd939290823d2ca0fa46e143f865830a6c3ce7af036724f72121568,inherited-unverified
datasets/2_scope1_facility_data/national_inventories/us/archived_annex-3-part-b/Table_A-179.csv,1474,.csv,662d6b640b6c6bd27220d40dc9abbed828e9791ead822216b3afb9e9794f1255,inherited-unverified
datasets/2_scope1_facility_data/national_inventories/us/archived_annex-3-part-b/Table_A-180.csv,1761,.csv,0e5ad42b068eb6acd1f73d2918f364fc2c98a13be2f6503bc2aa1c15806ceca0,inherited-unverified
datasets/2_scope1_facility_data/national_inventories/us/archived_annex-3-part-b/Table_A-181.csv,473,.csv,577cfc920274a81a0f2996cbda405206edffd1cfcdf4ab168ab8c962b3bb19e6,inherited-unverified
datasets/2_scope1_facility_data/national_inventories/us/archived_annex-3-part-b/Table_A-182.csv,3250,.csv,48f2c1a773154c8c9e0cfd0e3bb608c3d8a4e270c101b50e3306a9be444729c5,inherited-unverified
datasets/2_scope1_facility_data/national_inventories/us/archived_annex-3-part-b/Table_A-183.csv,2739,.csv,7469e14258757c4be376f7a00e10d53027e167a98db34593629969c794764a05,inherited-unverified
datasets/2_scope1_facility_data/national_inventories/us/archived_annex-3-part-b/Table_A-184.csv,2692,.csv,2879e99494b1fb681cca698d5f24e88485f531382953a161898c3c4a725ee46c,inherited-unverified
datasets/2_scope1_facility_data/national_inventories/us/archived_annex-3-part-b/Table_A-185.csv,2817,.csv,070e994d7441587a378813b1cc02a1997c6cdbd35f78a2a2fde8bfa3454c7150,inherited-unverified
datasets/2_scope1_facility_data/national_inventories/us/archived_annex-3-part-b/Table_A-186.csv,710,.csv,77be842ea2d3142203ea67a5f6d69e21122611c0e5bc05d7760746347b109186,inherited-unverified
datasets/2_scope1_facility_data/national_inventories/us/archived_annex-3-part-b/Table_A-187.csv,1073,.csv,7b3d5fc6cc8da20f634ab60a3b0b3a8b24f2c59322d27f3edc5990c9df999dc6,inherited-unverified
datasets/2_scope1_facility_data/national_inventories/us/archived_annex-3-part-b/Table_A-188.csv,696,.csv,f86141357c843881c676a2dbb3c12dcbf04e6919d35a70c2dd250982a52eb933,inherited-unverified
datasets/2_scope1_facility_data/national_inventories/us/archived_annex-3-part-b/Table_A-189.csv,1761,.csv,6191b4e05eab6f4dc8947a88046a535f9a8bac24ab80391b8accd82f1033f0ca,inherited-unverified
datasets/2_scope1_facility_data/national_inventories/us/archived_annex-3-part-b/Table_A-190.csv,1699,.csv,a2ec6c7169547c43bfb0fe3062ba3b2aa03fd5ff69878cdc2c6c90ed785a11e9,inherited-unverified
datasets/2_scope1_facility_data/national_inventories/us/archived_annex-3-part-b/Table_A-191.csv,1689,.csv,e781352e99e10e0b435f2a9c6ea6b4d528f6fcfc0a9dd2b786dc2804674c5543,inherited-unverified
datasets/2_scope1_facility_data/national_inventories/us/archived_annex-3-part-b/Table_A-192.csv,1631,.csv,e16e8dd202649d17f624b207866eb9e40cd08ab53a3080f75e7affe4863c74ff,inherited-unverified
datasets/2_scope1_facility_data/national_inventories/us/archived_annex-3-part-b/Table_A-193.csv,2122,.csv,bb1c4c7d55683b1d6d417de63932a64e01e73a1ae9dd87e66f962813f1322399,inherited-unverified
datasets/2_scope1_facility_data/national_inventories/us/archived_annex-3-part-b/Table_A-194.csv,2857,.csv,8c5c5d4064a9a51c7262c7451307f1385d30de5b5b231f43dea12ab24cb9518c,inherited-unverified
datasets/2_scope1_facility_data/national_inventories/us/archived_annex-3-part-b/Table_A-195.csv,3184,.csv,c1453b5ef74cabe31aae2b83956e65281baab8199ade8481e7bd08b927004f55,inherited-unverified
datasets/2_scope1_facility_data/national_inventories/us/archived_annex-3-part-b/Table_A-196.csv,1808,.csv,a710567443eb684f49b4845e7d2abf30cb173226bbb431e07715dc443b411356,inherited-unverified
datasets/2_scope1_facility_data/national_inventories/us/archived_annex-3-part-b/Table_A-197.csv,854,.csv,9dfe012dba60274cb4f881611432cee8b0356818e0f3824488eefa185d4fe589,inherited-unverified
datasets/2_scope1_facility_data/national_inventories/us/archived_annex-3-part-b/Table_A-198.csv,4638,.csv,4948cf0fbf1ea8f5064037cab88853620f16244f34be0a6f9478c394c16e7b31,inherited-unverified
datasets/2_scope1_facility_data/national_inventories/us/archived_annex-3-part-b/Table_A-199.csv,1876,.csv,6d061f176a695871ff4749693375b6a0ebad203e35671afb3f44a98be751240c,inherited-unverified
datasets/2_scope1_facility_data/national_inventories/us/archived_annex-3-part-b/Table_A-200.csv,1002,.csv,94034b67ef72a8f851cdeff43799224a57ad4f5100346c4b2c19f813cb081f4c,inherited-unverified
datasets/2_scope1_facility_data/national_inventories/us/archived_annex-3-part-b/Table_A-201.csv,2996,.csv,ca9b471fd4c78ff3977ed75c79a83a09ff4a4eac65d26f172074c6efdd525fe9,inherited-unverified
datasets/2_scope1_facility_data/national_inventories/us/archived_annex-3-part-b/Table_A-202.csv,833,.csv,648976dd7aae71c23423623357c603a2f92e172f545e4a42cb350b0cdd4e5342,inherited-unverified
datasets/2_scope1_facility_data/national_inventories/us/archived_annex-3-part-b/Table_A-203.csv,591,.csv,4ada342f6de09b1d9a918248fdc26d742fa4c8ac64903877ecb1f09778bce351,inherited-unverified
datasets/2_scope1_facility_data/national_inventories/us/archived_annex-3-part-b/Table_A-204.csv,3118,.csv,18a78c9970a7d783b49137604e09e1d638eaddc7fbd4a97cd3199b5e0bf1e130,inherited-unverified
datasets/2_scope1_facility_data/national_inventories/us/archived_annex-3-part-b/Table_A-205.csv,3015,.csv,b72726917d4ab155da98d383456d97058800d51339e137e1688aa422f6b67103,inherited-unverified
datasets/2_scope1_facility_data/national_inventories/us/archived_annex-3-part-b/Table_A-206.csv,4043,.csv,b82cc5ff71ac703a70291f847fc5331567bbaca4fbc64f1fd713719e2688fa17,inherited-unverified
datasets/2_scope1_facility_data/national_inventories/us/archived_annex-3-part-b/Table_A-207.csv,1788,.csv,81ec9d42ebbc6ef3bfb1970c6f03c5a8554037aaffd57336709c548f1fb52bd1,inherited-unverified
datasets/2_scope1_facility_data/national_inventories/us/archived_annex-3-part-b/Table_A-208.csv,2216,.csv,9679621082131741ff6795ac4295b7f0e8583f8a59dd3e648c1f079915c0c75e,inherited-unverified
datasets/2_scope1_facility_data/national_inventories/us/archived_annex-3-part-b/Table_A-209.csv,3889,.csv,167f3e6abfb2c16912c916f68f29fe663e8f7aeee81c637e7309d3e9e1396b00,inherited-unverified
datasets/2_scope1_facility_data/national_inventories/us/archived_annex-3-part-b/Table_A-210.csv,2786,.csv,3042265ba5abfd06d9f042456593bdf9fafdc13d8f5bdd787cfecadda6b67beb,inherited-unverified
datasets/2_scope1_facility_data/national_inventories/us/archived_annex-3-part-b/Table_A-211.csv,1705,.csv,237596e69bddc91f4b58527ff6a846a1eea25c315aabe1a8f90575f3e25c5493,inherited-unverified
datasets/2_scope1_facility_data/national_inventories/us/archived_annex-3-part-b/Table_A-212.csv,3505,.csv,a0be3b72b64a0d2b2f94cb61e70bd103ddcc3e498993cf980bda6e77930f89e4,inherited-unverified
datasets/2_scope1_facility_data/national_inventories/us/archived_annex-3-part-b/Table_A-213.csv,2584,.csv,a5850b8e6853edb88198e4b48a262d3efbbb72eebd6e90412870986307823042,inherited-unverified
datasets/2_scope1_facility_data/national_inventories/us/archived_annex-3-part-b/Table_A-214.csv,372,.csv,05ad6b02514b7bf2bb06d3b1a0657908a911417c74cc8a6c8e0b3554158e119b,inherited-unverified
datasets/2_scope1_facility_data/national_inventories/us/archived_annex-3-part-b/Table_A-215.csv,5003,.csv,505540f9ce6b16ea7bb54ba4cea7c459912c393a3aa797325347c0955b4b24dd,inherited-unverified
datasets/2_scope1_facility_data/national_inventories/us/archived_annex-3-part-b/Table_A-216.csv,161,.csv,517220f96508624315fba945cf401069f4db29abe5f8b85e5ef0706c1dc3d3ec,inherited-unverified
datasets/2_scope1_facility_data/national_inventories/us/archived_annex-3-part-b/Table_A-217.csv,641,.csv,accca9822cc03c0f6a4d6e488f444856d3b2fbb632502762fcffa35f8da005d2,inherited-unverified
datasets/2_scope1_facility_data/national_inventories/us/archived_annex-3-part-b/Table_A-218.csv,396,.csv,d6bac672212fea36eb5c878269b506aa3576085ed54ab24e69db8e1978339903,inherited-unverified
datasets/2_scope1_facility_data/national_inventories/us/archived_annex-3-part-b/Table_A-219.csv,983,.csv,32754927243154d49b65ca86610e62efb34a5a409496cf9ddbc6a9a565f8da28,inherited-unverified
datasets/2_scope1_facility_data/national_inventories/us/archived_annex-3-part-b/Table_A-220.csv,318,.csv,ff6574b5453e6e97833bee8012070c16b37910989bea26dca14d42b9931388d8,inherited-unverified
datasets/2_scope1_facility_data/national_inventories/us/archived_annex-3-part-b/Table_A-221.csv,2109,.csv,97775760146fedad47f2951bf0949cb188d71b6c4dc6f267e6377eb9b72cd011,inherited-unverified
datasets/2_scope1_facility_data/national_inventories/us/archived_annex-3-part-b/Table_A-222.csv,615,.csv,5d61980cb0d43bb9e4447052b25bdd8e6630a37b2d667f0229fbecc9e91e9ae2,inherited-unverified
datasets/2_scope1_facility_data/national_inventories/us/archived_energy_10-15/Table_3-1.csv,10693,.csv,54271e21e08e73696e6bf885a0ee87d920178ba5593fcec0ec273cd70fa0e9ea,inherited-unverified
datasets/2_scope1_facility_data/national_inventories/us/archived_energy_10-15/Table_3-10.csv,4626,.csv,778b6a9a6078794b74736e34a31e6d5504c45ff6313066883fbd60ba17a1e041,inherited-unverified
datasets/2_scope1_facility_data/national_inventories/us/archived_energy_10-15/Table_3-100.csv,959,.csv,6f0f93f81701d8bde416aee8867416dc0270ad7c2705e246019ab72c1c81af4b,inherited-unverified
datasets/2_scope1_facility_data/national_inventories/us/archived_energy_10-15/Table_3-101.csv,2258,.csv,c1c5069187039e21712a34d9a81c7356227e12b4e4fe51556784021f4fad6858,inherited-unverified
datasets/2_scope1_facility_data/national_inventories/us/archived_energy_10-15/Table_3-102.csv,643,.csv,44d9a26af9fbba4e767e3b569163531510adc5ab34b01c6b517df3fae36df6b7,inherited-unverified
datasets/2_scope1_facility_data/national_inventories/us/archived_energy_10-15/Table_3-103.csv,1052,.csv,a59b2b2776a9555a2420464e66990f7be3459507fa2c59b57b9284f73f195809,inherited-unverified
datasets/2_scope1_facility_data/national_inventories/us/archived_energy_10-15/Table_3-104.csv,804,.csv,872667b6966ef3a19fc4e7da03bd842f619014cc839598d9243fb3a1377afa05,inherited-unverified
datasets/2_scope1_facility_data/national_inventories/us/archived_energy_10-15/Table_3-105.csv,978,.csv,8e572a2f0d722e13d6b07d79d0fc8e6303c126e7b1afe8e29d5aa4e3d39adb31,inherited-unverified
datasets/2_scope1_facility_data/national_inventories/us/archived_energy_10-15/Table_3-106.csv,4326,.csv,8408039604e8dc9a95bfeadbe645307acc22031c57884980070a58233404f9e3,inherited-unverified
datasets/2_scope1_facility_data/national_inventories/us/archived_energy_10-15/Table_3-107.csv,4037,.csv,54039006ae2c70de03a6717277c8e640bc5a818ed78c474b5465ceb6a83050d7,inherited-unverified
datasets/2_scope1_facility_data/national_inventories/us/archived_energy_10-15/Table_3-108.csv,1127,.csv,d4c013fef5e7667ee645908aa06e15cfde13f648c5b300296a0531a5e5e54a05,inherited-unverified
datasets/2_scope1_facility_data/national_inventories/us/archived_energy_10-15/Table_3-109.csv,818,.csv,9a21d71f09d43e3a992b6edc59fd9cffe0ad3af1642ea20af7edf274e3c59eea,inherited-unverified
datasets/2_scope1_facility_data/national_inventories/us/archived_energy_10-15/Table_3-11.csv,4173,.csv,219b1b86df33a7db36ca951f65d71420eb8ad44fb0a3f7c1488fd84d28952f57,inherited-unverified
datasets/2_scope1_facility_data/national_inventories/us/archived_energy_10-15/Table_3-110.csv,775,.csv,b3b0bc91d40e86ccdc41c8a1f415f21452048e0da9645b5d54f3260d40c189ec,inherited-unverified
datasets/2_scope1_facility_data/national_inventories/us/archived_energy_10-15/Table_3-111.csv,685,.csv,7c8b4713140bfb0338308fb33a8f1dcc668954aaf4f683806bb871c20198ea4d,inherited-unverified
datasets/2_scope1_facility_data/national_inventories/us/archived_energy_10-15/Table_3-112.csv,611,.csv,0724fd75be17c6ab888ad8d2e482122b41b6470f560c9991bab843241026ba0f,inherited-unverified
datasets/2_scope1_facility_data/national_inventories/us/archived_energy_10-15/Table_3-113.csv,2699,.csv,1f4016e7329985f4ae3972f597db249e1d825d6928379c2775a887622454de22,inherited-unverified
datasets/2_scope1_facility_data/national_inventories/us/archived_energy_10-15/Table_3-114.csv,2482,.csv,466a7c03d35ad59277d98841266c2efe7114f3759cecc5f6216df67f0632c55a,inherited-unverified
datasets/2_scope1_facility_data/national_inventories/us/archived_energy_10-15/Table_3-115.csv,928,.csv,4127c954c16c18cff4b948dc270fce934934271df09a72004524ebed255143ef,inherited-unverified
datasets/2_scope1_facility_data/national_inventories/us/archived_energy_10-15/Table_3-116.csv,2315,.csv,44f7925d6b3fc0c99bc2e6dd4999465d4930662c28ca3701ac048bfc97a5ccf4,inherited-unverified
datasets/2_scope1_facility_data/national_inventories/us/archived_energy_10-15/Table_3-117.csv,2305,.csv,802f706f5ad2de5f10458df9f7856f6122458f5c9078f3b2a29dacaa1bbe1a60,inherited-unverified
datasets/2_scope1_facility_data/national_inventories/us/archived_energy_10-15/Table_3-118.csv,985,.csv,508039be163064013e6f557cf470a7dea9dd48899734f7c8d97598d4e62e1211,inherited-unverified
datasets/2_scope1_facility_data/national_inventories/us/archived_energy_10-15/Table_3-119.csv,1468,.csv,a0a7875868985f67e77027411ad1f12d8422250fa8d65ec4a59f54a9881e9560,inherited-unverified
datasets/2_scope1_facility_data/national_inventories/us/archived_energy_10-15/Table_3-12.csv,2203,.csv,74316bfb59bb9322478305e880b8c700786977ecd6160a0dffaeadf4bfa4058a,inherited-unverified
datasets/2_scope1_facility_data/national_inventories/us/archived_energy_10-15/Table_3-120.csv,1303,.csv,a6237d7841f5ed8df1f2068f8a8c64501518faead2267eb52b0c880eacc42789,inherited-unverified
datasets/2_scope1_facility_data/national_inventories/us/archived_energy_10-15/Table_3-121.csv,2268,.csv,0fc31b50423aeca193e296e8bd915dc6d2656ddeb1df3b6246b5b2991e53147c,inherited-unverified
datasets/2_scope1_facility_data/national_inventories/us/archived_energy_10-15/Table_3-122.csv,470,.csv,3b9dbcddb161afe3adcbc89b12856d2a8b97999462fef4eb3a6de2a65d9af71a,inherited-unverified
datasets/2_scope1_facility_data/national_inventories/us/archived_energy_10-15/Table_3-123.csv,645,.csv,f5a9fa4b619d7ee62c1950bff97757c653f97ed257b580d05bdda64a2ff07404,inherited-unverified
datasets/2_scope1_facility_data/national_inventories/us/archived_energy_10-15/Table_3-124.csv,1093,.csv,9360d9c7254508cf9a9e34a48a96cbb5ae2482bdf7a3ed318b609982209a56e3,inherited-unverified
datasets/2_scope1_facility_data/national_inventories/us/archived_energy_10-15/Table_3-125.csv,1679,.csv,28826cf4bf02a9b9aa962d734283024152030b354ac1ca3678313ca2769780c3,inherited-unverified
datasets/2_scope1_facility_data/national_inventories/us/archived_energy_10-15/Table_3-126.csv,622,.csv,b771509d9181a392aaa4acd1f00119296cc222fbae9ae05498dbf6cacfb52768,inherited-unverified
datasets/2_scope1_facility_data/national_inventories/us/archived_energy_10-15/Table_3-127.csv,704,.csv,f0f8f3c08bd3574ad532819aa5ec84bae6648f311c117c68a8b5aa6741eb5f88,inherited-unverified
datasets/2_scope1_facility_data/national_inventories/us/archived_energy_10-15/Table_3-128.csv,458,.csv,9b8155135de721b05f74781779dafa3a492b213277b2fb092dbbda35e4cd1926,inherited-unverified
datasets/2_scope1_facility_data/national_inventories/us/archived_energy_10-15/Table_3-129.csv,1441,.csv,a1b2582eeef4cf54cc67db111eec0db2f534c32941097d95b9324a3ecb2e9445,inherited-unverified
datasets/2_scope1_facility_data/national_inventories/us/archived_energy_10-15/Table_3-13.csv,11766,.csv,02714d89508e4b16161d8e7d1d5f0efe5d49ee8d49259cc3f1c1e43cdc1d05f9,inherited-unverified
datasets/2_scope1_facility_data/national_inventories/us/archived_energy_10-15/Table_3-130.csv,1110,.csv,69a151588618c4bfdde37808e6034d430ac40a079090a6a677ffd5e4797e7d77,inherited-unverified
datasets/2_scope1_facility_data/national_inventories/us/archived_energy_10-15/Table_3-131.csv,496,.csv,09cec3df1d5c3b3081aacf6428ae2a8619821387360972c2aed8673529ec81ca,inherited-unverified
datasets/2_scope1_facility_data/national_inventories/us/archived_energy_10-15/Table_3-132.csv,8909,.csv,b043aadb1956c0262bea522ea208343c992fac47477a291f9ecac4f1fa9efee0,inherited-unverified
datasets/2_scope1_facility_data/national_inventories/us/archived_energy_10-15/Table_3-14.csv,4798,.csv,d154c1a516de7309c68bce66b2b94c72f6708d3d96fd5537113a925cadb77b2c,inherited-unverified
datasets/2_scope1_facility_data/national_inventories/us/archived_energy_10-15/Table_3-15.csv,5118,.csv,699465d690fd7c04e15bdb59ce2c3b6ab78ac9401915570516e54d7ef6acf1dd,inherited-unverified
datasets/2_scope1_facility_data/national_inventories/us/archived_energy_10-15/Table_3-16.csv,2012,.csv,f5f9dd91e3e5a619c09d7bf3adb6f72393e01677b1dcc0defe7378594b652564,inherited-unverified
datasets/2_scope1_facility_data/national_inventories/us/archived_energy_10-15/Table_3-17.csv,1754,.csv,a375a44ca431e2a2d42a8325a08f7bd284f0ee88c6db3889b7e81b3e3439f42b,inherited-unverified
datasets/2_scope1_facility_data/national_inventories/us/archived_energy_10-15/Table_3-18.csv,624,.csv,c3da429c01170360b39903aec1cd3eb0ef3e29196d1c69524153c7ddefe6cb93,inherited-unverified
datasets/2_scope1_facility_data/national_inventories/us/archived_energy_10-15/Table_3-19.csv,247,.csv,53dfd90a97c143978b7cac53348e8c398b4f20713cbdec0a44a4aa963e88d193,inherited-unverified
datasets/2_scope1_facility_data/national_inventories/us/archived_energy_10-15/Table_3-2.csv,6152,.csv,72e63de100c6c90df568ae9498e1b6ec38f47c04f09c68adca6a76ef6ffc6fc0,inherited-unverified
datasets/2_scope1_facility_data/national_inventories/us/archived_energy_10-15/Table_3-20.csv,580,.csv,2d1ef6e50b4a143f4bc528ac215c00e8dc16df79aae551ac57a50a4c36ee951b,inherited-unverified
datasets/2_scope1_facility_data/national_inventories/us/archived_energy_10-15/Table_3-21.csv,523,.csv,8dfbf322e1921542b1cafa56c5b053f39e0dc7c545236559c75c0221c81207cf,inherited-unverified
datasets/2_scope1_facility_data/national_inventories/us/archived_energy_10-15/Table_3-22.csv,1429,.csv,9284bfc4b9048a5cbc891b972488af92a180ccfdae061d0b5c7ef0be2f1de859,inherited-unverified
datasets/2_scope1_facility_data/national_inventories/us/archived_energy_10-15/Table_3-23.csv,5016,.csv,f861269d9c32c7ddb0603eca9ecbeb220cfc663206bed95ea372526cbd38f873,inherited-unverified
datasets/2_scope1_facility_data/national_inventories/us/archived_energy_10-15/Table_3-24.csv,1787,.csv,9a2f7867e2793652bd602ac485a87272cb1324c1ea281cab81a5f2d4665e836a,inherited-unverified
datasets/2_scope1_facility_data/national_inventories/us/archived_energy_10-15/Table_3-25.csv,724,.csv,e5bc69fb2ae2f3fddc711f102487a5f2ff7793cda7381d498ec45e071a659721,inherited-unverified
datasets/2_scope1_facility_data/national_inventories/us/archived_energy_10-15/Table_3-26.csv,703,.csv,a60e4c98dba4483d752ff09e736dbb4bd438c8ea3051041885bc8a0ea597bacb,inherited-unverified
datasets/2_scope1_facility_data/national_inventories/us/archived_energy_10-15/Table_3-27.csv,1030,.csv,97fc10763f42be9174ffa91f6a10eaa081017409c134f935a23cef8369f5a693,inherited-unverified
datasets/2_scope1_facility_data/national_inventories/us/archived_energy_10-15/Table_3-28.csv,720,.csv,8c9298f2bd64996f9b331838359a735b8900f62a714ae14af250d498b68ada25,inherited-unverified
datasets/2_scope1_facility_data/national_inventories/us/archived_energy_10-15/Table_3-29.csv,1289,.csv,64c2d1d074834e2dc2414dfa1ff4c00d7713b3b565a19774ec8360e8fda4b519,inherited-unverified
datasets/2_scope1_facility_data/national_inventories/us/archived_energy_10-15/Table_3-3.csv,1188,.csv,6d805cec10f6c0d00f45b98a47ee252c5ce1f5cbdd93cd12b6bcb5ea87cc8632,inherited-unverified
datasets/2_scope1_facility_data/national_inventories/us/archived_energy_10-15/Table_3-30.csv,455,.csv,2d4b31e02a40fccb1e3f4ef4066da8c4f6e591f0d03453f45750a8e34a648ce2,inherited-unverified
datasets/2_scope1_facility_data/national_inventories/us/archived_energy_10-15/Table_3-31.csv,695,.csv,71f9bcb1d6add16b42b7c098d1eb0e49690dcf18e572771054788c3f82f4a4fb,inherited-unverified
datasets/2_scope1_facility_data/national_inventories/us/archived_energy_10-15/Table_3-32.csv,530,.csv,1f691912ba83123c2202c7cfe10ed226cb6273fff98db6ef47ba118222408333,inherited-unverified
datasets/2_scope1_facility_data/national_inventories/us/archived_energy_10-15/Table_3-33.csv,1320,.csv,a5351aa6c186b8a1aa34e17f38a5a83691c05fe99a7559813e943d65e76c76a6,inherited-unverified
datasets/2_scope1_facility_data/national_inventories/us/archived_energy_10-15/Table_3-34.csv,1622,.csv,ecdbcc198b2687fa00b47456cb700802803524e89c7ef7314e9e014a59027141,inherited-unverified
datasets/2_scope1_facility_data/national_inventories/us/archived_energy_10-15/Table_3-35.csv,1534,.csv,8c53842048547a5de509da032fe8a6a7ade1d4afb66f5e312f4e0e463d1a8dcc,inherited-unverified
datasets/2_scope1_facility_data/national_inventories/us/archived_energy_10-15/Table_3-36.csv,1357,.csv,7dd9379a6fd344cd5a589c0e50aca85c559ad9770cbebb80cb6afaba1b70e497,inherited-unverified
datasets/2_scope1_facility_data/national_inventories/us/archived_energy_10-15/Table_3-37.csv,1397,.csv,ffc755d9c9eea7ab5031d60697e933418331b329da66fcae0277afb83e88292b,inherited-unverified
datasets/2_scope1_facility_data/national_inventories/us/archived_energy_10-15/Table_3-38.csv,515,.csv,130768b76744d32313256bc8fae72ebb4db5819fef5ba1a26edf634e659e52f0,inherited-unverified
datasets/2_scope1_facility_data/national_inventories/us/archived_energy_10-15/Table_3-39.csv,952,.csv,64df4659da91f86563be6b798d6625e35228831f20dc951cb53362fd9c01317e,inherited-unverified
datasets/2_scope1_facility_data/national_inventories/us/archived_energy_10-15/Table_3-4.csv,923,.csv,ef8b4b02d22b1ca1d9d826962bb68ec8fdaabf891dcc7cb599e45afc7a5e8e03,inherited-unverified
datasets/2_scope1_facility_data/national_inventories/us/archived_energy_10-15/Table_3-40.csv,907,.csv,3baa5e7a6d99323955614110683acf73906ff70981b4e28195430c407677163a,inherited-unverified
datasets/2_scope1_facility_data/national_inventories/us/archived_energy_10-15/Table_3-41.csv,451,.csv,390fe0314a855c03d592305e14d7263ef01a425b27057b61c029b0eb6639b115,inherited-unverified
datasets/2_scope1_facility_data/national_inventories/us/archived_energy_10-15/Table_3-42.csv,497,.csv,181efd006526a94dc0c8454fff7e025c07cbfee21f6d7af4719ba930f7b95664,inherited-unverified
datasets/2_scope1_facility_data/national_inventories/us/archived_energy_10-15/Table_3-43.csv,1197,.csv,197e540a2de15d69d92d0a9b65714a16be7b42bb19044699b5e3d87a94833aed,inherited-unverified
datasets/2_scope1_facility_data/national_inventories/us/archived_energy_10-15/Table_3-44.csv,2406,.csv,e9f40f05de57c1b90ab68d81432c10bcd32bf7fb03b3ee3a771648292f829720,inherited-unverified
datasets/2_scope1_facility_data/national_inventories/us/archived_energy_10-15/Table_3-45.csv,2111,.csv,8c6eaeb585fc8440c9cf1e9db541e6359452397a80b9e41c78deab48121cec1f,inherited-unverified
datasets/2_scope1_facility_data/national_inventories/us/archived_energy_10-15/Table_3-46.csv,1108,.csv,2ae2e984ce399031a91485730e0f359716f4ac0bd51a6df1d19ec2fa87c380cb,inherited-unverified
datasets/2_scope1_facility_data/national_inventories/us/archived_energy_10-15/Table_3-47.csv,1136,.csv,f748ec6784ae95cd2efb34cc3fbb75b9cc6a15e5423e9d81ef636a28c30db1b0,inherited-unverified
datasets/2_scope1_facility_data/national_inventories/us/archived_energy_10-15/Table_3-48.csv,1262,.csv,488f443539950fcf70f9787b4609a025786d60142315615a78e17db8aa0bc438,inherited-unverified
datasets/2_scope1_facility_data/national_inventories/us/archived_energy_10-15/Table_3-49.csv,1231,.csv,967d1406602ecbc1062faa53814b20a513e903556f7a532a6f622946a392ccd2,inherited-unverified
datasets/2_scope1_facility_data/national_inventories/us/archived_energy_10-15/Table_3-5.csv,5287,.csv,52c934fe76ce90d747fa710bc1674e39a69645cf1bec2ec77e18ddfd70e8a486,inherited-unverified
datasets/2_scope1_facility_data/national_inventories/us/archived_energy_10-15/Table_3-50.csv,826,.csv,d2a7b0ef7d84f1680673c10715050fbbdd631dc31f1db4ef7bd07308b0ce9ff8,inherited-unverified
datasets/2_scope1_facility_data/national_inventories/us/archived_energy_10-15/Table_3-51.csv,671,.csv,f87e47a586dc56e536dc07a636c0fba800183ad80a4243c7b93a4ef6cf927823,inherited-unverified
datasets/2_scope1_facility_data/national_inventories/us/archived_energy_10-15/Table_3-52.csv,755,.csv,771cd5c2cedc7e3fd0d1819d7545aaf8a35e4599f673c922265327f2cb6f3e49,inherited-unverified
datasets/2_scope1_facility_data/national_inventories/us/archived_energy_10-15/Table_3-53.csv,1708,.csv,99eaae9b57eba0afac175621396279001de95144e556fef89bd4da30843f74b1,inherited-unverified
datasets/2_scope1_facility_data/national_inventories/us/archived_energy_10-15/Table_3-54.csv,1388,.csv,447554443881559174854260666b2538597d15dbad1277a842d2e2993ab7b192,inherited-unverified
datasets/2_scope1_facility_data/national_inventories/us/archived_energy_10-15/Table_3-55.csv,1513,.csv,48596bd2c49ac74a4d3e9edfb402c182aa9442dbb86d8f3ff7e0f8f6bd693743,inherited-unverified
datasets/2_scope1_facility_data/national_inventories/us/archived_energy_10-15/Table_3-56.csv,1634,.csv,c55bc5760fc8115d629a7b5d0e821b1cb12cda57f642fc3f9a5d26b2240366b7,inherited-unverified
datasets/2_scope1_facility_data/national_inventories/us/archived_energy_10-15/Table_3-57.csv,1524,.csv,aef24c6193995ea3308b2599c5aabca55a6d4612a8cc9fc86aa93f0e435b6076,inherited-unverified
datasets/2_scope1_facility_data/national_inventories/us/archived_energy_10-15/Table_3-58.csv,1700,.csv,e28e19a33af508d04fcabf2c9a43d98da3bfef4d8dca11a1b8a260679e5d0160,inherited-unverified
datasets/2_scope1_facility_data/national_inventories/us/archived_energy_10-15/Table_3-59.csv,1725,.csv,5b99bd5789139ca013d62e21d06ea08d0a7e5dae57f329b6584c4c31369833e5,inherited-unverified
datasets/2_scope1_facility_data/national_inventories/us/archived_energy_10-15/Table_3-6.csv,1365,.csv,4baa153f3574674dce86dcf35fa2318c25e0124d49c776c7f2bf5c66803d9ef4,inherited-unverified
datasets/2_scope1_facility_data/national_inventories/us/archived_energy_10-15/Table_3-60.csv,714,.csv,9c21a6de40c1c476faf18e53ba576f7f2f72b3c391c761526a284ca48a5330a0,inherited-unverified
datasets/2_scope1_facility_data/national_inventories/us/archived_energy_10-15/Table_3-61.csv,1376,.csv,827f95b8a810f61947c6bb87a2883db69858fa36f630875bfd0119c61f647940,inherited-unverified
datasets/2_scope1_facility_data/national_inventories/us/archived_energy_10-15/Table_3-62.csv,807,.csv,a1f460a0735eeccbfcba4e0d644e3fe7d54ae44d470a58ae92d24e6e590fa021,inherited-unverified
datasets/2_scope1_facility_data/national_inventories/us/archived_energy_10-15/Table_3-63.csv,1235,.csv,66a279bd9e53f8607102875b3cdc46e092e7a1597bee241a005a317033239bbc,inherited-unverified
datasets/2_scope1_facility_data/national_inventories/us/archived_energy_10-15/Table_3-64.csv,2579,.csv,d0058c4250f0a0425f3f5c6e5fe1afc23cf108d92e014b1c75c1894884b34a71,inherited-unverified
datasets/2_scope1_facility_data/national_inventories/us/archived_energy_10-15/Table_3-65.csv,751,.csv,c44f4f03b575020ff8dd608e7f3bca1102bc3873895eab8441b2c2e5220268bf,inherited-unverified
datasets/2_scope1_facility_data/national_inventories/us/archived_energy_10-15/Table_3-66.csv,1231,.csv,8845804ea732ad2a2169d69e42090924014c119c8ffbe4e35252dc2cf24e3ba7,inherited-unverified
datasets/2_scope1_facility_data/national_inventories/us/archived_energy_10-15/Table_3-67.csv,1716,.csv,0a72d3751140e879dc854c11937b869ca560c4df9adde4f38d9fafb49382a5de,inherited-unverified
datasets/2_scope1_facility_data/national_inventories/us/archived_energy_10-15/Table_3-68.csv,1045,.csv,84c954905e21cc7ce18b87811b9bf8874b3430d01df99665fe802b710c6f1429,inherited-unverified
datasets/2_scope1_facility_data/national_inventories/us/archived_energy_10-15/Table_3-69.csv,1301,.csv,c0f0f987015f4e562197180b98b85eae78e16be9c9e3f50e105a1986e4f6868c,inherited-unverified
datasets/2_scope1_facility_data/national_inventories/us/archived_energy_10-15/Table_3-7.csv,4613,.csv,efc3cd5db18013aedc3d468d470446b07eb733eafbb58c2274b7dbd2601c100d,inherited-unverified
datasets/2_scope1_facility_data/national_inventories/us/archived_energy_10-15/Table_3-70.csv,223,.csv,56dd100dd52c5e6d0936fb05cbc0ca562a727b96e8e8a57ddf0d1b8feb27a135,inherited-unverified
datasets/2_scope1_facility_data/national_inventories/us/archived_energy_10-15/Table_3-71.csv,312,.csv,88ce3ea75cead8c2fa7112e45d0aa21c1f010c75a0d690111abc9e0c8001adcf,inherited-unverified
datasets/2_scope1_facility_data/national_inventories/us/archived_energy_10-15/Table_3-72.csv,1656,.csv,f415cc2168b8a29d10296f6acb881d5eb447d74db0d19c50dd2ec04fca8b2152,inherited-unverified
datasets/2_scope1_facility_data/national_inventories/us/archived_energy_10-15/Table_3-73.csv,2135,.csv,806db0662d3e312cc8065b67208e4c6c59daa087f7913d624f6f3031c8b28e1f,inherited-unverified
datasets/2_scope1_facility_data/national_inventories/us/archived_energy_10-15/Table_3-74.csv,2983,.csv,ace395983a9a809f5485c9b27f774a1216c7da16cec4ce627c04c71b3c109ea1,inherited-unverified
datasets/2_scope1_facility_data/national_inventories/us/archived_energy_10-15/Table_3-75.csv,1384,.csv,2dd831c4310ab2b19aefa73eac377305ce33dbb3dd6a7a9bb87be16ad612c139,inherited-unverified
datasets/2_scope1_facility_data/national_inventories/us/archived_energy_10-15/Table_3-76.csv,2163,.csv,8fb7f6a7f16948332c2ed1dc277784f12857546649881ad508033472b690935e,inherited-unverified
datasets/2_scope1_facility_data/national_inventories/us/archived_energy_10-15/Table_3-77.csv,2174,.csv,93fe0baa288bc4f8b7358419a3ddf4d5f5a8279413f29837f4f33380c3f16079,inherited-unverified
datasets/2_scope1_facility_data/national_inventories/us/archived_energy_10-15/Table_3-78.csv,1459,.csv,102252450b131550cd75ade01f6d57736534ef3e706333e538c7a68b3c374efb,inherited-unverified
datasets/2_scope1_facility_data/national_inventories/us/archived_energy_10-15/Table_3-79.csv,869,.csv,01a968feef3ff1dbd73768778fff9e73c947b89ab78a614f3087e5724fcdabcf,inherited-unverified
datasets/2_scope1_facility_data/national_inventories/us/archived_energy_10-15/Table_3-8.csv,3980,.csv,abb624cdae2a25c2054eaac1227728195a9a13066dc46ec52cb9f4a0f3a2bf2d,inherited-unverified
datasets/2_scope1_facility_data/national_inventories/us/archived_energy_10-15/Table_3-80.csv,930,.csv,e429f8d19342777e5d6cbabb53e554b416b32766ee8afc06193acbef2ec77c7b,inherited-unverified
datasets/2_scope1_facility_data/national_inventories/us/archived_energy_10-15/Table_3-81.csv,1077,.csv,451c7ab93404e2e13e05396c9b88c07a73fab8a997731d9b320a61ae44866993,inherited-unverified
datasets/2_scope1_facility_data/national_inventories/us/archived_energy_10-15/Table_3-82.csv,2116,.csv,9a550337bd14c905e472c136e17e898e3b0cf544f7337a9215d1c0d63e207b0b,inherited-unverified
datasets/2_scope1_facility_data/national_inventories/us/archived_energy_10-15/Table_3-83.csv,1417,.csv,9b47e95dc517f718ba2ce878721847ee64974fb142b117cc8a59313a94a52a85,inherited-unverified
datasets/2_scope1_facility_data/national_inventories/us/archived_energy_10-15/Table_3-84.csv,1458,.csv,f9620bc9610d5bf2a9c17a5d6e96d74131721842ba327fbab3b934ece61975e4,inherited-unverified
datasets/2_scope1_facility_data/national_inventories/us/archived_energy_10-15/Table_3-85.csv,1520,.csv,d2fde1a4d00889a74a8a49af452484b2c3c6a2eb0dcf91e8051b9269f0470bf7,inherited-unverified
datasets/2_scope1_facility_data/national_inventories/us/archived_energy_10-15/Table_3-86.csv,1765,.csv,649005d34c2f13a494f6bbb1d3f1ab868f13fdcc762c1777e695ac19f0409710,inherited-unverified
datasets/2_scope1_facility_data/national_inventories/us/archived_energy_10-15/Table_3-87.csv,1128,.csv,003c3ec53002755148c875609e3d5211ff58d755bdc213ef4f6546078e657cd3,inherited-unverified
datasets/2_scope1_facility_data/national_inventories/us/archived_energy_10-15/Table_3-88.csv,1317,.csv,de54fe8fbcd0fbcf45c9b405120de1736bb65404e5684bb890304e0892348edd,inherited-unverified
datasets/2_scope1_facility_data/national_inventories/us/archived_energy_10-15/Table_3-89.csv,1322,.csv,6a28af89eab3d8b262c083a1555376e9d620f8da0dc9e6be812c2f23f27a10c3,inherited-unverified
datasets/2_scope1_facility_data/national_inventories/us/archived_energy_10-15/Table_3-9.csv,4090,.csv,9de4300e5325b7b39ca6a7e57a57653bf537190aca453c1f9ffe50a8b94cb005,inherited-unverified
datasets/2_scope1_facility_data/national_inventories/us/archived_energy_10-15/Table_3-90.csv,2742,.csv,cec42702ba7216bc4f70eb50444a71ccb846034aebc3eafef2ee7bcbb01adc73,inherited-unverified
datasets/2_scope1_facility_data/national_inventories/us/archived_energy_10-15/Table_3-91.csv,2941,.csv,4b892f50803f469eb09fd8c006dafda548033e9807e9947b55845a3c9daf49d4,inherited-unverified
datasets/2_scope1_facility_data/national_inventories/us/archived_energy_10-15/Table_3-92.csv,1034,.csv,65de6caa1c0dccca82d0b9e4f6349ce635e1b1fee09d888ef0c1c62715e6fd05,inherited-unverified
datasets/2_scope1_facility_data/national_inventories/us/archived_energy_10-15/Table_3-93.csv,2156,.csv,cf25eb9363b1a3250e9e03f01e05da38b3d0a7d86b98ee4a464a710751647d43,inherited-unverified
datasets/2_scope1_facility_data/national_inventories/us/archived_energy_10-15/Table_3-94.csv,2388,.csv,2a6b7f36f04faf48e49ded2474d811c061e13042cff74077f32913897a73a3f0,inherited-unverified
datasets/2_scope1_facility_data/national_inventories/us/archived_energy_10-15/Table_3-95.csv,2585,.csv,7e14ee7534f572e9cd817524656a8c2cc9fbe77f6b74456fc2ae94b9d7e21d92,inherited-unverified
datasets/2_scope1_facility_data/national_inventories/us/archived_energy_10-15/Table_3-96.csv,1852,.csv,d21ffabcd3b04e5cfaba629c4892706db3a8a40c2eff2049b7fd44d17dcdbc72,inherited-unverified
datasets/2_scope1_facility_data/national_inventories/us/archived_energy_10-15/Table_3-97.csv,1904,.csv,f47591086e26c73ee4d872841578f3582f62ff4bc7db4c271ce3fb24664849b2,inherited-unverified
datasets/2_scope1_facility_data/national_inventories/us/archived_energy_10-15/Table_3-98.csv,1127,.csv,27f15e40aecceb7dfc904c1715c08385a7bff5040d736032915fb18f5491c0d1,inherited-unverified
datasets/2_scope1_facility_data/national_inventories/us/archived_energy_10-15/Table_3-99.csv,1361,.csv,7c32d99cfbfc46bbdd32708735f7ef410a4dfe4916e444e097770cbeb1616c8b,inherited-unverified
datasets/2_scope1_facility_data/national_inventories/us/archived_executive-summary/Table_ES-1.csv,500,.csv,a91a2a0a59d5c949bfc1936e7c32e27b63ad3439cfbac2092ee3fc8c749d8fa0,inherited-unverified
datasets/2_scope1_facility_data/national_inventories/us/archived_executive-summary/Table_ES-2.csv,4754,.csv,74c904b3afbff1c48579f6b177640cb08803018809e8eafab2bc879c92ebe42b,inherited-unverified
datasets/2_scope1_facility_data/national_inventories/us/archived_executive-summary/Table_ES-3.csv,2534,.csv,c2acfe7c26d5ce27b8b1d00fbc0c28c2ed0d09e67f1983a8eb85b16a71b78c1a,inherited-unverified
datasets/2_scope1_facility_data/national_inventories/us/archived_executive-summary/Table_ES-4.csv,6016,.csv,8b3a2ff0e5c0c589251634f782e8a6e74528593101dc2b27b020f8210cbb8af5,inherited-unverified
datasets/2_scope1_facility_data/national_inventories/us/archived_executive-summary/Table_ES-5.csv,3141,.csv,d53305207ea9eb759c9003bb8bc09fc98bf5cde894f7067a41fb8eb25969bb7e,inherited-unverified
datasets/2_scope1_facility_data/national_inventories/us/archived_executive-summary/Table_ES-6.csv,2973,.csv,4a5c5fbf6df0ad029a37444c1e53e0cbfdb18d9fd961fd89d5059ec2edbfa0c4,inherited-unverified
datasets/2_scope1_facility_data/national_inventories/us/archived_executive-summary/Table_ES-7.csv,1428,.csv,047bee4b017509f2c20cb6867692391939f91efdc0a31f248b0bd605f9fdf6f7,inherited-unverified
datasets/2_scope1_facility_data/national_inventories/us/archived_Table_A-250.csv,5074,.csv,c57a0515fbf5187390187c9acd26a86f2fc9f34b3ead6213909460e4734a8b56,inherited-unverified
datasets/2_scope1_facility_data/national_inventories/us/archived_Table_A-251.csv,180947,.csv,44c0b400f51b9700c07eee8d6f15cad9a8f4cc26c32b3b50e96123209a82ce85,inherited-unverified
datasets/2_scope1_facility_data/national_inventories/us/Inventory_US_GHG_Emissions_Sinks_2024_Complete_main_text_tables/archived_Chapter_1_-_Introduction.zip,10117,.zip,5c487005cdf9473764d709e00aec81e173fc2428fa1ca0a3362d0a0ee9b56da0,inherited-unverified
datasets/2_scope1_facility_data/national_inventories/us/Inventory_US_GHG_Emissions_Sinks_2024_Complete_main_text_tables/archived_Chapter_2_-_Trends_in_Greenhouse_Gas_Emissions_and_Removals.zip,53063,.zip,1c354e2fa0b0bb0d4112f9ac550a5461e59967ce5d588c243049a88806f026e2,inherited-unverified
datasets/2_scope1_facility_data/national_inventories/us/Inventory_US_GHG_Emissions_Sinks_2024_Complete_main_text_tables/archived_Chapter_3_-_Energy.zip,115491,.zip,a930ff5b15c45b691c7372a352a989781498a238ea46c7781af7c5c6cde50793,inherited-unverified
datasets/2_scope1_facility_data/national_inventories/us/Inventory_US_GHG_Emissions_Sinks_2024_Complete_main_text_tables/archived_Chapter_4_-_Industrial_Processes_and_Product_Use.zip,76570,.zip,1293b4e20e4c1425ff82f37de231a8f15a8019c615d5ac496674eb6a0bb04b12,inherited-unverified
datasets/2_scope1_facility_data/national_inventories/us/Inventory_US_GHG_Emissions_Sinks_2024_Complete_main_text_tables/archived_Chapter_5_-_Agriculture.zip,28831,.zip,8e9694c48279bd6d4c601a38a3e26c5e978cbde3f5c1666d9acf0f87f1f34594,inherited-unverified
datasets/2_scope1_facility_data/national_inventories/us/Inventory_US_GHG_Emissions_Sinks_2024_Complete_main_text_tables/archived_Chapter_6_-_LULUCF.zip,106058,.zip,642491e8403920ab428f2ad14e5fb893cab8a80ce1f345a8c5edfc49640d890e,inherited-unverified
datasets/2_scope1_facility_data/national_inventories/us/Inventory_US_GHG_Emissions_Sinks_2024_Complete_main_text_tables/archived_Chapter_7_-_Waste.zip,31128,.zip,c60cbf829dfe94f6ad5b3ad0686eccd1e606c289cd723f13347a48e68ae516f8,inherited-unverified
datasets/2_scope1_facility_data/national_inventories/us/Inventory_US_GHG_Emissions_Sinks_2024_Complete_main_text_tables/archived_Chapter_8.zip,76570,.zip,1293b4e20e4c1425ff82f37de231a8f15a8019c615d5ac496674eb6a0bb04b12,inherited-unverified
datasets/2_scope1_facility_data/national_inventories/us/Inventory_US_GHG_Emissions_Sinks_2024_Complete_main_text_tables/archived_Chapter_9_-_Recalculations_and_Improvements.zip,10668,.zip,fe4374863a85e5ec1ad18b43adec7f78434c287a2955c32f69a0441150f4710f,inherited-unverified
datasets/2_scope1_facility_data/national_inventories/us/Inventory_US_GHG_Emissions_Sinks_2024_Complete_main_text_tables/archived_Executive_Summary.zip,9940,.zip,cf8c2a611ec6fbcef827ae205cbda94ee167e298fec91944e2303c90baa5ed7c,inherited-unverified
datasets/2_scope1_facility_data/national_inventories/us/Inventory_US_GHG_Emissions_Sinks_2024_Complete_main_text_tables/archived_Main_Text_CSVs.zip,443178,.zip,bda4db89ee2d3233742d640eeba375a20475592ccdb0795d15ef675f14a97530,inherited-unverified
datasets/2_scope1_facility_data/national_inventories/us/Inventory_US_GHG_Emissions_Sinks_2024_Complete_main_text_tables/Table_1-1.csv,2760,.csv,0ff11c23c3f085be4b48dbf5a4944f7d2c4184479ecd3c178b0c132388d4e2fa,inherited-unverified
datasets/2_scope1_facility_data/national_inventories/us/Inventory_US_GHG_Emissions_Sinks_2024_Complete_main_text_tables/Table_1-2.csv,1169,.csv,24723a1c5db36d39dfefd42a47447e08f790279a871666cc182144369961e322,inherited-unverified
datasets/2_scope1_facility_data/national_inventories/us/Inventory_US_GHG_Emissions_Sinks_2024_Complete_main_text_tables/Table_1-3.csv,1749,.csv,7717a140394a9fbf8f19e0b32d49e7411054540232537f423827aa4d145a6662,inherited-unverified
datasets/2_scope1_facility_data/national_inventories/us/Inventory_US_GHG_Emissions_Sinks_2024_Complete_main_text_tables/Table_1-4.csv,5444,.csv,2d6ab509b3a284e5471a70feacd634145ec110747abf1b1e6f6f715f3c20a8e7,inherited-unverified
datasets/2_scope1_facility_data/national_inventories/us/Inventory_US_GHG_Emissions_Sinks_2024_Complete_main_text_tables/Table_1-5.csv,3003,.csv,8e75ae7c90a9e841db31c92695ad94572a77ddc841c9d2e17588472eb61fd95d,inherited-unverified
datasets/2_scope1_facility_data/national_inventories/us/Inventory_US_GHG_Emissions_Sinks_2024_Complete_main_text_tables/Table_1-6.csv,3050,.csv,a422b819ffea7e6d249848bef43fe4602e5b887e98f2d514e71f1a22c30d1bdb,inherited-unverified
datasets/2_scope1_facility_data/national_inventories/us/Inventory_US_GHG_Emissions_Sinks_2024_Complete_main_text_tables/Table_1-7.csv,2188,.csv,44a3a8eb32f2181df31a5de37b52ea1405c01660eb2d5acd776ce753e1f71582,inherited-unverified
datasets/2_scope1_facility_data/national_inventories/us/Inventory_US_GHG_Emissions_Sinks_2024_Complete_main_text_tables/Table_1-8.csv,726,.csv,c79011a47f6e5574bc6e95907aa4ee81671efe37d6c7f14ef2eb3974f6d958af,inherited-unverified
datasets/2_scope1_facility_data/national_inventories/us/Inventory_US_GHG_Emissions_Sinks_2024_Complete_main_text_tables/Table_1-9.csv,2686,.csv,09fe7ec268f932efa976b0d4e2c49f9d6f700acc182011d7247bbf2ab9182229,inherited-unverified
datasets/2_scope1_facility_data/national_inventories/us/Inventory_US_GHG_Emissions_Sinks_2024_Complete_main_text_tables/Table_2-1.csv,19760,.csv,4ee69677ad4212877ec392e2e2dee39897a2733e28f28dd333bf4bb180170647,inherited-unverified
datasets/2_scope1_facility_data/national_inventories/us/Inventory_US_GHG_Emissions_Sinks_2024_Complete_main_text_tables/Table_2-10.csv,16161,.csv,08110b4e538cc0ef7965988b1f5bd58ce703d7fa3e62662b8f3e36b6c2588abf,inherited-unverified
datasets/2_scope1_facility_data/national_inventories/us/Inventory_US_GHG_Emissions_Sinks_2024_Complete_main_text_tables/Table_2-11.csv,3704,.csv,856c9046c3a50adbccafc6c7a4e1a571d473b89337ccd133780683ae5dc50766,inherited-unverified
datasets/2_scope1_facility_data/national_inventories/us/Inventory_US_GHG_Emissions_Sinks_2024_Complete_main_text_tables/Table_2-12.csv,11635,.csv,de7b79232994b943f89ab75f3a965cec4b6f6b0c24e112b44a1444fd49f0746c,inherited-unverified
datasets/2_scope1_facility_data/national_inventories/us/Inventory_US_GHG_Emissions_Sinks_2024_Complete_main_text_tables/Table_2-13.csv,10626,.csv,81630a9eb7c3ff1a988110d549f0db00b0c2f8a9bf6d8cb63755eab8d6fba73a,inherited-unverified
datasets/2_scope1_facility_data/national_inventories/us/Inventory_US_GHG_Emissions_Sinks_2024_Complete_main_text_tables/Table_2-14.csv,1327,.csv,7de06571a3354bae31e4df96e79d58930f807ea210cb16878b6410519b8baa3f,inherited-unverified
datasets/2_scope1_facility_data/national_inventories/us/Inventory_US_GHG_Emissions_Sinks_2024_Complete_main_text_tables/Table_2-15.csv,4487,.csv,2dd4a3edbede49ecf02df414cb634b16e877dec832f9be438d33588d3ba0e0ef,inherited-unverified
datasets/2_scope1_facility_data/national_inventories/us/Inventory_US_GHG_Emissions_Sinks_2024_Complete_main_text_tables/Table_2-2.csv,20259,.csv,e90d297fb507a3161b765198ac6cb03cfa6f8c8c2ce4cbf7dd66ec6eff521344,inherited-unverified
datasets/2_scope1_facility_data/national_inventories/us/Inventory_US_GHG_Emissions_Sinks_2024_Complete_main_text_tables/Table_2-3.csv,13514,.csv,7b9596f3ebaed1878c1cf9421c491424f4fc9822a0d39f6d69ddc0572a4b81f0,inherited-unverified
datasets/2_scope1_facility_data/national_inventories/us/Inventory_US_GHG_Emissions_Sinks_2024_Complete_main_text_tables/Table_2-4.csv,8077,.csv,6ca167fda5c006f31c1511bd3057c14515f95a8cbed9e43cc9b731056f825f9f,inherited-unverified
datasets/2_scope1_facility_data/national_inventories/us/Inventory_US_GHG_Emissions_Sinks_2024_Complete_main_text_tables/Table_2-5.csv,3997,.csv,9f6bf17a0bb9fff93b317856930c88b06e1437a5df19afc50ff9d0f223b19467,inherited-unverified
datasets/2_scope1_facility_data/national_inventories/us/Inventory_US_GHG_Emissions_Sinks_2024_Complete_main_text_tables/Table_2-6.csv,10218,.csv,b8c396f2f330125803080165be4015f566f34aa66a80483f66647b87c47f3880,inherited-unverified
datasets/2_scope1_facility_data/national_inventories/us/Inventory_US_GHG_Emissions_Sinks_2024_Complete_main_text_tables/Table_2-7.csv,2853,.csv,b2b1f7569166a684f9069b791abb93bfc1ac11536ca2387c5050e7e881d303cf,inherited-unverified
datasets/2_scope1_facility_data/national_inventories/us/Inventory_US_GHG_Emissions_Sinks_2024_Complete_main_text_tables/Table_2-8.csv,11789,.csv,cbe306dae407fd57762362c0a355352b2e1857b3bf94e3ffc8f7c4577a1413e5,inherited-unverified
datasets/2_scope1_facility_data/national_inventories/us/Inventory_US_GHG_Emissions_Sinks_2024_Complete_main_text_tables/Table_2-9.csv,2109,.csv,c7fbf26ea030373673875cfc5a9b3fad404f5180fe053959fdf120560a02a954,inherited-unverified
datasets/2_scope1_facility_data/national_inventories/us/Inventory_US_GHG_Emissions_Sinks_2024_Complete_main_text_tables/Table_3-1.csv,10693,.csv,54271e21e08e73696e6bf885a0ee87d920178ba5593fcec0ec273cd70fa0e9ea,inherited-unverified
datasets/2_scope1_facility_data/national_inventories/us/Inventory_US_GHG_Emissions_Sinks_2024_Complete_main_text_tables/Table_3-10.csv,4626,.csv,778b6a9a6078794b74736e34a31e6d5504c45ff6313066883fbd60ba17a1e041,inherited-unverified
datasets/2_scope1_facility_data/national_inventories/us/Inventory_US_GHG_Emissions_Sinks_2024_Complete_main_text_tables/Table_3-100.csv,959,.csv,6f0f93f81701d8bde416aee8867416dc0270ad7c2705e246019ab72c1c81af4b,inherited-unverified
datasets/2_scope1_facility_data/national_inventories/us/Inventory_US_GHG_Emissions_Sinks_2024_Complete_main_text_tables/Table_3-101.csv,2258,.csv,c1c5069187039e21712a34d9a81c7356227e12b4e4fe51556784021f4fad6858,inherited-unverified
datasets/2_scope1_facility_data/national_inventories/us/Inventory_US_GHG_Emissions_Sinks_2024_Complete_main_text_tables/Table_3-102.csv,643,.csv,44d9a26af9fbba4e767e3b569163531510adc5ab34b01c6b517df3fae36df6b7,inherited-unverified
datasets/2_scope1_facility_data/national_inventories/us/Inventory_US_GHG_Emissions_Sinks_2024_Complete_main_text_tables/Table_3-103.csv,1052,.csv,a59b2b2776a9555a2420464e66990f7be3459507fa2c59b57b9284f73f195809,inherited-unverified
datasets/2_scope1_facility_data/national_inventories/us/Inventory_US_GHG_Emissions_Sinks_2024_Complete_main_text_tables/Table_3-104.csv,804,.csv,872667b6966ef3a19fc4e7da03bd842f619014cc839598d9243fb3a1377afa05,inherited-unverified
datasets/2_scope1_facility_data/national_inventories/us/Inventory_US_GHG_Emissions_Sinks_2024_Complete_main_text_tables/Table_3-105.csv,978,.csv,8e572a2f0d722e13d6b07d79d0fc8e6303c126e7b1afe8e29d5aa4e3d39adb31,inherited-unverified
datasets/2_scope1_facility_data/national_inventories/us/Inventory_US_GHG_Emissions_Sinks_2024_Complete_main_text_tables/Table_3-106.csv,4326,.csv,8408039604e8dc9a95bfeadbe645307acc22031c57884980070a58233404f9e3,inherited-unverified
datasets/2_scope1_facility_data/national_inventories/us/Inventory_US_GHG_Emissions_Sinks_2024_Complete_main_text_tables/Table_3-107.csv,4037,.csv,54039006ae2c70de03a6717277c8e640bc5a818ed78c474b5465ceb6a83050d7,inherited-unverified
datasets/2_scope1_facility_data/national_inventories/us/Inventory_US_GHG_Emissions_Sinks_2024_Complete_main_text_tables/Table_3-108.csv,1127,.csv,d4c013fef5e7667ee645908aa06e15cfde13f648c5b300296a0531a5e5e54a05,inherited-unverified
datasets/2_scope1_facility_data/national_inventories/us/Inventory_US_GHG_Emissions_Sinks_2024_Complete_main_text_tables/Table_3-109.csv,818,.csv,9a21d71f09d43e3a992b6edc59fd9cffe0ad3af1642ea20af7edf274e3c59eea,inherited-unverified
datasets/2_scope1_facility_data/national_inventories/us/Inventory_US_GHG_Emissions_Sinks_2024_Complete_main_text_tables/Table_3-11.csv,4173,.csv,219b1b86df33a7db36ca951f65d71420eb8ad44fb0a3f7c1488fd84d28952f57,inherited-unverified
datasets/2_scope1_facility_data/national_inventories/us/Inventory_US_GHG_Emissions_Sinks_2024_Complete_main_text_tables/Table_3-110.csv,775,.csv,b3b0bc91d40e86ccdc41c8a1f415f21452048e0da9645b5d54f3260d40c189ec,inherited-unverified
datasets/2_scope1_facility_data/national_inventories/us/Inventory_US_GHG_Emissions_Sinks_2024_Complete_main_text_tables/Table_3-111.csv,685,.csv,7c8b4713140bfb0338308fb33a8f1dcc668954aaf4f683806bb871c20198ea4d,inherited-unverified
datasets/2_scope1_facility_data/national_inventories/us/Inventory_US_GHG_Emissions_Sinks_2024_Complete_main_text_tables/Table_3-112.csv,611,.csv,0724fd75be17c6ab888ad8d2e482122b41b6470f560c9991bab843241026ba0f,inherited-unverified
datasets/2_scope1_facility_data/national_inventories/us/Inventory_US_GHG_Emissions_Sinks_2024_Complete_main_text_tables/Table_3-113.csv,2699,.csv,1f4016e7329985f4ae3972f597db249e1d825d6928379c2775a887622454de22,inherited-unverified
datasets/2_scope1_facility_data/national_inventories/us/Inventory_US_GHG_Emissions_Sinks_2024_Complete_main_text_tables/Table_3-114.csv,2482,.csv,466a7c03d35ad59277d98841266c2efe7114f3759cecc5f6216df67f0632c55a,inherited-unverified
datasets/2_scope1_facility_data/national_inventories/us/Inventory_US_GHG_Emissions_Sinks_2024_Complete_main_text_tables/Table_3-115.csv,928,.csv,4127c954c16c18cff4b948dc270fce934934271df09a72004524ebed255143ef,inherited-unverified
datasets/2_scope1_facility_data/national_inventories/us/Inventory_US_GHG_Emissions_Sinks_2024_Complete_main_text_tables/Table_3-116.csv,2315,.csv,44f7925d6b3fc0c99bc2e6dd4999465d4930662c28ca3701ac048bfc97a5ccf4,inherited-unverified
datasets/2_scope1_facility_data/national_inventories/us/Inventory_US_GHG_Emissions_Sinks_2024_Complete_main_text_tables/Table_3-117.csv,2305,.csv,802f706f5ad2de5f10458df9f7856f6122458f5c9078f3b2a29dacaa1bbe1a60,inherited-unverified
datasets/2_scope1_facility_data/national_inventories/us/Inventory_US_GHG_Emissions_Sinks_2024_Complete_main_text_tables/Table_3-118.csv,985,.csv,508039be163064013e6f557cf470a7dea9dd48899734f7c8d97598d4e62e1211,inherited-unverified
datasets/2_scope1_facility_data/national_inventories/us/Inventory_US_GHG_Emissions_Sinks_2024_Complete_main_text_tables/Table_3-119.csv,1468,.csv,a0a7875868985f67e77027411ad1f12d8422250fa8d65ec4a59f54a9881e9560,inherited-unverified
datasets/2_scope1_facility_data/national_inventories/us/Inventory_US_GHG_Emissions_Sinks_2024_Complete_main_text_tables/Table_3-12.csv,2203,.csv,74316bfb59bb9322478305e880b8c700786977ecd6160a0dffaeadf4bfa4058a,inherited-unverified
datasets/2_scope1_facility_data/national_inventories/us/Inventory_US_GHG_Emissions_Sinks_2024_Complete_main_text_tables/Table_3-120.csv,1303,.csv,a6237d7841f5ed8df1f2068f8a8c64501518faead2267eb52b0c880eacc42789,inherited-unverified
datasets/2_scope1_facility_data/national_inventories/us/Inventory_US_GHG_Emissions_Sinks_2024_Complete_main_text_tables/Table_3-121.csv,2268,.csv,0fc31b50423aeca193e296e8bd915dc6d2656ddeb1df3b6246b5b2991e53147c,inherited-unverified
datasets/2_scope1_facility_data/national_inventories/us/Inventory_US_GHG_Emissions_Sinks_2024_Complete_main_text_tables/Table_3-122.csv,470,.csv,3b9dbcddb161afe3adcbc89b12856d2a8b97999462fef4eb3a6de2a65d9af71a,inherited-unverified
datasets/2_scope1_facility_data/national_inventories/us/Inventory_US_GHG_Emissions_Sinks_2024_Complete_main_text_tables/Table_3-123.csv,645,.csv,f5a9fa4b619d7ee62c1950bff97757c653f97ed257b580d05bdda64a2ff07404,inherited-unverified
datasets/2_scope1_facility_data/national_inventories/us/Inventory_US_GHG_Emissions_Sinks_2024_Complete_main_text_tables/Table_3-124.csv,1093,.csv,9360d9c7254508cf9a9e34a48a96cbb5ae2482bdf7a3ed318b609982209a56e3,inherited-unverified
datasets/2_scope1_facility_data/national_inventories/us/Inventory_US_GHG_Emissions_Sinks_2024_Complete_main_text_tables/Table_3-125.csv,1679,.csv,28826cf4bf02a9b9aa962d734283024152030b354ac1ca3678313ca2769780c3,inherited-unverified
datasets/2_scope1_facility_data/national_inventories/us/Inventory_US_GHG_Emissions_Sinks_2024_Complete_main_text_tables/Table_3-126.csv,622,.csv,b771509d9181a392aaa4acd1f00119296cc222fbae9ae05498dbf6cacfb52768,inherited-unverified
datasets/2_scope1_facility_data/national_inventories/us/Inventory_US_GHG_Emissions_Sinks_2024_Complete_main_text_tables/Table_3-127.csv,704,.csv,f0f8f3c08bd3574ad532819aa5ec84bae6648f311c117c68a8b5aa6741eb5f88,inherited-unverified
datasets/2_scope1_facility_data/national_inventories/us/Inventory_US_GHG_Emissions_Sinks_2024_Complete_main_text_tables/Table_3-128.csv,458,.csv,9b8155135de721b05f74781779dafa3a492b213277b2fb092dbbda35e4cd1926,inherited-unverified
datasets/2_scope1_facility_data/national_inventories/us/Inventory_US_GHG_Emissions_Sinks_2024_Complete_main_text_tables/Table_3-129.csv,1441,.csv,a1b2582eeef4cf54cc67db111eec0db2f534c32941097d95b9324a3ecb2e9445,inherited-unverified
datasets/2_scope1_facility_data/national_inventories/us/Inventory_US_GHG_Emissions_Sinks_2024_Complete_main_text_tables/Table_3-13.csv,12010,.csv,05f02a1bdedd975dc69a98ea4c6cb83d788b66f1a1f7a1d3181527bf5a7ee553,inherited-unverified
datasets/2_scope1_facility_data/national_inventories/us/Inventory_US_GHG_Emissions_Sinks_2024_Complete_main_text_tables/Table_3-130.csv,1110,.csv,69a151588618c4bfdde37808e6034d430ac40a079090a6a677ffd5e4797e7d77,inherited-unverified
datasets/2_scope1_facility_data/national_inventories/us/Inventory_US_GHG_Emissions_Sinks_2024_Complete_main_text_tables/Table_3-131.csv,496,.csv,09cec3df1d5c3b3081aacf6428ae2a8619821387360972c2aed8673529ec81ca,inherited-unverified
datasets/2_scope1_facility_data/national_inventories/us/Inventory_US_GHG_Emissions_Sinks_2024_Complete_main_text_tables/Table_3-132.csv,8909,.csv,b043aadb1956c0262bea522ea208343c992fac47477a291f9ecac4f1fa9efee0,inherited-unverified
datasets/2_scope1_facility_data/national_inventories/us/Inventory_US_GHG_Emissions_Sinks_2024_Complete_main_text_tables/Table_3-14.csv,4798,.csv,d154c1a516de7309c68bce66b2b94c72f6708d3d96fd5537113a925cadb77b2c,inherited-unverified
datasets/2_scope1_facility_data/national_inventories/us/Inventory_US_GHG_Emissions_Sinks_2024_Complete_main_text_tables/Table_3-15.csv,5118,.csv,699465d690fd7c04e15bdb59ce2c3b6ab78ac9401915570516e54d7ef6acf1dd,inherited-unverified
datasets/2_scope1_facility_data/national_inventories/us/Inventory_US_GHG_Emissions_Sinks_2024_Complete_main_text_tables/Table_3-16.csv,2012,.csv,f5f9dd91e3e5a619c09d7bf3adb6f72393e01677b1dcc0defe7378594b652564,inherited-unverified
datasets/2_scope1_facility_data/national_inventories/us/Inventory_US_GHG_Emissions_Sinks_2024_Complete_main_text_tables/Table_3-17.csv,1754,.csv,a375a44ca431e2a2d42a8325a08f7bd284f0ee88c6db3889b7e81b3e3439f42b,inherited-unverified
datasets/2_scope1_facility_data/national_inventories/us/Inventory_US_GHG_Emissions_Sinks_2024_Complete_main_text_tables/Table_3-18.csv,624,.csv,c3da429c01170360b39903aec1cd3eb0ef3e29196d1c69524153c7ddefe6cb93,inherited-unverified
datasets/2_scope1_facility_data/national_inventories/us/Inventory_US_GHG_Emissions_Sinks_2024_Complete_main_text_tables/Table_3-19.csv,247,.csv,53dfd90a97c143978b7cac53348e8c398b4f20713cbdec0a44a4aa963e88d193,inherited-unverified
datasets/2_scope1_facility_data/national_inventories/us/Inventory_US_GHG_Emissions_Sinks_2024_Complete_main_text_tables/Table_3-2.csv,6152,.csv,72e63de100c6c90df568ae9498e1b6ec38f47c04f09c68adca6a76ef6ffc6fc0,inherited-unverified
datasets/2_scope1_facility_data/national_inventories/us/Inventory_US_GHG_Emissions_Sinks_2024_Complete_main_text_tables/Table_3-20.csv,580,.csv,2d1ef6e50b4a143f4bc528ac215c00e8dc16df79aae551ac57a50a4c36ee951b,inherited-unverified
datasets/2_scope1_facility_data/national_inventories/us/Inventory_US_GHG_Emissions_Sinks_2024_Complete_main_text_tables/Table_3-21.csv,523,.csv,8dfbf322e1921542b1cafa56c5b053f39e0dc7c545236559c75c0221c81207cf,inherited-unverified
datasets/2_scope1_facility_data/national_inventories/us/Inventory_US_GHG_Emissions_Sinks_2024_Complete_main_text_tables/Table_3-22.csv,1429,.csv,9284bfc4b9048a5cbc891b972488af92a180ccfdae061d0b5c7ef0be2f1de859,inherited-unverified
datasets/2_scope1_facility_data/national_inventories/us/Inventory_US_GHG_Emissions_Sinks_2024_Complete_main_text_tables/Table_3-23.csv,5016,.csv,f861269d9c32c7ddb0603eca9ecbeb220cfc663206bed95ea372526cbd38f873,inherited-unverified
datasets/2_scope1_facility_data/national_inventories/us/Inventory_US_GHG_Emissions_Sinks_2024_Complete_main_text_tables/Table_3-24.csv,1787,.csv,9a2f7867e2793652bd602ac485a87272cb1324c1ea281cab81a5f2d4665e836a,inherited-unverified
datasets/2_scope1_facility_data/national_inventories/us/Inventory_US_GHG_Emissions_Sinks_2024_Complete_main_text_tables/Table_3-25.csv,724,.csv,e5bc69fb2ae2f3fddc711f102487a5f2ff7793cda7381d498ec45e071a659721,inherited-unverified
datasets/2_scope1_facility_data/national_inventories/us/Inventory_US_GHG_Emissions_Sinks_2024_Complete_main_text_tables/Table_3-26.csv,703,.csv,a60e4c98dba4483d752ff09e736dbb4bd438c8ea3051041885bc8a0ea597bacb,inherited-unverified
datasets/2_scope1_facility_data/national_inventories/us/Inventory_US_GHG_Emissions_Sinks_2024_Complete_main_text_tables/Table_3-27.csv,1030,.csv,97fc10763f42be9174ffa91f6a10eaa081017409c134f935a23cef8369f5a693,inherited-unverified
datasets/2_scope1_facility_data/national_inventories/us/Inventory_US_GHG_Emissions_Sinks_2024_Complete_main_text_tables/Table_3-28.csv,720,.csv,8c9298f2bd64996f9b331838359a735b8900f62a714ae14af250d498b68ada25,inherited-unverified
datasets/2_scope1_facility_data/national_inventories/us/Inventory_US_GHG_Emissions_Sinks_2024_Complete_main_text_tables/Table_3-29.csv,1289,.csv,64c2d1d074834e2dc2414dfa1ff4c00d7713b3b565a19774ec8360e8fda4b519,inherited-unverified
datasets/2_scope1_facility_data/national_inventories/us/Inventory_US_GHG_Emissions_Sinks_2024_Complete_main_text_tables/Table_3-3.csv,1188,.csv,6d805cec10f6c0d00f45b98a47ee252c5ce1f5cbdd93cd12b6bcb5ea87cc8632,inherited-unverified
datasets/2_scope1_facility_data/national_inventories/us/Inventory_US_GHG_Emissions_Sinks_2024_Complete_main_text_tables/Table_3-30.csv,455,.csv,2d4b31e02a40fccb1e3f4ef4066da8c4f6e591f0d03453f45750a8e34a648ce2,inherited-unverified
datasets/2_scope1_facility_data/national_inventories/us/Inventory_US_GHG_Emissions_Sinks_2024_Complete_main_text_tables/Table_3-31.csv,695,.csv,71f9bcb1d6add16b42b7c098d1eb0e49690dcf18e572771054788c3f82f4a4fb,inherited-unverified
datasets/2_scope1_facility_data/national_inventories/us/Inventory_US_GHG_Emissions_Sinks_2024_Complete_main_text_tables/Table_3-32.csv,530,.csv,1f691912ba83123c2202c7cfe10ed226cb6273fff98db6ef47ba118222408333,inherited-unverified
datasets/2_scope1_facility_data/national_inventories/us/Inventory_US_GHG_Emissions_Sinks_2024_Complete_main_text_tables/Table_3-33.csv,1320,.csv,a5351aa6c186b8a1aa34e17f38a5a83691c05fe99a7559813e943d65e76c76a6,inherited-unverified
datasets/2_scope1_facility_data/national_inventories/us/Inventory_US_GHG_Emissions_Sinks_2024_Complete_main_text_tables/Table_3-34.csv,1622,.csv,ecdbcc198b2687fa00b47456cb700802803524e89c7ef7314e9e014a59027141,inherited-unverified
datasets/2_scope1_facility_data/national_inventories/us/Inventory_US_GHG_Emissions_Sinks_2024_Complete_main_text_tables/Table_3-35.csv,1534,.csv,8c53842048547a5de509da032fe8a6a7ade1d4afb66f5e312f4e0e463d1a8dcc,inherited-unverified
datasets/2_scope1_facility_data/national_inventories/us/Inventory_US_GHG_Emissions_Sinks_2024_Complete_main_text_tables/Table_3-36.csv,1357,.csv,7dd9379a6fd344cd5a589c0e50aca85c559ad9770cbebb80cb6afaba1b70e497,inherited-unverified
datasets/2_scope1_facility_data/national_inventories/us/Inventory_US_GHG_Emissions_Sinks_2024_Complete_main_text_tables/Table_3-37.csv,1397,.csv,ffc755d9c9eea7ab5031d60697e933418331b329da66fcae0277afb83e88292b,inherited-unverified
datasets/2_scope1_facility_data/national_inventories/us/Inventory_US_GHG_Emissions_Sinks_2024_Complete_main_text_tables/Table_3-38.csv,515,.csv,130768b76744d32313256bc8fae72ebb4db5819fef5ba1a26edf634e659e52f0,inherited-unverified
datasets/2_scope1_facility_data/national_inventories/us/Inventory_US_GHG_Emissions_Sinks_2024_Complete_main_text_tables/Table_3-39.csv,952,.csv,64df4659da91f86563be6b798d6625e35228831f20dc951cb53362fd9c01317e,inherited-unverified
datasets/2_scope1_facility_data/national_inventories/us/Inventory_US_GHG_Emissions_Sinks_2024_Complete_main_text_tables/Table_3-4.csv,923,.csv,ef8b4b02d22b1ca1d9d826962bb68ec8fdaabf891dcc7cb599e45afc7a5e8e03,inherited-unverified
datasets/2_scope1_facility_data/national_inventories/us/Inventory_US_GHG_Emissions_Sinks_2024_Complete_main_text_tables/Table_3-40.csv,907,.csv,3baa5e7a6d99323955614110683acf73906ff70981b4e28195430c407677163a,inherited-unverified
datasets/2_scope1_facility_data/national_inventories/us/Inventory_US_GHG_Emissions_Sinks_2024_Complete_main_text_tables/Table_3-41.csv,451,.csv,390fe0314a855c03d592305e14d7263ef01a425b27057b61c029b0eb6639b115,inherited-unverified
datasets/2_scope1_facility_data/national_inventories/us/Inventory_US_GHG_Emissions_Sinks_2024_Complete_main_text_tables/Table_3-42.csv,497,.csv,181efd006526a94dc0c8454fff7e025c07cbfee21f6d7af4719ba930f7b95664,inherited-unverified
datasets/2_scope1_facility_data/national_inventories/us/Inventory_US_GHG_Emissions_Sinks_2024_Complete_main_text_tables/Table_3-43.csv,1197,.csv,197e540a2de15d69d92d0a9b65714a16be7b42bb19044699b5e3d87a94833aed,inherited-unverified
datasets/2_scope1_facility_data/national_inventories/us/Inventory_US_GHG_Emissions_Sinks_2024_Complete_main_text_tables/Table_3-44.csv,2406,.csv,e9f40f05de57c1b90ab68d81432c10bcd32bf7fb03b3ee3a771648292f829720,inherited-unverified
datasets/2_scope1_facility_data/national_inventories/us/Inventory_US_GHG_Emissions_Sinks_2024_Complete_main_text_tables/Table_3-45.csv,2111,.csv,8c6eaeb585fc8440c9cf1e9db541e6359452397a80b9e41c78deab48121cec1f,inherited-unverified
datasets/2_scope1_facility_data/national_inventories/us/Inventory_US_GHG_Emissions_Sinks_2024_Complete_main_text_tables/Table_3-46.csv,1108,.csv,2ae2e984ce399031a91485730e0f359716f4ac0bd51a6df1d19ec2fa87c380cb,inherited-unverified
datasets/2_scope1_facility_data/national_inventories/us/Inventory_US_GHG_Emissions_Sinks_2024_Complete_main_text_tables/Table_3-47.csv,1136,.csv,f748ec6784ae95cd2efb34cc3fbb75b9cc6a15e5423e9d81ef636a28c30db1b0,inherited-unverified
datasets/2_scope1_facility_data/national_inventories/us/Inventory_US_GHG_Emissions_Sinks_2024_Complete_main_text_tables/Table_3-48.csv,1262,.csv,488f443539950fcf70f9787b4609a025786d60142315615a78e17db8aa0bc438,inherited-unverified
datasets/2_scope1_facility_data/national_inventories/us/Inventory_US_GHG_Emissions_Sinks_2024_Complete_main_text_tables/Table_3-49.csv,1231,.csv,967d1406602ecbc1062faa53814b20a513e903556f7a532a6f622946a392ccd2,inherited-unverified
datasets/2_scope1_facility_data/national_inventories/us/Inventory_US_GHG_Emissions_Sinks_2024_Complete_main_text_tables/Table_3-5.csv,5287,.csv,52c934fe76ce90d747fa710bc1674e39a69645cf1bec2ec77e18ddfd70e8a486,inherited-unverified
datasets/2_scope1_facility_data/national_inventories/us/Inventory_US_GHG_Emissions_Sinks_2024_Complete_main_text_tables/Table_3-50.csv,826,.csv,d2a7b0ef7d84f1680673c10715050fbbdd631dc31f1db4ef7bd07308b0ce9ff8,inherited-unverified
datasets/2_scope1_facility_data/national_inventories/us/Inventory_US_GHG_Emissions_Sinks_2024_Complete_main_text_tables/Table_3-51.csv,671,.csv,f87e47a586dc56e536dc07a636c0fba800183ad80a4243c7b93a4ef6cf927823,inherited-unverified
datasets/2_scope1_facility_data/national_inventories/us/Inventory_US_GHG_Emissions_Sinks_2024_Complete_main_text_tables/Table_3-52.csv,755,.csv,771cd5c2cedc7e3fd0d1819d7545aaf8a35e4599f673c922265327f2cb6f3e49,inherited-unverified
datasets/2_scope1_facility_data/national_inventories/us/Inventory_US_GHG_Emissions_Sinks_2024_Complete_main_text_tables/Table_3-53.csv,1708,.csv,99eaae9b57eba0afac175621396279001de95144e556fef89bd4da30843f74b1,inherited-unverified
datasets/2_scope1_facility_data/national_inventories/us/Inventory_US_GHG_Emissions_Sinks_2024_Complete_main_text_tables/Table_3-54.csv,1388,.csv,447554443881559174854260666b2538597d15dbad1277a842d2e2993ab7b192,inherited-unverified
datasets/2_scope1_facility_data/national_inventories/us/Inventory_US_GHG_Emissions_Sinks_2024_Complete_main_text_tables/Table_3-55.csv,1513,.csv,48596bd2c49ac74a4d3e9edfb402c182aa9442dbb86d8f3ff7e0f8f6bd693743,inherited-unverified
datasets/2_scope1_facility_data/national_inventories/us/Inventory_US_GHG_Emissions_Sinks_2024_Complete_main_text_tables/Table_3-56.csv,1634,.csv,c55bc5760fc8115d629a7b5d0e821b1cb12cda57f642fc3f9a5d26b2240366b7,inherited-unverified
datasets/2_scope1_facility_data/national_inventories/us/Inventory_US_GHG_Emissions_Sinks_2024_Complete_main_text_tables/Table_3-57.csv,1524,.csv,aef24c6193995ea3308b2599c5aabca55a6d4612a8cc9fc86aa93f0e435b6076,inherited-unverified
datasets/2_scope1_facility_data/national_inventories/us/Inventory_US_GHG_Emissions_Sinks_2024_Complete_main_text_tables/Table_3-58.csv,1700,.csv,e28e19a33af508d04fcabf2c9a43d98da3bfef4d8dca11a1b8a260679e5d0160,inherited-unverified
datasets/2_scope1_facility_data/national_inventories/us/Inventory_US_GHG_Emissions_Sinks_2024_Complete_main_text_tables/Table_3-59.csv,1725,.csv,5b99bd5789139ca013d62e21d06ea08d0a7e5dae57f329b6584c4c31369833e5,inherited-unverified
datasets/2_scope1_facility_data/national_inventories/us/Inventory_US_GHG_Emissions_Sinks_2024_Complete_main_text_tables/Table_3-6.csv,1365,.csv,4baa153f3574674dce86dcf35fa2318c25e0124d49c776c7f2bf5c66803d9ef4,inherited-unverified
datasets/2_scope1_facility_data/national_inventories/us/Inventory_US_GHG_Emissions_Sinks_2024_Complete_main_text_tables/Table_3-60.csv,714,.csv,9c21a6de40c1c476faf18e53ba576f7f2f72b3c391c761526a284ca48a5330a0,inherited-unverified
datasets/2_scope1_facility_data/national_inventories/us/Inventory_US_GHG_Emissions_Sinks_2024_Complete_main_text_tables/Table_3-61.csv,1376,.csv,827f95b8a810f61947c6bb87a2883db69858fa36f630875bfd0119c61f647940,inherited-unverified
datasets/2_scope1_facility_data/national_inventories/us/Inventory_US_GHG_Emissions_Sinks_2024_Complete_main_text_tables/Table_3-62.csv,807,.csv,a1f460a0735eeccbfcba4e0d644e3fe7d54ae44d470a58ae92d24e6e590fa021,inherited-unverified
datasets/2_scope1_facility_data/national_inventories/us/Inventory_US_GHG_Emissions_Sinks_2024_Complete_main_text_tables/Table_3-63.csv,1235,.csv,66a279bd9e53f8607102875b3cdc46e092e7a1597bee241a005a317033239bbc,inherited-unverified
datasets/2_scope1_facility_data/national_inventories/us/Inventory_US_GHG_Emissions_Sinks_2024_Complete_main_text_tables/Table_3-64.csv,2579,.csv,d0058c4250f0a0425f3f5c6e5fe1afc23cf108d92e014b1c75c1894884b34a71,inherited-unverified
datasets/2_scope1_facility_data/national_inventories/us/Inventory_US_GHG_Emissions_Sinks_2024_Complete_main_text_tables/Table_3-65.csv,751,.csv,c44f4f03b575020ff8dd608e7f3bca1102bc3873895eab8441b2c2e5220268bf,inherited-unverified
datasets/2_scope1_facility_data/national_inventories/us/Inventory_US_GHG_Emissions_Sinks_2024_Complete_main_text_tables/Table_3-66.csv,1231,.csv,8845804ea732ad2a2169d69e42090924014c119c8ffbe4e35252dc2cf24e3ba7,inherited-unverified
datasets/2_scope1_facility_data/national_inventories/us/Inventory_US_GHG_Emissions_Sinks_2024_Complete_main_text_tables/Table_3-67.csv,1716,.csv,0a72d3751140e879dc854c11937b869ca560c4df9adde4f38d9fafb49382a5de,inherited-unverified
datasets/2_scope1_facility_data/national_inventories/us/Inventory_US_GHG_Emissions_Sinks_2024_Complete_main_text_tables/Table_3-68.csv,1045,.csv,84c954905e21cc7ce18b87811b9bf8874b3430d01df99665fe802b710c6f1429,inherited-unverified
datasets/2_scope1_facility_data/national_inventories/us/Inventory_US_GHG_Emissions_Sinks_2024_Complete_main_text_tables/Table_3-69.csv,1301,.csv,c0f0f987015f4e562197180b98b85eae78e16be9c9e3f50e105a1986e4f6868c,inherited-unverified
datasets/2_scope1_facility_data/national_inventories/us/Inventory_US_GHG_Emissions_Sinks_2024_Complete_main_text_tables/Table_3-7.csv,4613,.csv,efc3cd5db18013aedc3d468d470446b07eb733eafbb58c2274b7dbd2601c100d,inherited-unverified
datasets/2_scope1_facility_data/national_inventories/us/Inventory_US_GHG_Emissions_Sinks_2024_Complete_main_text_tables/Table_3-70.csv,223,.csv,56dd100dd52c5e6d0936fb05cbc0ca562a727b96e8e8a57ddf0d1b8feb27a135,inherited-unverified
datasets/2_scope1_facility_data/national_inventories/us/Inventory_US_GHG_Emissions_Sinks_2024_Complete_main_text_tables/Table_3-71.csv,312,.csv,88ce3ea75cead8c2fa7112e45d0aa21c1f010c75a0d690111abc9e0c8001adcf,inherited-unverified
datasets/2_scope1_facility_data/national_inventories/us/Inventory_US_GHG_Emissions_Sinks_2024_Complete_main_text_tables/Table_3-72.csv,1656,.csv,f415cc2168b8a29d10296f6acb881d5eb447d74db0d19c50dd2ec04fca8b2152,inherited-unverified
datasets/2_scope1_facility_data/national_inventories/us/Inventory_US_GHG_Emissions_Sinks_2024_Complete_main_text_tables/Table_3-73.csv,2135,.csv,806db0662d3e312cc8065b67208e4c6c59daa087f7913d624f6f3031c8b28e1f,inherited-unverified
datasets/2_scope1_facility_data/national_inventories/us/Inventory_US_GHG_Emissions_Sinks_2024_Complete_main_text_tables/Table_3-74.csv,2983,.csv,ace395983a9a809f5485c9b27f774a1216c7da16cec4ce627c04c71b3c109ea1,inherited-unverified
datasets/2_scope1_facility_data/national_inventories/us/Inventory_US_GHG_Emissions_Sinks_2024_Complete_main_text_tables/Table_3-75.csv,1384,.csv,2dd831c4310ab2b19aefa73eac377305ce33dbb3dd6a7a9bb87be16ad612c139,inherited-unverified
datasets/2_scope1_facility_data/national_inventories/us/Inventory_US_GHG_Emissions_Sinks_2024_Complete_main_text_tables/Table_3-76.csv,2163,.csv,8fb7f6a7f16948332c2ed1dc277784f12857546649881ad508033472b690935e,inherited-unverified
datasets/2_scope1_facility_data/national_inventories/us/Inventory_US_GHG_Emissions_Sinks_2024_Complete_main_text_tables/Table_3-77.csv,2174,.csv,93fe0baa288bc4f8b7358419a3ddf4d5f5a8279413f29837f4f33380c3f16079,inherited-unverified
datasets/2_scope1_facility_data/national_inventories/us/Inventory_US_GHG_Emissions_Sinks_2024_Complete_main_text_tables/Table_3-78.csv,1459,.csv,102252450b131550cd75ade01f6d57736534ef3e706333e538c7a68b3c374efb,inherited-unverified
datasets/2_scope1_facility_data/national_inventories/us/Inventory_US_GHG_Emissions_Sinks_2024_Complete_main_text_tables/Table_3-79.csv,869,.csv,01a968feef3ff1dbd73768778fff9e73c947b89ab78a614f3087e5724fcdabcf,inherited-unverified
datasets/2_scope1_facility_data/national_inventories/us/Inventory_US_GHG_Emissions_Sinks_2024_Complete_main_text_tables/Table_3-8.csv,3980,.csv,abb624cdae2a25c2054eaac1227728195a9a13066dc46ec52cb9f4a0f3a2bf2d,inherited-unverified
datasets/2_scope1_facility_data/national_inventories/us/Inventory_US_GHG_Emissions_Sinks_2024_Complete_main_text_tables/Table_3-80.csv,930,.csv,e429f8d19342777e5d6cbabb53e554b416b32766ee8afc06193acbef2ec77c7b,inherited-unverified
datasets/2_scope1_facility_data/national_inventories/us/Inventory_US_GHG_Emissions_Sinks_2024_Complete_main_text_tables/Table_3-81.csv,1077,.csv,451c7ab93404e2e13e05396c9b88c07a73fab8a997731d9b320a61ae44866993,inherited-unverified
datasets/2_scope1_facility_data/national_inventories/us/Inventory_US_GHG_Emissions_Sinks_2024_Complete_main_text_tables/Table_3-82.csv,2116,.csv,9a550337bd14c905e472c136e17e898e3b0cf544f7337a9215d1c0d63e207b0b,inherited-unverified
datasets/2_scope1_facility_data/national_inventories/us/Inventory_US_GHG_Emissions_Sinks_2024_Complete_main_text_tables/Table_3-83.csv,1417,.csv,9b47e95dc517f718ba2ce878721847ee64974fb142b117cc8a59313a94a52a85,inherited-unverified
datasets/2_scope1_facility_data/national_inventories/us/Inventory_US_GHG_Emissions_Sinks_2024_Complete_main_text_tables/Table_3-84.csv,1458,.csv,f9620bc9610d5bf2a9c17a5d6e96d74131721842ba327fbab3b934ece61975e4,inherited-unverified
datasets/2_scope1_facility_data/national_inventories/us/Inventory_US_GHG_Emissions_Sinks_2024_Complete_main_text_tables/Table_3-85.csv,1520,.csv,d2fde1a4d00889a74a8a49af452484b2c3c6a2eb0dcf91e8051b9269f0470bf7,inherited-unverified
datasets/2_scope1_facility_data/national_inventories/us/Inventory_US_GHG_Emissions_Sinks_2024_Complete_main_text_tables/Table_3-86.csv,1765,.csv,649005d34c2f13a494f6bbb1d3f1ab868f13fdcc762c1777e695ac19f0409710,inherited-unverified
datasets/2_scope1_facility_data/national_inventories/us/Inventory_US_GHG_Emissions_Sinks_2024_Complete_main_text_tables/Table_3-87.csv,1128,.csv,003c3ec53002755148c875609e3d5211ff58d755bdc213ef4f6546078e657cd3,inherited-unverified
datasets/2_scope1_facility_data/national_inventories/us/Inventory_US_GHG_Emissions_Sinks_2024_Complete_main_text_tables/Table_3-88.csv,1317,.csv,de54fe8fbcd0fbcf45c9b405120de1736bb65404e5684bb890304e0892348edd,inherited-unverified
datasets/2_scope1_facility_data/national_inventories/us/Inventory_US_GHG_Emissions_Sinks_2024_Complete_main_text_tables/Table_3-89.csv,1322,.csv,6a28af89eab3d8b262c083a1555376e9d620f8da0dc9e6be812c2f23f27a10c3,inherited-unverified
datasets/2_scope1_facility_data/national_inventories/us/Inventory_US_GHG_Emissions_Sinks_2024_Complete_main_text_tables/Table_3-9.csv,4090,.csv,9de4300e5325b7b39ca6a7e57a57653bf537190aca453c1f9ffe50a8b94cb005,inherited-unverified
datasets/2_scope1_facility_data/national_inventories/us/Inventory_US_GHG_Emissions_Sinks_2024_Complete_main_text_tables/Table_3-90.csv,2742,.csv,cec42702ba7216bc4f70eb50444a71ccb846034aebc3eafef2ee7bcbb01adc73,inherited-unverified
datasets/2_scope1_facility_data/national_inventories/us/Inventory_US_GHG_Emissions_Sinks_2024_Complete_main_text_tables/Table_3-91.csv,2941,.csv,4b892f50803f469eb09fd8c006dafda548033e9807e9947b55845a3c9daf49d4,inherited-unverified
datasets/2_scope1_facility_data/national_inventories/us/Inventory_US_GHG_Emissions_Sinks_2024_Complete_main_text_tables/Table_3-92.csv,1034,.csv,65de6caa1c0dccca82d0b9e4f6349ce635e1b1fee09d888ef0c1c62715e6fd05,inherited-unverified
datasets/2_scope1_facility_data/national_inventories/us/Inventory_US_GHG_Emissions_Sinks_2024_Complete_main_text_tables/Table_3-93.csv,2156,.csv,cf25eb9363b1a3250e9e03f01e05da38b3d0a7d86b98ee4a464a710751647d43,inherited-unverified
datasets/2_scope1_facility_data/national_inventories/us/Inventory_US_GHG_Emissions_Sinks_2024_Complete_main_text_tables/Table_3-94.csv,2388,.csv,2a6b7f36f04faf48e49ded2474d811c061e13042cff74077f32913897a73a3f0,inherited-unverified
datasets/2_scope1_facility_data/national_inventories/us/Inventory_US_GHG_Emissions_Sinks_2024_Complete_main_text_tables/Table_3-95.csv,2585,.csv,7e14ee7534f572e9cd817524656a8c2cc9fbe77f6b74456fc2ae94b9d7e21d92,inherited-unverified
datasets/2_scope1_facility_data/national_inventories/us/Inventory_US_GHG_Emissions_Sinks_2024_Complete_main_text_tables/Table_3-96.csv,1852,.csv,d21ffabcd3b04e5cfaba629c4892706db3a8a40c2eff2049b7fd44d17dcdbc72,inherited-unverified
datasets/2_scope1_facility_data/national_inventories/us/Inventory_US_GHG_Emissions_Sinks_2024_Complete_main_text_tables/Table_3-97.csv,1904,.csv,f47591086e26c73ee4d872841578f3582f62ff4bc7db4c271ce3fb24664849b2,inherited-unverified
datasets/2_scope1_facility_data/national_inventories/us/Inventory_US_GHG_Emissions_Sinks_2024_Complete_main_text_tables/Table_3-98.csv,1127,.csv,27f15e40aecceb7dfc904c1715c08385a7bff5040d736032915fb18f5491c0d1,inherited-unverified
datasets/2_scope1_facility_data/national_inventories/us/Inventory_US_GHG_Emissions_Sinks_2024_Complete_main_text_tables/Table_3-99.csv,1361,.csv,7c32d99cfbfc46bbdd32708735f7ef410a4dfe4916e444e097770cbeb1616c8b,inherited-unverified
datasets/2_scope1_facility_data/national_inventories/us/Inventory_US_GHG_Emissions_Sinks_2024_Complete_main_text_tables/Table_4-1.csv,9749,.csv,d3f9cba20e90dbb99c1e4b1a30fed050a26ba0d91a272e7ea9fdd4e2692cabfd,inherited-unverified
datasets/2_scope1_facility_data/national_inventories/us/Inventory_US_GHG_Emissions_Sinks_2024_Complete_main_text_tables/Table_4-10.csv,1068,.csv,6ce707229722a83b9b27765793a51d677ae34cf6c6956b0cfec60e4e5f121ce2,inherited-unverified
datasets/2_scope1_facility_data/national_inventories/us/Inventory_US_GHG_Emissions_Sinks_2024_Complete_main_text_tables/Table_4-100.csv,569,.csv,5e77eda9461b13b1a4190634de09f0fe9ef5ce7fb3e7c6531ff96a7829f973a2,inherited-unverified
datasets/2_scope1_facility_data/national_inventories/us/Inventory_US_GHG_Emissions_Sinks_2024_Complete_main_text_tables/Table_4-101.csv,424,.csv,eb7bb17c64627207254beb1251502d7df9bb1c6d87fb41205faad239b8d5a7a3,inherited-unverified
datasets/2_scope1_facility_data/national_inventories/us/Inventory_US_GHG_Emissions_Sinks_2024_Complete_main_text_tables/Table_4-102.csv,551,.csv,24beb205ca7007b13f397537ae003ba0d0f3fa4b31fbb8d5ea0d8738e91ee4f0,inherited-unverified
datasets/2_scope1_facility_data/national_inventories/us/Inventory_US_GHG_Emissions_Sinks_2024_Complete_main_text_tables/Table_4-103.csv,775,.csv,5985732bbf73aa70dc162622c511330f8ccd4df66f066092b9cab8966553a7a9,inherited-unverified
datasets/2_scope1_facility_data/national_inventories/us/Inventory_US_GHG_Emissions_Sinks_2024_Complete_main_text_tables/Table_4-104.csv,568,.csv,52bec3b41b1ba71b74310ed17e1e1f10455b13c575c97e499e1eb9b470d7657c,inherited-unverified
datasets/2_scope1_facility_data/national_inventories/us/Inventory_US_GHG_Emissions_Sinks_2024_Complete_main_text_tables/Table_4-105.csv,414,.csv,d41022b3a4a8d206d65fd9a70335fe6bda4417c0d9201390d22b1de0826da190,inherited-unverified
datasets/2_scope1_facility_data/national_inventories/us/Inventory_US_GHG_Emissions_Sinks_2024_Complete_main_text_tables/Table_4-106.csv,262,.csv,1d9d54c1948a0d71825a2a9dbb6aa9cbeb6bc9d87fc70598e289abc971c048b6,inherited-unverified
datasets/2_scope1_facility_data/national_inventories/us/Inventory_US_GHG_Emissions_Sinks_2024_Complete_main_text_tables/Table_4-107.csv,515,.csv,63daac031545ef1ff76ecc741ca7eccf0ebf3c3b815a278c78a05068f6d49e33,inherited-unverified
datasets/2_scope1_facility_data/national_inventories/us/Inventory_US_GHG_Emissions_Sinks_2024_Complete_main_text_tables/Table_4-108.csv,649,.csv,a834e21998e26eba903e826a4b5077bcd735ec427ab0cbb3895f81dbf81edcca,inherited-unverified
datasets/2_scope1_facility_data/national_inventories/us/Inventory_US_GHG_Emissions_Sinks_2024_Complete_main_text_tables/Table_4-109.csv,1102,.csv,e3cc2bec64ce95a184670697537084866664d9044efed7c6c4f49bf27caf7207,inherited-unverified
datasets/2_scope1_facility_data/national_inventories/us/Inventory_US_GHG_Emissions_Sinks_2024_Complete_main_text_tables/Table_4-11.csv,485,.csv,b15a0d0ac276ca264b72423fbb5c16bfc4e6ffb18cf1bab16d115e1177e04407,inherited-unverified
datasets/2_scope1_facility_data/national_inventories/us/Inventory_US_GHG_Emissions_Sinks_2024_Complete_main_text_tables/Table_4-110.csv,779,.csv,7319c391cbb3835d58c1b03368e48ef437907aef1d10e2a2101212d16e7183f7,inherited-unverified
datasets/2_scope1_facility_data/national_inventories/us/Inventory_US_GHG_Emissions_Sinks_2024_Complete_main_text_tables/Table_4-111.csv,705,.csv,0b012811f5e2f4d6011ec8fd70da5e756a9a47be231b517fe0bdceca33f6cdd9,inherited-unverified
datasets/2_scope1_facility_data/national_inventories/us/Inventory_US_GHG_Emissions_Sinks_2024_Complete_main_text_tables/Table_4-112.csv,543,.csv,74c5d7dc410133165080ab6a2fc9f39be5a57a043a71f1e637360131a66ec408,inherited-unverified
datasets/2_scope1_facility_data/national_inventories/us/Inventory_US_GHG_Emissions_Sinks_2024_Complete_main_text_tables/Table_4-113.csv,416,.csv,e507fdedd422e5f573588ca2b3ffa822bd471b03ff068b996862241cad8b5d9f,inherited-unverified
datasets/2_scope1_facility_data/national_inventories/us/Inventory_US_GHG_Emissions_Sinks_2024_Complete_main_text_tables/Table_4-114.csv,411,.csv,3e68d5a616ea353cb8aa2c3cbe60a822ab01a1300ebf908adb5bd5486f731167,inherited-unverified
datasets/2_scope1_facility_data/national_inventories/us/Inventory_US_GHG_Emissions_Sinks_2024_Complete_main_text_tables/Table_4-115.csv,914,.csv,d3462c343dbef5a12ab117cd7ee50448e4f5fdad78ffe2ff3a234a3ef6f855d2,inherited-unverified
datasets/2_scope1_facility_data/national_inventories/us/Inventory_US_GHG_Emissions_Sinks_2024_Complete_main_text_tables/Table_4-116.csv,484,.csv,fd56dbb418dc91aff4ab585336518273505beb5ed0b5a6eaea25a2c6b9d37455,inherited-unverified
datasets/2_scope1_facility_data/national_inventories/us/Inventory_US_GHG_Emissions_Sinks_2024_Complete_main_text_tables/Table_4-117.csv,416,.csv,ef758dd209a8831f0e786a2086bc5ce9ca7e69692a3c091306eb2ecf5527ed62,inherited-unverified
datasets/2_scope1_facility_data/national_inventories/us/Inventory_US_GHG_Emissions_Sinks_2024_Complete_main_text_tables/Table_4-118.csv,459,.csv,ad82d7fd005e8ee7d803637f858668ef926deda4f1c8a8684d6aa98dbd1a2b3b,inherited-unverified
datasets/2_scope1_facility_data/national_inventories/us/Inventory_US_GHG_Emissions_Sinks_2024_Complete_main_text_tables/Table_4-119.csv,1345,.csv,0f04477b056a0faf2e6e164ebbc05cf4355d202ea6dc1b3dccb3b44a8bd5a70c,inherited-unverified
datasets/2_scope1_facility_data/national_inventories/us/Inventory_US_GHG_Emissions_Sinks_2024_Complete_main_text_tables/Table_4-12.csv,417,.csv,4deb0ec5b4cb506a8f5b6fe092ee5bbdba8b3c3a3f0c1f46d431db6f7b99d70f,inherited-unverified
datasets/2_scope1_facility_data/national_inventories/us/Inventory_US_GHG_Emissions_Sinks_2024_Complete_main_text_tables/Table_4-120.csv,478,.csv,86927fe7116b25755aac831177bf5c74fadc9011cb11f46d324d8dbe779e8ea1,inherited-unverified
datasets/2_scope1_facility_data/national_inventories/us/Inventory_US_GHG_Emissions_Sinks_2024_Complete_main_text_tables/Table_4-121.csv,3739,.csv,4cc3723c12528cac7c49a1a7c35d903265c11de79f12ecaf2c5bc7987e54d903,inherited-unverified
datasets/2_scope1_facility_data/national_inventories/us/Inventory_US_GHG_Emissions_Sinks_2024_Complete_main_text_tables/Table_4-122.csv,2902,.csv,de5414f9e5e8128ced480fc97b4a3fbbc2b6fe0698d7970cc3c5bafb45c7a2dd,inherited-unverified
datasets/2_scope1_facility_data/national_inventories/us/Inventory_US_GHG_Emissions_Sinks_2024_Complete_main_text_tables/Table_4-123.csv,1811,.csv,86830a17531dc393a066cb777b3fdd50ecbf805c74af1060ebd97a0d901aa0ad,inherited-unverified
datasets/2_scope1_facility_data/national_inventories/us/Inventory_US_GHG_Emissions_Sinks_2024_Complete_main_text_tables/Table_4-124.csv,663,.csv,7454b0c58ea0b683e384d4496928a2f7fa4224086b0f234c8753ee4ba0bbe830,inherited-unverified
datasets/2_scope1_facility_data/national_inventories/us/Inventory_US_GHG_Emissions_Sinks_2024_Complete_main_text_tables/Table_4-125.csv,2530,.csv,620b02d4efe6279d0281cc787bec62afcd605b71de634ed5ea98cb6014833df0,inherited-unverified
datasets/2_scope1_facility_data/national_inventories/us/Inventory_US_GHG_Emissions_Sinks_2024_Complete_main_text_tables/Table_4-126.csv,3111,.csv,1306e201e0a347dd6233903a256adc8a2085ce88aab2e1ce6d64c16a55c69022,inherited-unverified
datasets/2_scope1_facility_data/national_inventories/us/Inventory_US_GHG_Emissions_Sinks_2024_Complete_main_text_tables/Table_4-127.csv,2559,.csv,7fc8304ee8288321408c977806a0e94f1688fc4771a834782c8bf9a4ab3a433c,inherited-unverified
datasets/2_scope1_facility_data/national_inventories/us/Inventory_US_GHG_Emissions_Sinks_2024_Complete_main_text_tables/Table_4-128.csv,535,.csv,c8435bf769b0bdeacd619ea2f4ef48e0acce611f6ac63b5c1f772098a0d90397,inherited-unverified
datasets/2_scope1_facility_data/national_inventories/us/Inventory_US_GHG_Emissions_Sinks_2024_Complete_main_text_tables/Table_4-129.csv,902,.csv,d48fe98127fcca283e81dbd24255a8e439739e624b5f13eaf6c2187cd4bf3dfe,inherited-unverified
datasets/2_scope1_facility_data/national_inventories/us/Inventory_US_GHG_Emissions_Sinks_2024_Complete_main_text_tables/Table_4-13.csv,445,.csv,c8d422668f180c3fb331c18b5138b4f3397e4dd770bed80c31eccfe6f0f80ed2,inherited-unverified
datasets/2_scope1_facility_data/national_inventories/us/Inventory_US_GHG_Emissions_Sinks_2024_Complete_main_text_tables/Table_4-130.csv,613,.csv,d898e49a8467ff14cfb24365c7757f164a212cf580e888846498e1f0f3c272a0,inherited-unverified
datasets/2_scope1_facility_data/national_inventories/us/Inventory_US_GHG_Emissions_Sinks_2024_Complete_main_text_tables/Table_4-131.csv,223,.csv,918be49278c021caed85f99bd26725ed3ecf55984fddc01bbddd1bc9a2acb755,inherited-unverified
datasets/2_scope1_facility_data/national_inventories/us/Inventory_US_GHG_Emissions_Sinks_2024_Complete_main_text_tables/Table_4-132.csv,332,.csv,776a2f8e2a37333947bd390a39986a1941fe7aede4d87c534c4f851e131c778c,inherited-unverified
datasets/2_scope1_facility_data/national_inventories/us/Inventory_US_GHG_Emissions_Sinks_2024_Complete_main_text_tables/Table_4-133.csv,451,.csv,cb832d23e3f33432b6dd65ef7664f4f904dbf06fe495621d8d29a1bb3465181d,inherited-unverified
datasets/2_scope1_facility_data/national_inventories/us/Inventory_US_GHG_Emissions_Sinks_2024_Complete_main_text_tables/Table_4-134.csv,564,.csv,7ac398f0767accab3dec98f27a31c6adb9946fcdfa829e8337091db4cc1fe8c4,inherited-unverified
datasets/2_scope1_facility_data/national_inventories/us/Inventory_US_GHG_Emissions_Sinks_2024_Complete_main_text_tables/Table_4-135.csv,1958,.csv,04ed54697a19aad2568851639d90257b965b96ade538df8f40c3e9cdef711c1a,inherited-unverified
datasets/2_scope1_facility_data/national_inventories/us/Inventory_US_GHG_Emissions_Sinks_2024_Complete_main_text_tables/Table_4-136.csv,621,.csv,b748e07de174f0fa038067b6490a49e02547abc49814576b7b7b95dd5f92e284,inherited-unverified
datasets/2_scope1_facility_data/national_inventories/us/Inventory_US_GHG_Emissions_Sinks_2024_Complete_main_text_tables/Table_4-137.csv,354,.csv,802a9d95dbed19bc618a80bd5b8aa5d64bf09f76f97badcb3def30dcf57cb2a9,inherited-unverified
datasets/2_scope1_facility_data/national_inventories/us/Inventory_US_GHG_Emissions_Sinks_2024_Complete_main_text_tables/Table_4-138.csv,420,.csv,1fe0926c7d3a228f4c651def56cf5d4b8f158f28dd5250583cab7f3d636993e6,inherited-unverified
datasets/2_scope1_facility_data/national_inventories/us/Inventory_US_GHG_Emissions_Sinks_2024_Complete_main_text_tables/Table_4-139.csv,382,.csv,3d45fb54e66d81f496bb0990f9e24615cd4bd46473def6dd2fcec46a89e89ee5,inherited-unverified
datasets/2_scope1_facility_data/national_inventories/us/Inventory_US_GHG_Emissions_Sinks_2024_Complete_main_text_tables/Table_4-14.csv,1910,.csv,bc0a56cc8d94a1d57de7ddb9377dc2d1738b00030602c5435fc2ff21b4848e11,inherited-unverified
datasets/2_scope1_facility_data/national_inventories/us/Inventory_US_GHG_Emissions_Sinks_2024_Complete_main_text_tables/Table_4-140.csv,485,.csv,73dcd36d734cd30542b20474f7293a1167a3ae7e1a0bc2eeb4f66e9b5aa4706a,inherited-unverified
datasets/2_scope1_facility_data/national_inventories/us/Inventory_US_GHG_Emissions_Sinks_2024_Complete_main_text_tables/Table_4-141.csv,4208,.csv,0ddbd704c1bec68deb626b0b107bfd11b5a82896cc8f246e699bc374c33d65be,inherited-unverified
datasets/2_scope1_facility_data/national_inventories/us/Inventory_US_GHG_Emissions_Sinks_2024_Complete_main_text_tables/Table_4-15.csv,484,.csv,b535b8e8c40e9f726295328726a2671aaf6b4262d738e14050e9088bd94c5942,inherited-unverified
datasets/2_scope1_facility_data/national_inventories/us/Inventory_US_GHG_Emissions_Sinks_2024_Complete_main_text_tables/Table_4-16.csv,1255,.csv,0e59d31fa9bea5e616282b0a7f7ea659ee8ecff2f0ba9d2ba76d8ae6cd477ede,inherited-unverified
datasets/2_scope1_facility_data/national_inventories/us/Inventory_US_GHG_Emissions_Sinks_2024_Complete_main_text_tables/Table_4-17.csv,1352,.csv,885c9e4ef730a5e506f8ed2b6c82afd5deeebcd7b304ef1a280a80dfd4ab158c,inherited-unverified
datasets/2_scope1_facility_data/national_inventories/us/Inventory_US_GHG_Emissions_Sinks_2024_Complete_main_text_tables/Table_4-18.csv,946,.csv,89da90280e5cbb6e8f462b187794b36fead8ec623c7259dea942596c3532a63c,inherited-unverified
datasets/2_scope1_facility_data/national_inventories/us/Inventory_US_GHG_Emissions_Sinks_2024_Complete_main_text_tables/Table_4-19.csv,835,.csv,9449b40e0a2e9ded27416c29872c4d62251a77ae467380e99608fac257f039b0,inherited-unverified
datasets/2_scope1_facility_data/national_inventories/us/Inventory_US_GHG_Emissions_Sinks_2024_Complete_main_text_tables/Table_4-2.csv,8417,.csv,3151eba515798191867e0938a84f2687b295f05ae5e8f1e32ca1e7d04f8bcb51,inherited-unverified
datasets/2_scope1_facility_data/national_inventories/us/Inventory_US_GHG_Emissions_Sinks_2024_Complete_main_text_tables/Table_4-20.csv,699,.csv,48a14a3f1035914db8a168660b4936571296c22e7a0da81dee471faf012cc50b,inherited-unverified
datasets/2_scope1_facility_data/national_inventories/us/Inventory_US_GHG_Emissions_Sinks_2024_Complete_main_text_tables/Table_4-21.csv,752,.csv,f6adf83ab1856439a7ee01e57dfeac4195311d29898d0882d26171ec00cd044f,inherited-unverified
datasets/2_scope1_facility_data/national_inventories/us/Inventory_US_GHG_Emissions_Sinks_2024_Complete_main_text_tables/Table_4-22.csv,513,.csv,5e33db8ccd7fe7bbe682994af703a92d0eb023736a1cee2203d2e3129597df74,inherited-unverified
datasets/2_scope1_facility_data/national_inventories/us/Inventory_US_GHG_Emissions_Sinks_2024_Complete_main_text_tables/Table_4-23.csv,451,.csv,03de0e832e3714e96e6d69c98193bd16d6fce2e2f3eb322f5fa4c28e6b2aab39,inherited-unverified
datasets/2_scope1_facility_data/national_inventories/us/Inventory_US_GHG_Emissions_Sinks_2024_Complete_main_text_tables/Table_4-24.csv,476,.csv,922233c92ea4e7a66f9a9975156238bb07e3ff587bbc99745b539e7f0a6799a0,inherited-unverified
datasets/2_scope1_facility_data/national_inventories/us/Inventory_US_GHG_Emissions_Sinks_2024_Complete_main_text_tables/Table_4-25.csv,943,.csv,1e851eaead2d15baa23de004f8abdf914de8dfc0cb1e7496c303a75892ed4c5a,inherited-unverified
datasets/2_scope1_facility_data/national_inventories/us/Inventory_US_GHG_Emissions_Sinks_2024_Complete_main_text_tables/Table_4-26.csv,483,.csv,fcb3e4282fa12e16905934478b1c9241d6d8240096525aa437b67646cb0a4a2c,inherited-unverified
datasets/2_scope1_facility_data/national_inventories/us/Inventory_US_GHG_Emissions_Sinks_2024_Complete_main_text_tables/Table_4-27.csv,449,.csv,75216f8b4f8ec399e5aacc671c8888f10f5b20862c13805fed4b1ccf9b111163,inherited-unverified
datasets/2_scope1_facility_data/national_inventories/us/Inventory_US_GHG_Emissions_Sinks_2024_Complete_main_text_tables/Table_4-28.csv,575,.csv,dd6dcc78017c35d956e581d370792c7fa9ba71588fe4c37b550fceb3685fdae7,inherited-unverified
datasets/2_scope1_facility_data/national_inventories/us/Inventory_US_GHG_Emissions_Sinks_2024_Complete_main_text_tables/Table_4-29.csv,1618,.csv,eea662ad91b2c3ae751f97515e1b6f2ada540dfe8056569dd66f5b332af3b8fe,inherited-unverified
datasets/2_scope1_facility_data/national_inventories/us/Inventory_US_GHG_Emissions_Sinks_2024_Complete_main_text_tables/Table_4-3.csv,447,.csv,a9c199322dc62ae009608d699e56eda42d595cdf7ffe221e7efaf857be207195,inherited-unverified
datasets/2_scope1_facility_data/national_inventories/us/Inventory_US_GHG_Emissions_Sinks_2024_Complete_main_text_tables/Table_4-30.csv,535,.csv,84925479a901511034d8ee3e2e8cff7f7d9fff861be766aac0b4cb24db32097e,inherited-unverified
datasets/2_scope1_facility_data/national_inventories/us/Inventory_US_GHG_Emissions_Sinks_2024_Complete_main_text_tables/Table_4-31.csv,445,.csv,5d87ebfe40c1dac2934a942af3ba6026e384d4a8db9a1f39e0008d1a96405ac1,inherited-unverified
datasets/2_scope1_facility_data/national_inventories/us/Inventory_US_GHG_Emissions_Sinks_2024_Complete_main_text_tables/Table_4-32.csv,391,.csv,c6f5df75cdd4c0f81074716ac97b2f176ae848a753e3d9e3c203de5213ee5d08,inherited-unverified
datasets/2_scope1_facility_data/national_inventories/us/Inventory_US_GHG_Emissions_Sinks_2024_Complete_main_text_tables/Table_4-33.csv,526,.csv,af62eb00ac107f6f131d32dd9768a9c716fb495dae8cc61bf54d9c39e4ccaa5e,inherited-unverified
datasets/2_scope1_facility_data/national_inventories/us/Inventory_US_GHG_Emissions_Sinks_2024_Complete_main_text_tables/Table_4-34.csv,486,.csv,adafdd11d1cece2edf75639b6c2490d2a7b0a4614619426723603a8b38fcfad9,inherited-unverified
datasets/2_scope1_facility_data/national_inventories/us/Inventory_US_GHG_Emissions_Sinks_2024_Complete_main_text_tables/Table_4-35.csv,435,.csv,d4e3dc14fba115816ae4184320ad825ae45ef5d6d1abe4c7d9f7d2b7dc19ec13,inherited-unverified
datasets/2_scope1_facility_data/national_inventories/us/Inventory_US_GHG_Emissions_Sinks_2024_Complete_main_text_tables/Table_4-36.csv,388,.csv,576c6488c027994b0d77de72ed4422c82165070e2f24679ee26db28a87f55efa,inherited-unverified
datasets/2_scope1_facility_data/national_inventories/us/Inventory_US_GHG_Emissions_Sinks_2024_Complete_main_text_tables/Table_4-37.csv,396,.csv,496f3aa6952111671eac35684beaa1695b0d36575837172513fb7be82b67c649,inherited-unverified
datasets/2_scope1_facility_data/national_inventories/us/Inventory_US_GHG_Emissions_Sinks_2024_Complete_main_text_tables/Table_4-38.csv,486,.csv,c8250e1de2ce29ced44bc6d94942958ce477e63340409e67615e5602e2cdfecc,inherited-unverified
datasets/2_scope1_facility_data/national_inventories/us/Inventory_US_GHG_Emissions_Sinks_2024_Complete_main_text_tables/Table_4-39.csv,428,.csv,79810d27dab25deda168ff18cf5f4bf8887e977b623b5880a819b56afde853dc,inherited-unverified
datasets/2_scope1_facility_data/national_inventories/us/Inventory_US_GHG_Emissions_Sinks_2024_Complete_main_text_tables/Table_4-4.csv,479,.csv,30ce718b518b10422c29fe187a4c001a732956cd061c049f0f9f8fd3c4555b8f,inherited-unverified
datasets/2_scope1_facility_data/national_inventories/us/Inventory_US_GHG_Emissions_Sinks_2024_Complete_main_text_tables/Table_4-40.csv,358,.csv,afe855f3fbcfbdc51535495473094a827ea3611bdb0601d9a6de4170d1c46583,inherited-unverified
datasets/2_scope1_facility_data/national_inventories/us/Inventory_US_GHG_Emissions_Sinks_2024_Complete_main_text_tables/Table_4-41.csv,394,.csv,dd8dd187d565509589f7f381d47b9928a382f537eec4ee2cd59a72b5917f0480,inherited-unverified
datasets/2_scope1_facility_data/national_inventories/us/Inventory_US_GHG_Emissions_Sinks_2024_Complete_main_text_tables/Table_4-42.csv,520,.csv,26d69257a91f2dda87b5139ab0785506d44500a916e2ef25c0cce67f1d8933d4,inherited-unverified
datasets/2_scope1_facility_data/national_inventories/us/Inventory_US_GHG_Emissions_Sinks_2024_Complete_main_text_tables/Table_4-43.csv,1047,.csv,3bba3cae7ecd347dc6c3362e6436364431d80e25b5610c07d65011771c260e49,inherited-unverified
datasets/2_scope1_facility_data/national_inventories/us/Inventory_US_GHG_Emissions_Sinks_2024_Complete_main_text_tables/Table_4-44.csv,754,.csv,d5584dfb652ee24e2d5845ce4a0948a3b860cb990f3450b293b3b64ac912689b,inherited-unverified
datasets/2_scope1_facility_data/national_inventories/us/Inventory_US_GHG_Emissions_Sinks_2024_Complete_main_text_tables/Table_4-45.csv,935,.csv,4faef1ddc5f5cda1c672d8be49359aca69008ec2fa7a917c6d8f903d8276fe1a,inherited-unverified
datasets/2_scope1_facility_data/national_inventories/us/Inventory_US_GHG_Emissions_Sinks_2024_Complete_main_text_tables/Table_4-46.csv,627,.csv,e595387fa503db7096b911f2b87548aad269f81646109cd758652815014260bf,inherited-unverified
datasets/2_scope1_facility_data/national_inventories/us/Inventory_US_GHG_Emissions_Sinks_2024_Complete_main_text_tables/Table_4-47.csv,417,.csv,91564b04f91bb61510915b883d62ec73a86ba7b7090d69c14c8a582086a08c29,inherited-unverified
datasets/2_scope1_facility_data/national_inventories/us/Inventory_US_GHG_Emissions_Sinks_2024_Complete_main_text_tables/Table_4-48.csv,544,.csv,b05be0f9ce52948a69cf1b344f3ac90c47857b99b2342f1a280535e00393c968,inherited-unverified
datasets/2_scope1_facility_data/national_inventories/us/Inventory_US_GHG_Emissions_Sinks_2024_Complete_main_text_tables/Table_4-49.csv,518,.csv,09216d180d48fc87ac877ebb1558fae186ecbd860b9bb956fac250b57b6aba3d,inherited-unverified
datasets/2_scope1_facility_data/national_inventories/us/Inventory_US_GHG_Emissions_Sinks_2024_Complete_main_text_tables/Table_4-5.csv,741,.csv,933be48611cc318d9c1b363b4a2484f1e25bf8b65d4a776fc6f986bedfe7bbfb,inherited-unverified
datasets/2_scope1_facility_data/national_inventories/us/Inventory_US_GHG_Emissions_Sinks_2024_Complete_main_text_tables/Table_4-50.csv,500,.csv,b47aa17123a3545101d65e61d41b0c50a200f707bde5bf65a672d0358a18ccdc,inherited-unverified
datasets/2_scope1_facility_data/national_inventories/us/Inventory_US_GHG_Emissions_Sinks_2024_Complete_main_text_tables/Table_4-51.csv,423,.csv,6b38e3fe72244cc87235033c37dc53e7b11a1b27b988d2babefd6b5f7e474774,inherited-unverified
datasets/2_scope1_facility_data/national_inventories/us/Inventory_US_GHG_Emissions_Sinks_2024_Complete_main_text_tables/Table_4-52.csv,550,.csv,aec2ebb90d19d26e6b903379d151ca1304d361eea5e4687dc622095e1aaf43b8,inherited-unverified
datasets/2_scope1_facility_data/national_inventories/us/Inventory_US_GHG_Emissions_Sinks_2024_Complete_main_text_tables/Table_4-53.csv,672,.csv,158bccb4386225852f98c19178da871a32348a16a37831139002061fdaecf1e7,inherited-unverified
datasets/2_scope1_facility_data/national_inventories/us/Inventory_US_GHG_Emissions_Sinks_2024_Complete_main_text_tables/Table_4-54.csv,483,.csv,798b201960f07997f486c1c418c91710ce214e0969156ca172345036f608df4e,inherited-unverified
datasets/2_scope1_facility_data/national_inventories/us/Inventory_US_GHG_Emissions_Sinks_2024_Complete_main_text_tables/Table_4-55.csv,1839,.csv,35716dd813f04453b7224aed48b39d9dd64085c3d946959bc086b6c4e010b5e1,inherited-unverified
datasets/2_scope1_facility_data/national_inventories/us/Inventory_US_GHG_Emissions_Sinks_2024_Complete_main_text_tables/Table_4-56.csv,2376,.csv,1bdf38488a596a955e557a7e21db373cd47ad1bae13e14f9d2beb5c015425826,inherited-unverified
datasets/2_scope1_facility_data/national_inventories/us/Inventory_US_GHG_Emissions_Sinks_2024_Complete_main_text_tables/Table_4-57.csv,1931,.csv,00a8ae884b2174e99b3d5fb93971c7f8fa00132da87ed448ad8cc638322fbda5,inherited-unverified
datasets/2_scope1_facility_data/national_inventories/us/Inventory_US_GHG_Emissions_Sinks_2024_Complete_main_text_tables/Table_4-58.csv,637,.csv,716dc0facc5966cdeedb305d874aa668e403dacbccf5217e88c3a38f664a0f48,inherited-unverified
datasets/2_scope1_facility_data/national_inventories/us/Inventory_US_GHG_Emissions_Sinks_2024_Complete_main_text_tables/Table_4-59.csv,443,.csv,06b99dd8b646052abf5f9e747e43b7de395ee9f274124a803319b439dcf05487,inherited-unverified
datasets/2_scope1_facility_data/national_inventories/us/Inventory_US_GHG_Emissions_Sinks_2024_Complete_main_text_tables/Table_4-6.csv,481,.csv,ae72ecce76d91da6dd02884e7ef7c19ff4b27971f3718cac03599df15b20edc0,inherited-unverified
datasets/2_scope1_facility_data/national_inventories/us/Inventory_US_GHG_Emissions_Sinks_2024_Complete_main_text_tables/Table_4-60.csv,416,.csv,0d9fa038a1ae4247559dd6fb3b9368381ef16b5eb91050844f16d0c9def40eca,inherited-unverified
datasets/2_scope1_facility_data/national_inventories/us/Inventory_US_GHG_Emissions_Sinks_2024_Complete_main_text_tables/Table_4-61.csv,600,.csv,66cd2909508d9c35ae4fb4119eb93c791e509bb00032990d12d332abcbb215d3,inherited-unverified
datasets/2_scope1_facility_data/national_inventories/us/Inventory_US_GHG_Emissions_Sinks_2024_Complete_main_text_tables/Table_4-62.csv,434,.csv,cc41c302de1958a20c37c0105c3b3fb80690b5d0bad469556741d8b2a972bcbe,inherited-unverified
datasets/2_scope1_facility_data/national_inventories/us/Inventory_US_GHG_Emissions_Sinks_2024_Complete_main_text_tables/Table_4-63.csv,2411,.csv,0bee45fbe87db5e3f67d1b61b4af7084c70725a71d624bbe95c477d5f4846f4d,inherited-unverified
datasets/2_scope1_facility_data/national_inventories/us/Inventory_US_GHG_Emissions_Sinks_2024_Complete_main_text_tables/Table_4-64.csv,3066,.csv,e160d524d6ad713b258418a0c09574345e37aa0693ca771cfbfb6712cdf04416,inherited-unverified
datasets/2_scope1_facility_data/national_inventories/us/Inventory_US_GHG_Emissions_Sinks_2024_Complete_main_text_tables/Table_4-65.csv,1463,.csv,7edb397508cf6e0717280ab2e66f9f5c9a5571158f37d4fef234b96c24cfbe01,inherited-unverified
datasets/2_scope1_facility_data/national_inventories/us/Inventory_US_GHG_Emissions_Sinks_2024_Complete_main_text_tables/Table_4-66.csv,1478,.csv,5321d9a4455f00892662eb6a453c64f4bafc927a54175349f10aeab6cfa407b6,inherited-unverified
datasets/2_scope1_facility_data/national_inventories/us/Inventory_US_GHG_Emissions_Sinks_2024_Complete_main_text_tables/Table_4-67.csv,1160,.csv,64837becf54f146c6829c56aede2d4cd46ee057568c7aaafdc36720a574710d7,inherited-unverified
datasets/2_scope1_facility_data/national_inventories/us/Inventory_US_GHG_Emissions_Sinks_2024_Complete_main_text_tables/Table_4-68.csv,1022,.csv,6140127b3047eabddd036716aaa77baa754d861a2ab13b683f53f81a20992b9b,inherited-unverified
datasets/2_scope1_facility_data/national_inventories/us/Inventory_US_GHG_Emissions_Sinks_2024_Complete_main_text_tables/Table_4-69.csv,311,.csv,8762b91eade9773c63d1159e70957e44c6620241b5c1830af687dc6fd44bf2f2,inherited-unverified
datasets/2_scope1_facility_data/national_inventories/us/Inventory_US_GHG_Emissions_Sinks_2024_Complete_main_text_tables/Table_4-7.csv,448,.csv,0a88d8300b3216d13b3e607b02c186fd62ac1d0360f089d8ffdebca0bb3bdf76,inherited-unverified
datasets/2_scope1_facility_data/national_inventories/us/Inventory_US_GHG_Emissions_Sinks_2024_Complete_main_text_tables/Table_4-70.csv,2187,.csv,b430a6ef4e2191884a97221119e8e3e104973b84fe4a7f5b07526f6066946fbb,inherited-unverified
datasets/2_scope1_facility_data/national_inventories/us/Inventory_US_GHG_Emissions_Sinks_2024_Complete_main_text_tables/Table_4-71.csv,533,.csv,f43d2a4bc6e7de232d80bf5806bbef0bc355e53a0324eb3de77b5aa9f87ee9a0,inherited-unverified
datasets/2_scope1_facility_data/national_inventories/us/Inventory_US_GHG_Emissions_Sinks_2024_Complete_main_text_tables/Table_4-72.csv,578,.csv,737f5cbe2297705261fc8a735e809ae28956641d0b96db227b0902cff51bb5fa,inherited-unverified
datasets/2_scope1_facility_data/national_inventories/us/Inventory_US_GHG_Emissions_Sinks_2024_Complete_main_text_tables/Table_4-73.csv,415,.csv,4c7b3beb150f8341924ee457945ec067e037400af7746578c62fef775dae10f2,inherited-unverified
datasets/2_scope1_facility_data/national_inventories/us/Inventory_US_GHG_Emissions_Sinks_2024_Complete_main_text_tables/Table_4-74.csv,537,.csv,bc1b5926849cde3c15fe7064cff7bd29fa36cbef0581a5ddd46eee30ffcd598f,inherited-unverified
datasets/2_scope1_facility_data/national_inventories/us/Inventory_US_GHG_Emissions_Sinks_2024_Complete_main_text_tables/Table_4-75.csv,1143,.csv,34c0b24495a3b1b7e1e0bad2c56fb0c4f359b3e8316175398ff55f73a65a595c,inherited-unverified
datasets/2_scope1_facility_data/national_inventories/us/Inventory_US_GHG_Emissions_Sinks_2024_Complete_main_text_tables/Table_4-76.csv,475,.csv,71d3b6f44400d4b33e05e7932906da672a340078f6ebeee67f6ebbbdd4c9bc43,inherited-unverified
datasets/2_scope1_facility_data/national_inventories/us/Inventory_US_GHG_Emissions_Sinks_2024_Complete_main_text_tables/Table_4-77.csv,437,.csv,1e4381a0a56351a62db36fabe4f1c2148e3399b25224eed9b8c548348e294564,inherited-unverified
datasets/2_scope1_facility_data/national_inventories/us/Inventory_US_GHG_Emissions_Sinks_2024_Complete_main_text_tables/Table_4-78.csv,532,.csv,4ce5d3155badeb51256fa93eb234c190e6c53a554eca3b78c3a8d7b2dd39acb3,inherited-unverified
datasets/2_scope1_facility_data/national_inventories/us/Inventory_US_GHG_Emissions_Sinks_2024_Complete_main_text_tables/Table_4-79.csv,2150,.csv,c368940209384b4267d5b25ba8c5684c6dd82a88871449e0a212905038751c22,inherited-unverified
datasets/2_scope1_facility_data/national_inventories/us/Inventory_US_GHG_Emissions_Sinks_2024_Complete_main_text_tables/Table_4-8.csv,1018,.csv,03de9b48a66ebb8cf816e00b9d1f0670be4c300c30bebb281b52d72578b9dee3,inherited-unverified
datasets/2_scope1_facility_data/national_inventories/us/Inventory_US_GHG_Emissions_Sinks_2024_Complete_main_text_tables/Table_4-80.csv,470,.csv,48720156f20ad3bab7a58e1293cad23108d870350750fa36d05ff7b0e25945b9,inherited-unverified
datasets/2_scope1_facility_data/national_inventories/us/Inventory_US_GHG_Emissions_Sinks_2024_Complete_main_text_tables/Table_4-81.csv,498,.csv,238c259d2a1eeb0a6ed05abdb40f638de043a92e2118558dd24e25b04d6d32fd,inherited-unverified
datasets/2_scope1_facility_data/national_inventories/us/Inventory_US_GHG_Emissions_Sinks_2024_Complete_main_text_tables/Table_4-82.csv,416,.csv,27304a6044cf23c46d3525a11f19fd893c7f7193bb90649c3121ba3669acb012,inherited-unverified
datasets/2_scope1_facility_data/national_inventories/us/Inventory_US_GHG_Emissions_Sinks_2024_Complete_main_text_tables/Table_4-83.csv,543,.csv,064b4b780221ee598325651102d5e03e6dee1078c3ec22477bf94a304d3f0ddd,inherited-unverified
datasets/2_scope1_facility_data/national_inventories/us/Inventory_US_GHG_Emissions_Sinks_2024_Complete_main_text_tables/Table_4-84.csv,1559,.csv,da17ab120be04aea1d02abc98d7727be51c41c3290783c3f7c9e96f68987df58,inherited-unverified
datasets/2_scope1_facility_data/national_inventories/us/Inventory_US_GHG_Emissions_Sinks_2024_Complete_main_text_tables/Table_4-85.csv,2282,.csv,9088d3dc1188c90e8c28323dca812e1d31539d737954b7175d66211b59fc94b9,inherited-unverified
datasets/2_scope1_facility_data/national_inventories/us/Inventory_US_GHG_Emissions_Sinks_2024_Complete_main_text_tables/Table_4-86.csv,446,.csv,ba725c3e259c3f000ada97ec3c6ae6259551e2fcd0b2ab165bdec8eb0cb81e77,inherited-unverified
datasets/2_scope1_facility_data/national_inventories/us/Inventory_US_GHG_Emissions_Sinks_2024_Complete_main_text_tables/Table_4-87.csv,467,.csv,8ce659354ec2700cd0e1f06c6fbcd18cc48e39d6f4f5a4e39eb008e2fa51684b,inherited-unverified
datasets/2_scope1_facility_data/national_inventories/us/Inventory_US_GHG_Emissions_Sinks_2024_Complete_main_text_tables/Table_4-88.csv,362,.csv,63aa3b70b91fb9a4dd4ccd5ecf5c761aacdb683c7cc9552a50ebf5f5a05a95ee,inherited-unverified
datasets/2_scope1_facility_data/national_inventories/us/Inventory_US_GHG_Emissions_Sinks_2024_Complete_main_text_tables/Table_4-89.csv,1531,.csv,aaf9fdee8bc996a015bda468e57d3e25a926de1303950f3b7b4519226070ea2c,inherited-unverified
datasets/2_scope1_facility_data/national_inventories/us/Inventory_US_GHG_Emissions_Sinks_2024_Complete_main_text_tables/Table_4-9.csv,1243,.csv,5e9aa9c17b2285f32eed5c2210b914f601bd6c8dbd590c36b9f20f8bf2facebc,inherited-unverified
datasets/2_scope1_facility_data/national_inventories/us/Inventory_US_GHG_Emissions_Sinks_2024_Complete_main_text_tables/Table_4-90.csv,1302,.csv,c9cbea5993e554f794bf3e6a3b9d6ad355d8e2a3fabce521d5efbafd3451bcb9,inherited-unverified
datasets/2_scope1_facility_data/national_inventories/us/Inventory_US_GHG_Emissions_Sinks_2024_Complete_main_text_tables/Table_4-91.csv,381,.csv,758f65e59b2e423645fa12c0bd4b699c9332dd8760709a933f6dc0f2d8d887d8,inherited-unverified
datasets/2_scope1_facility_data/national_inventories/us/Inventory_US_GHG_Emissions_Sinks_2024_Complete_main_text_tables/Table_4-92.csv,171,.csv,0824494a6587e964dd4b94c233b20cfcfca41093e270885ced41b288030dd6b6,inherited-unverified
datasets/2_scope1_facility_data/national_inventories/us/Inventory_US_GHG_Emissions_Sinks_2024_Complete_main_text_tables/Table_4-93.csv,259,.csv,26b6007e5dca8de3eb8789f76d04e481e7530dc7bd0f952d0b8563fcef23f3d4,inherited-unverified
datasets/2_scope1_facility_data/national_inventories/us/Inventory_US_GHG_Emissions_Sinks_2024_Complete_main_text_tables/Table_4-94.csv,4388,.csv,515d4643a210a944eec454bf14775ff13945e4445373fa245988c3f22afce7c2,inherited-unverified
datasets/2_scope1_facility_data/national_inventories/us/Inventory_US_GHG_Emissions_Sinks_2024_Complete_main_text_tables/Table_4-95.csv,3735,.csv,cb80a619cb447d6e807c56c90158e044c380a11305829311d248dc5365f644c0,inherited-unverified
datasets/2_scope1_facility_data/national_inventories/us/Inventory_US_GHG_Emissions_Sinks_2024_Complete_main_text_tables/Table_4-96.csv,669,.csv,ea051e4f5c1916fd60a476c6d12f8c8c32735b6af3c33671398460be3bf27a5c,inherited-unverified
datasets/2_scope1_facility_data/national_inventories/us/Inventory_US_GHG_Emissions_Sinks_2024_Complete_main_text_tables/Table_4-97.csv,783,.csv,cfe1305ef2e58a930f2fd370d1f2c6cbe372fb653dd6c60da6dc4d53e2a9ef6d,inherited-unverified
datasets/2_scope1_facility_data/national_inventories/us/Inventory_US_GHG_Emissions_Sinks_2024_Complete_main_text_tables/Table_4-98.csv,670,.csv,d379cfbd54df2d7cd5f587dda5ef1a756c722a1c59eed9ecc49c66ddeaf4ace2,inherited-unverified
datasets/2_scope1_facility_data/national_inventories/us/Inventory_US_GHG_Emissions_Sinks_2024_Complete_main_text_tables/Table_4-99.csv,1795,.csv,3a0dd5d8577af34757c4f504f2df6b5fe716959ce53d98b9a5dce68a0d352f29,inherited-unverified
datasets/2_scope1_facility_data/national_inventories/us/Inventory_US_GHG_Emissions_Sinks_2024_Complete_main_text_tables/Table_5-1.csv,2722,.csv,9765dface07a10cca785ad38b7052c5488da017343df4e9ae72c5a4d34df06d2,inherited-unverified
datasets/2_scope1_facility_data/national_inventories/us/Inventory_US_GHG_Emissions_Sinks_2024_Complete_main_text_tables/Table_5-10.csv,2731,.csv,be5d3127b22282692de5ba8688be3c415974ca5e0e67db8ecb9ba0fc343dd33a,inherited-unverified
datasets/2_scope1_facility_data/national_inventories/us/Inventory_US_GHG_Emissions_Sinks_2024_Complete_main_text_tables/Table_5-11.csv,3102,.csv,378fb40bdd5efb78cdeb015e32f537b35ca67d9615098e37dd68dd5c4d6af00b,inherited-unverified
datasets/2_scope1_facility_data/national_inventories/us/Inventory_US_GHG_Emissions_Sinks_2024_Complete_main_text_tables/Table_5-12.csv,2889,.csv,d2046c7466479d318364d0e0f90b2a6f0af19908d504cb965dc6e817a979bbb7,inherited-unverified
datasets/2_scope1_facility_data/national_inventories/us/Inventory_US_GHG_Emissions_Sinks_2024_Complete_main_text_tables/Table_5-13.csv,949,.csv,906f1430e10f6a66e12541f301d4ca350f88fdd17ce56649eaf194ba170323bc,inherited-unverified
datasets/2_scope1_facility_data/national_inventories/us/Inventory_US_GHG_Emissions_Sinks_2024_Complete_main_text_tables/Table_5-14.csv,560,.csv,2aa4bc20ab1dad79802b2b23a91fe4e75a699fa5e3086452cd0bdde508d1ff80,inherited-unverified
datasets/2_scope1_facility_data/national_inventories/us/Inventory_US_GHG_Emissions_Sinks_2024_Complete_main_text_tables/Table_5-15.csv,2207,.csv,e1aa7a47643b3a85408ea1afbd4292b6f206f21d9fdba054853d752c8ee30037,inherited-unverified
datasets/2_scope1_facility_data/national_inventories/us/Inventory_US_GHG_Emissions_Sinks_2024_Complete_main_text_tables/Table_5-16.csv,2098,.csv,b708e51355a5177b8a21e4643699ffa89aa60c246f693d7cf33b0eb1881c68fe,inherited-unverified
datasets/2_scope1_facility_data/national_inventories/us/Inventory_US_GHG_Emissions_Sinks_2024_Complete_main_text_tables/Table_5-17.csv,5158,.csv,e9fbf0582b2529c2fcdf05a002444cbd069fe763cfceaccb79c8ee254d153961,inherited-unverified
datasets/2_scope1_facility_data/national_inventories/us/Inventory_US_GHG_Emissions_Sinks_2024_Complete_main_text_tables/Table_5-18.csv,2095,.csv,6339cbf6d3c5155c5b579e3f529b0d0cc420485fdef8dad37ed582711a2d5a89,inherited-unverified
datasets/2_scope1_facility_data/national_inventories/us/Inventory_US_GHG_Emissions_Sinks_2024_Complete_main_text_tables/Table_5-19.csv,737,.csv,d9c9c2999aad7990078e76f187cb437a495679eb7e888d6e305443e63f38e075,inherited-unverified
datasets/2_scope1_facility_data/national_inventories/us/Inventory_US_GHG_Emissions_Sinks_2024_Complete_main_text_tables/Table_5-2.csv,3382,.csv,b7aaf1c0f9d13c0f75b8423c67ce9efdd5086b91f58b6c55a86af7d19a6dc18d,inherited-unverified
datasets/2_scope1_facility_data/national_inventories/us/Inventory_US_GHG_Emissions_Sinks_2024_Complete_main_text_tables/Table_5-20.csv,966,.csv,95a270efc6379d7f9520f6ce6d8ea1261a01d07660b68bb83ab2dec66aae7b10,inherited-unverified
datasets/2_scope1_facility_data/national_inventories/us/Inventory_US_GHG_Emissions_Sinks_2024_Complete_main_text_tables/Table_5-21.csv,982,.csv,0d50a8109c990f24608533856a71a1dff0117e43d28606c6c1bfcb1cdca872dc,inherited-unverified
datasets/2_scope1_facility_data/national_inventories/us/Inventory_US_GHG_Emissions_Sinks_2024_Complete_main_text_tables/Table_5-22.csv,661,.csv,14594d361f2538caf5ad85035d9c41594f1dfc3de038490183c9a2a28ac7218c,inherited-unverified
datasets/2_scope1_facility_data/national_inventories/us/Inventory_US_GHG_Emissions_Sinks_2024_Complete_main_text_tables/Table_5-23.csv,455,.csv,b0ab9ea333de2fb7eedf2df15dc4ace2db9ec249433ccfb7d34eadcf48ee28b2,inherited-unverified
datasets/2_scope1_facility_data/national_inventories/us/Inventory_US_GHG_Emissions_Sinks_2024_Complete_main_text_tables/Table_5-24.csv,474,.csv,5c8dd2f73a650a5207dd1638158fd868bbb435de1c5dfd05c7090cfc09061b42,inherited-unverified
datasets/2_scope1_facility_data/national_inventories/us/Inventory_US_GHG_Emissions_Sinks_2024_Complete_main_text_tables/Table_5-25.csv,470,.csv,eb0defa16100d3f0fc77404c1d7bb83466b1dcb84c9aa42829bc2e2518163bb4,inherited-unverified
datasets/2_scope1_facility_data/national_inventories/us/Inventory_US_GHG_Emissions_Sinks_2024_Complete_main_text_tables/Table_5-26.csv,887,.csv,4f0de1521c1f479388d733bcf851364074f28ca6452924d2591e7c0b2df6c0f9,inherited-unverified
datasets/2_scope1_facility_data/national_inventories/us/Inventory_US_GHG_Emissions_Sinks_2024_Complete_main_text_tables/Table_5-27.csv,469,.csv,93f1b4f3e2f054c4258fd524dd9e6b2a7e49a0e666c0c2a6b7d415c746cfab96,inherited-unverified
datasets/2_scope1_facility_data/national_inventories/us/Inventory_US_GHG_Emissions_Sinks_2024_Complete_main_text_tables/Table_5-28.csv,6108,.csv,9ff809d7a6f54489a1bb5c1da342b6936c96daef9977d9545eb89da2b347b551,inherited-unverified
datasets/2_scope1_facility_data/national_inventories/us/Inventory_US_GHG_Emissions_Sinks_2024_Complete_main_text_tables/Table_5-29.csv,5955,.csv,e3067a66dcb703603dc155840f25199bbb26e13eb02331780b197fdd8c9b8d18,inherited-unverified
datasets/2_scope1_facility_data/national_inventories/us/Inventory_US_GHG_Emissions_Sinks_2024_Complete_main_text_tables/Table_5-3.csv,1851,.csv,4bed6c90207a3ad725d8e0b0c8eb9975d21732018c6e8a5c93238ccf84ddae2b,inherited-unverified
datasets/2_scope1_facility_data/national_inventories/us/Inventory_US_GHG_Emissions_Sinks_2024_Complete_main_text_tables/Table_5-30.csv,6289,.csv,dc831755939e0d87ae97d503dd413f425e51640ef7b96648bba102fad30c9986,inherited-unverified
datasets/2_scope1_facility_data/national_inventories/us/Inventory_US_GHG_Emissions_Sinks_2024_Complete_main_text_tables/Table_5-31.csv,2649,.csv,481c4a56727f09b537573e95c613aef8ce4e78b3353741e4dfc7be2a94bddf4a,inherited-unverified
datasets/2_scope1_facility_data/national_inventories/us/Inventory_US_GHG_Emissions_Sinks_2024_Complete_main_text_tables/Table_5-32.csv,3178,.csv,e7307a2c8aefe332a06f73a7ea553028034252636851dc33f63361e782127523,inherited-unverified
datasets/2_scope1_facility_data/national_inventories/us/Inventory_US_GHG_Emissions_Sinks_2024_Complete_main_text_tables/Table_5-33.csv,411,.csv,9b43a208c1fb88266b4896e9fd2d5b1f36f036f2d6d6a7b3d6bec9e5170d38ba,inherited-unverified
datasets/2_scope1_facility_data/national_inventories/us/Inventory_US_GHG_Emissions_Sinks_2024_Complete_main_text_tables/Table_5-34.csv,594,.csv,6412068acccd24c944e6fede01a57d2505ae12bfdca9ea1452b4a4d729fb5309,inherited-unverified
datasets/2_scope1_facility_data/national_inventories/us/Inventory_US_GHG_Emissions_Sinks_2024_Complete_main_text_tables/Table_5-4.csv,2287,.csv,84c9e206975e30b5f225cb249656a7427f6349f44891a8056cf8960ac4ad132c,inherited-unverified
datasets/2_scope1_facility_data/national_inventories/us/Inventory_US_GHG_Emissions_Sinks_2024_Complete_main_text_tables/Table_5-5.csv,1114,.csv,e8a55c0b19916c1486d3ad93982505314c9f3eb8fb8d9594ba7be6aa54e46206,inherited-unverified
datasets/2_scope1_facility_data/national_inventories/us/Inventory_US_GHG_Emissions_Sinks_2024_Complete_main_text_tables/Table_5-6.csv,4642,.csv,a78d0bc64f10a65123066ab9f50fc78d7099bdd82e1f2f3e0453e84ea242a1e1,inherited-unverified
datasets/2_scope1_facility_data/national_inventories/us/Inventory_US_GHG_Emissions_Sinks_2024_Complete_main_text_tables/Table_5-7.csv,3184,.csv,35c6ccd364710e6bf645eec58d2943a4c985a9228298c6cc8ee0569b5c6867cf,inherited-unverified
datasets/2_scope1_facility_data/national_inventories/us/Inventory_US_GHG_Emissions_Sinks_2024_Complete_main_text_tables/Table_5-8.csv,557,.csv,00c8bdcb685bb16b5ce7f1d941cdadd2aff4b149f54f3d872d0f3bfea024d14b,inherited-unverified
datasets/2_scope1_facility_data/national_inventories/us/Inventory_US_GHG_Emissions_Sinks_2024_Complete_main_text_tables/Table_5-9.csv,2090,.csv,891531f37717f12ee1f3915383cdcfa2b669bd21983d294f30c2d30aa71269f8,inherited-unverified
datasets/2_scope1_facility_data/national_inventories/us/Inventory_US_GHG_Emissions_Sinks_2024_Complete_main_text_tables/Table_6-1.csv,11435,.csv,d298005f7ec959819114430fccbca60e242203f5767976ebc1eeb3ea3d65f5ce,inherited-unverified
datasets/2_scope1_facility_data/national_inventories/us/Inventory_US_GHG_Emissions_Sinks_2024_Complete_main_text_tables/Table_6-10.csv,6005,.csv,b90f08da4a387423825759884afdb4b3faab1b2bfaf027f5962f4df50d967734,inherited-unverified
datasets/2_scope1_facility_data/national_inventories/us/Inventory_US_GHG_Emissions_Sinks_2024_Complete_main_text_tables/Table_6-100.csv,780,.csv,e3948dc4b5d2cd48eb7922c05a7a597e1338c2a24bf54fa537e072bbf3f036f6,inherited-unverified
datasets/2_scope1_facility_data/national_inventories/us/Inventory_US_GHG_Emissions_Sinks_2024_Complete_main_text_tables/Table_6-101.csv,907,.csv,7d461b45629b975dba296e3d39e06de851cf86019c7006e8d2e713b29140983a,inherited-unverified
datasets/2_scope1_facility_data/national_inventories/us/Inventory_US_GHG_Emissions_Sinks_2024_Complete_main_text_tables/Table_6-102.csv,706,.csv,8fe2c32bf9e45b47e8fb0c251f0647bd99058efc60e996e65dd452f9cefb506f,inherited-unverified
datasets/2_scope1_facility_data/national_inventories/us/Inventory_US_GHG_Emissions_Sinks_2024_Complete_main_text_tables/Table_6-103.csv,435,.csv,e87b684920c2357eeef7bf0f3fe6ec4fc3f0812e7758f18e3664851ba738fb76,inherited-unverified
datasets/2_scope1_facility_data/national_inventories/us/Inventory_US_GHG_Emissions_Sinks_2024_Complete_main_text_tables/Table_6-104.csv,433,.csv,1cb067a5ea2daa9c1fc05ee65003c95cff0d1f487f371573acb2d170ac77bf3d,inherited-unverified
datasets/2_scope1_facility_data/national_inventories/us/Inventory_US_GHG_Emissions_Sinks_2024_Complete_main_text_tables/Table_6-105.csv,1284,.csv,d947d450a035ee6c36515d367e5d0ebbb47ac5f09654fc04e2ec952284eb13fb,inherited-unverified
datasets/2_scope1_facility_data/national_inventories/us/Inventory_US_GHG_Emissions_Sinks_2024_Complete_main_text_tables/Table_6-106.csv,521,.csv,aabd05671a179695ee847ad5c4d93de17136111d501205c8286706413d649ea0,inherited-unverified
datasets/2_scope1_facility_data/national_inventories/us/Inventory_US_GHG_Emissions_Sinks_2024_Complete_main_text_tables/Table_6-107.csv,464,.csv,0946d7bee172fc4b13671bcf18abfd79097b7ecbcf7b5a56f3011f90c2a3a4e8,inherited-unverified
datasets/2_scope1_facility_data/national_inventories/us/Inventory_US_GHG_Emissions_Sinks_2024_Complete_main_text_tables/Table_6-108.csv,7237,.csv,ad3caa1241a50abbf2b6732ae53cc66af969d5080cc46384997da8623381fa49,inherited-unverified
datasets/2_scope1_facility_data/national_inventories/us/Inventory_US_GHG_Emissions_Sinks_2024_Complete_main_text_tables/Table_6-109.csv,665,.csv,748c493b134bd98f7f36f2f0689cf24801941c09ebf1fada6e3014cc16af23b0,inherited-unverified
datasets/2_scope1_facility_data/national_inventories/us/Inventory_US_GHG_Emissions_Sinks_2024_Complete_main_text_tables/Table_6-11.csv,1401,.csv,b76574bb3db242ed2593dd284ebe1482cedbd2bea8083048f8de4ba46dcae1bb,inherited-unverified
datasets/2_scope1_facility_data/national_inventories/us/Inventory_US_GHG_Emissions_Sinks_2024_Complete_main_text_tables/Table_6-110.csv,497,.csv,e0efab32982e6e9ff136f3cba2e7ad28e228180144574673f3382de57e7aa381,inherited-unverified
datasets/2_scope1_facility_data/national_inventories/us/Inventory_US_GHG_Emissions_Sinks_2024_Complete_main_text_tables/Table_6-111.csv,492,.csv,7a28f5c18caa7e0266221459a326076f17ef1941a8568123aefd4359bbb785cd,inherited-unverified
datasets/2_scope1_facility_data/national_inventories/us/Inventory_US_GHG_Emissions_Sinks_2024_Complete_main_text_tables/Table_6-112.csv,477,.csv,d3cebd1a3c2d70ac08420918b6678cd6bdc8620d259cff8376acc28cf15f3a63,inherited-unverified
datasets/2_scope1_facility_data/national_inventories/us/Inventory_US_GHG_Emissions_Sinks_2024_Complete_main_text_tables/Table_6-113.csv,547,.csv,b8184657bf54c137216c6e3978f437238779220fd2dbb0481767c4ed5757288e,inherited-unverified
datasets/2_scope1_facility_data/national_inventories/us/Inventory_US_GHG_Emissions_Sinks_2024_Complete_main_text_tables/Table_6-114.csv,1263,.csv,e7aa609e43ff27af097d03dd9b2603a965f287014f402d7b32f6b181a9e8df56,inherited-unverified
datasets/2_scope1_facility_data/national_inventories/us/Inventory_US_GHG_Emissions_Sinks_2024_Complete_main_text_tables/Table_6-115.csv,504,.csv,ff6355b11b7a6d0bc2300f093edb935b90634d4522f2d4f84579c8fff4a3c07e,inherited-unverified
datasets/2_scope1_facility_data/national_inventories/us/Inventory_US_GHG_Emissions_Sinks_2024_Complete_main_text_tables/Table_6-116.csv,645,.csv,6e7b3b5979f46d8f97cce6e14beb8ca7252cb67bc15eb618c5cc685eb495b470,inherited-unverified
datasets/2_scope1_facility_data/national_inventories/us/Inventory_US_GHG_Emissions_Sinks_2024_Complete_main_text_tables/Table_6-117.csv,6535,.csv,651526564aea707b9cad795532c9aa0b85851227a7fe7fe625069a287283b848,inherited-unverified
datasets/2_scope1_facility_data/national_inventories/us/Inventory_US_GHG_Emissions_Sinks_2024_Complete_main_text_tables/Table_6-118.csv,653,.csv,51da91794e7784435b26ef0f022c4aaabe7a46126b6725021e9d605d0917b94b,inherited-unverified
datasets/2_scope1_facility_data/national_inventories/us/Inventory_US_GHG_Emissions_Sinks_2024_Complete_main_text_tables/Table_6-119.csv,479,.csv,355a154162558b91c64d9e23a97dee1dac652bbeb984de6aad36ff578bd51212,inherited-unverified
datasets/2_scope1_facility_data/national_inventories/us/Inventory_US_GHG_Emissions_Sinks_2024_Complete_main_text_tables/Table_6-12.csv,927,.csv,40d8f3642f92371d6376eb6283287aa581498cd129739575de374d4206834a8b,inherited-unverified
datasets/2_scope1_facility_data/national_inventories/us/Inventory_US_GHG_Emissions_Sinks_2024_Complete_main_text_tables/Table_6-120.csv,453,.csv,424a2c58a6a0ed3f43c6139913950fa23c0c7bea646645ac32d00350d6f8efe0,inherited-unverified
datasets/2_scope1_facility_data/national_inventories/us/Inventory_US_GHG_Emissions_Sinks_2024_Complete_main_text_tables/Table_6-121.csv,587,.csv,89bb9d65686685363963602dd6544f88bc2f643f1d84e082fb5f093f1b43c450,inherited-unverified
datasets/2_scope1_facility_data/national_inventories/us/Inventory_US_GHG_Emissions_Sinks_2024_Complete_main_text_tables/Table_6-122.csv,444,.csv,78b26aa383f676c4504478f52f4a29fa7ccf50ca0cf0dc9c7b6be8ab4aaae6ab,inherited-unverified
datasets/2_scope1_facility_data/national_inventories/us/Inventory_US_GHG_Emissions_Sinks_2024_Complete_main_text_tables/Table_6-123.csv,1266,.csv,9dc45eee5aab253e13d1e18cf5f5b59debf5f89c96d6ee2b6d81bf1799a554e9,inherited-unverified
datasets/2_scope1_facility_data/national_inventories/us/Inventory_US_GHG_Emissions_Sinks_2024_Complete_main_text_tables/Table_6-124.csv,1052,.csv,b0b7789a3952ded52fc28ff8a0f900135bb92abcdfcb70d728d9390aeb84646e,inherited-unverified
datasets/2_scope1_facility_data/national_inventories/us/Inventory_US_GHG_Emissions_Sinks_2024_Complete_main_text_tables/Table_6-125.csv,3448,.csv,307beeff259e372e52b194389c33d5e8025320d2c81e82a9ac56dba03d9c4ff8,inherited-unverified
datasets/2_scope1_facility_data/national_inventories/us/Inventory_US_GHG_Emissions_Sinks_2024_Complete_main_text_tables/Table_6-126.csv,3227,.csv,c2e4b07ba609fb7c79e95c051480f36533ce7a031a21fb2e5b738a4400c073ef,inherited-unverified
datasets/2_scope1_facility_data/national_inventories/us/Inventory_US_GHG_Emissions_Sinks_2024_Complete_main_text_tables/Table_6-127.csv,604,.csv,697920637085faadc68a64813d0dea1b6a15a5ccdc73567082ff9f817fa00f9d,inherited-unverified
datasets/2_scope1_facility_data/national_inventories/us/Inventory_US_GHG_Emissions_Sinks_2024_Complete_main_text_tables/Table_6-128.csv,386,.csv,b7b72556c69eb3c50110e854b8a53899a60c5898a1fa6dac4797c5ffbd033fcb,inherited-unverified
datasets/2_scope1_facility_data/national_inventories/us/Inventory_US_GHG_Emissions_Sinks_2024_Complete_main_text_tables/Table_6-129.csv,1946,.csv,50157cfabeee4cc91eec7da2730d0d7fa414810fe0d6e391c37e79aa5889817d,inherited-unverified
datasets/2_scope1_facility_data/national_inventories/us/Inventory_US_GHG_Emissions_Sinks_2024_Complete_main_text_tables/Table_6-13.csv,821,.csv,aa7096f2fc0d8ccae772223d159580f15704c34820bf8751623a3f85c4724952,inherited-unverified
datasets/2_scope1_facility_data/national_inventories/us/Inventory_US_GHG_Emissions_Sinks_2024_Complete_main_text_tables/Table_6-130.csv,753,.csv,1a40b71a236d244162545790016e2f8e5d0471c73c6b53d9b1e8c5bf72eb3d21,inherited-unverified
datasets/2_scope1_facility_data/national_inventories/us/Inventory_US_GHG_Emissions_Sinks_2024_Complete_main_text_tables/Table_6-131.csv,1541,.csv,6d4fcd502d74a988e86aed94083af942bb567452c7fa00951bf51190abd3213a,inherited-unverified
datasets/2_scope1_facility_data/national_inventories/us/Inventory_US_GHG_Emissions_Sinks_2024_Complete_main_text_tables/Table_6-132.csv,1473,.csv,14a8866d9612be3a515c35db271044c296a24be19ded6685b11be7ad8af1272f,inherited-unverified
datasets/2_scope1_facility_data/national_inventories/us/Inventory_US_GHG_Emissions_Sinks_2024_Complete_main_text_tables/Table_6-133.csv,601,.csv,b1bb1b240c2df1f95a8b00f3dfec2db986e86ebed4e44457484bd524108d5b73,inherited-unverified
datasets/2_scope1_facility_data/national_inventories/us/Inventory_US_GHG_Emissions_Sinks_2024_Complete_main_text_tables/Table_6-134.csv,1670,.csv,734b02595fa9a2c083bb2cd4cb97eaf12dcd3b5d944bcb5324e537452c1ca086,inherited-unverified
datasets/2_scope1_facility_data/national_inventories/us/Inventory_US_GHG_Emissions_Sinks_2024_Complete_main_text_tables/Table_6-135.csv,582,.csv,2873eb299f1500a52ea05da3516cc839cd8f3ff35ba91d8b8691a81c5ae2fbb5,inherited-unverified
datasets/2_scope1_facility_data/national_inventories/us/Inventory_US_GHG_Emissions_Sinks_2024_Complete_main_text_tables/Table_6-136.csv,5259,.csv,f525e145697c34f2c134c064acbfe8101297f3337e9f8ab6de33f6bbb6060e08,inherited-unverified
datasets/2_scope1_facility_data/national_inventories/us/Inventory_US_GHG_Emissions_Sinks_2024_Complete_main_text_tables/Table_6-137.csv,5068,.csv,eae7c149cc447c0cf3c9448d03d42640ba228fc1d995c80983bcb944788a4d6a,inherited-unverified
datasets/2_scope1_facility_data/national_inventories/us/Inventory_US_GHG_Emissions_Sinks_2024_Complete_main_text_tables/Table_6-138.csv,2225,.csv,7b8ee82894bf86b5e047d6b09dd47ab89d9512bb1fda9bad5af22cdac9931c5d,inherited-unverified
datasets/2_scope1_facility_data/national_inventories/us/Inventory_US_GHG_Emissions_Sinks_2024_Complete_main_text_tables/Table_6-139.csv,1158,.csv,2d3617525e0b0e45500af116f1b99c76fe4df5f9581d1cef88afc636a7fb1613,inherited-unverified
datasets/2_scope1_facility_data/national_inventories/us/Inventory_US_GHG_Emissions_Sinks_2024_Complete_main_text_tables/Table_6-14.csv,667,.csv,c3ac50d042f7700cf7eaf93df6b18b4dde00c22b4d7c94c3c6f5a69e0d5894bf,inherited-unverified
datasets/2_scope1_facility_data/national_inventories/us/Inventory_US_GHG_Emissions_Sinks_2024_Complete_main_text_tables/Table_6-15.csv,599,.csv,1729d731bbbfc617ee76381dfc4cbb6fe874b5c3ddb380068f1b4bca64e96b51,inherited-unverified
datasets/2_scope1_facility_data/national_inventories/us/Inventory_US_GHG_Emissions_Sinks_2024_Complete_main_text_tables/Table_6-16.csv,614,.csv,71d17c5fc7bc1fb6e78c0418ef97fa8ee5edcb05493d99cfbcb4686236e11114,inherited-unverified
datasets/2_scope1_facility_data/national_inventories/us/Inventory_US_GHG_Emissions_Sinks_2024_Complete_main_text_tables/Table_6-17.csv,584,.csv,85f0493fde2fba68c3e3b1e82f587da5c5d6df8e524a1852d39f48ad89bdf4d8,inherited-unverified
datasets/2_scope1_facility_data/national_inventories/us/Inventory_US_GHG_Emissions_Sinks_2024_Complete_main_text_tables/Table_6-18.csv,744,.csv,53763cd63f724c412875d40cee580d9c5c481cf16f12a871f4dfb7909a102465,inherited-unverified
datasets/2_scope1_facility_data/national_inventories/us/Inventory_US_GHG_Emissions_Sinks_2024_Complete_main_text_tables/Table_6-19.csv,602,.csv,3304f8e108ff8fa001b948020f67d8c214cd6883bd4be1514faad168bf07515f,inherited-unverified
datasets/2_scope1_facility_data/national_inventories/us/Inventory_US_GHG_Emissions_Sinks_2024_Complete_main_text_tables/Table_6-2.csv,8696,.csv,51a63ea97779896606b9ef6f4c508c166391ab71ada727f79be57929cfb00e57,inherited-unverified
datasets/2_scope1_facility_data/national_inventories/us/Inventory_US_GHG_Emissions_Sinks_2024_Complete_main_text_tables/Table_6-20.csv,550,.csv,ac64308783ef8df60f00e810e92529bc0d324782ed10f48c0502e56249db72ad,inherited-unverified
datasets/2_scope1_facility_data/national_inventories/us/Inventory_US_GHG_Emissions_Sinks_2024_Complete_main_text_tables/Table_6-21.csv,539,.csv,faf797f34e4107c2cd399bb669a9cfebb061d87b0023d562535704cf451f228f,inherited-unverified
datasets/2_scope1_facility_data/national_inventories/us/Inventory_US_GHG_Emissions_Sinks_2024_Complete_main_text_tables/Table_6-22.csv,577,.csv,11bec06ed743a678a327d9d3d7bc65aebdf47191e26ab85fe294db5a66340ea9,inherited-unverified
datasets/2_scope1_facility_data/national_inventories/us/Inventory_US_GHG_Emissions_Sinks_2024_Complete_main_text_tables/Table_6-23.csv,953,.csv,e909fad41edeef68e769da339f1a060aad61bc9455d16e73345e451f8213c11a,inherited-unverified
datasets/2_scope1_facility_data/national_inventories/us/Inventory_US_GHG_Emissions_Sinks_2024_Complete_main_text_tables/Table_6-24.csv,921,.csv,fa94890e137562e6afce304141af1a1f9987bc8e12245a936a455400d39b3901,inherited-unverified
datasets/2_scope1_facility_data/national_inventories/us/Inventory_US_GHG_Emissions_Sinks_2024_Complete_main_text_tables/Table_6-25.csv,682,.csv,7a6cd40bd81e390ff16ebe13822950d1e9b53fbb5d7b52ae70895efd2d214ec1,inherited-unverified
datasets/2_scope1_facility_data/national_inventories/us/Inventory_US_GHG_Emissions_Sinks_2024_Complete_main_text_tables/Table_6-26.csv,1696,.csv,82815e914a763fc9676c7a69eb023636680136b42922b939e961091cbaef068c,inherited-unverified
datasets/2_scope1_facility_data/national_inventories/us/Inventory_US_GHG_Emissions_Sinks_2024_Complete_main_text_tables/Table_6-27.csv,598,.csv,98e9da915a1165689fc10b7d6a69150b04a086382a8033a62a845d6f1e5b570c,inherited-unverified
datasets/2_scope1_facility_data/national_inventories/us/Inventory_US_GHG_Emissions_Sinks_2024_Complete_main_text_tables/Table_6-28.csv,1291,.csv,3ee7b5899c0bb6ec581230314d622f35dcb18f4ea99558f595572ca0599f77b5,inherited-unverified
datasets/2_scope1_facility_data/national_inventories/us/Inventory_US_GHG_Emissions_Sinks_2024_Complete_main_text_tables/Table_6-29.csv,984,.csv,d44c9c681453487c8fb9f5719033be7848a9bd7b382a70eac9a6857e1697e48e,inherited-unverified
datasets/2_scope1_facility_data/national_inventories/us/Inventory_US_GHG_Emissions_Sinks_2024_Complete_main_text_tables/Table_6-3.csv,8386,.csv,56946340e02cd6c101fee7b6973b9b8899f9605a7fb9072541bd3e4511c7d1bb,inherited-unverified
datasets/2_scope1_facility_data/national_inventories/us/Inventory_US_GHG_Emissions_Sinks_2024_Complete_main_text_tables/Table_6-30.csv,452,.csv,fb374d3fc9c9a2f121c8bfc67b882c85da87c66e2843ac20f560d0d595a1d53c,inherited-unverified
datasets/2_scope1_facility_data/national_inventories/us/Inventory_US_GHG_Emissions_Sinks_2024_Complete_main_text_tables/Table_6-31.csv,636,.csv,d1ec84d20af00508b4759364e4d41de4cd6f96bb99702f8ec7094ae8a53749e5,inherited-unverified
datasets/2_scope1_facility_data/national_inventories/us/Inventory_US_GHG_Emissions_Sinks_2024_Complete_main_text_tables/Table_6-32.csv,8474,.csv,e9ead35b54cb652a8555cc8f488139268ef6a19c10d71fdb7d491e85c5087b1e,inherited-unverified
datasets/2_scope1_facility_data/national_inventories/us/Inventory_US_GHG_Emissions_Sinks_2024_Complete_main_text_tables/Table_6-33.csv,8288,.csv,b8d811d00e77887186d8fa885bcdf885109a4467a09e7c8ad13c94a22c8fa584,inherited-unverified
datasets/2_scope1_facility_data/national_inventories/us/Inventory_US_GHG_Emissions_Sinks_2024_Complete_main_text_tables/Table_6-34.csv,2823,.csv,0d731ce01fa516a2ea530a64e14b192895a0334fd41f258c7c48f7f099a1235c,inherited-unverified
datasets/2_scope1_facility_data/national_inventories/us/Inventory_US_GHG_Emissions_Sinks_2024_Complete_main_text_tables/Table_6-35.csv,1614,.csv,c720db1dbc899c101345e2468dbb52f57b582efb28c6e94108d813f3edd7a25d,inherited-unverified
datasets/2_scope1_facility_data/national_inventories/us/Inventory_US_GHG_Emissions_Sinks_2024_Complete_main_text_tables/Table_6-36.csv,1040,.csv,684a01672942d73d67266bb5f1b5359fd375015e4e63fd28c480fa38c90cd93b,inherited-unverified
datasets/2_scope1_facility_data/national_inventories/us/Inventory_US_GHG_Emissions_Sinks_2024_Complete_main_text_tables/Table_6-37.csv,974,.csv,b9d9f6b87bed9e07466223abfa6b2dd52e53048d4f35a0441aa0b6756f3c07f1,inherited-unverified
datasets/2_scope1_facility_data/national_inventories/us/Inventory_US_GHG_Emissions_Sinks_2024_Complete_main_text_tables/Table_6-38.csv,977,.csv,69b8855313aa0ee5c5585ea7ef67e324d963b3db33795034b196fd0651e05b0d,inherited-unverified
datasets/2_scope1_facility_data/national_inventories/us/Inventory_US_GHG_Emissions_Sinks_2024_Complete_main_text_tables/Table_6-39.csv,1291,.csv,f3b00712d0358feef6a5faa5ad93ffc41113609a41ecde1dc4b6a9e81d0e0de6,inherited-unverified
datasets/2_scope1_facility_data/national_inventories/us/Inventory_US_GHG_Emissions_Sinks_2024_Complete_main_text_tables/Table_6-4.csv,6535,.csv,f1e60b7c2280f33a44b0933fd8660df214ed08dd351ac1af9d0453234e83ee34,inherited-unverified
datasets/2_scope1_facility_data/national_inventories/us/Inventory_US_GHG_Emissions_Sinks_2024_Complete_main_text_tables/Table_6-40.csv,5169,.csv,698d56c7d7f310f9a06d2a63bc878a74a39bb2e79f44de2c98cf8a88e743bfe4,inherited-unverified
datasets/2_scope1_facility_data/national_inventories/us/Inventory_US_GHG_Emissions_Sinks_2024_Complete_main_text_tables/Table_6-41.csv,4531,.csv,aa910733b07db6e23819171520f578129b85109ebf9b1b3f0fe5bb9d94e7ddf8,inherited-unverified
datasets/2_scope1_facility_data/national_inventories/us/Inventory_US_GHG_Emissions_Sinks_2024_Complete_main_text_tables/Table_6-42.csv,2165,.csv,5f6daaa78d0bda108d34a23098bec1f43df1e2dc7ba3ec841d60edcafb6aacdf,inherited-unverified
datasets/2_scope1_facility_data/national_inventories/us/Inventory_US_GHG_Emissions_Sinks_2024_Complete_main_text_tables/Table_6-43.csv,1718,.csv,a0fd64f92e044001fb42338063421bb2016e476d2d272e5179edb6a77684981c,inherited-unverified
datasets/2_scope1_facility_data/national_inventories/us/Inventory_US_GHG_Emissions_Sinks_2024_Complete_main_text_tables/Table_6-44.csv,1639,.csv,6bd874262faa17f9ce064315c0022d7aee014255865ada18a750e2d98b9fffc2,inherited-unverified
datasets/2_scope1_facility_data/national_inventories/us/Inventory_US_GHG_Emissions_Sinks_2024_Complete_main_text_tables/Table_6-45.csv,1374,.csv,1471c5548843618c9b2242c6080d1e96471bf7920e6b3bec464753fddab3bc5b,inherited-unverified
datasets/2_scope1_facility_data/national_inventories/us/Inventory_US_GHG_Emissions_Sinks_2024_Complete_main_text_tables/Table_6-46.csv,1485,.csv,3fcf6cfe46e90fd99211dfd83fe0970b36c011b475828d0269a80e7a711e578e,inherited-unverified
datasets/2_scope1_facility_data/national_inventories/us/Inventory_US_GHG_Emissions_Sinks_2024_Complete_main_text_tables/Table_6-47.csv,790,.csv,40180a3f5925ee227ba9b05579e2bac3344c8145fcbbd4b05cfb4f42fe71217a,inherited-unverified
datasets/2_scope1_facility_data/national_inventories/us/Inventory_US_GHG_Emissions_Sinks_2024_Complete_main_text_tables/Table_6-48.csv,747,.csv,9f0d94c3a2e9e57e6aaac7ec96c13f09c864d8564770704353c57ef2f9c823c7,inherited-unverified
datasets/2_scope1_facility_data/national_inventories/us/Inventory_US_GHG_Emissions_Sinks_2024_Complete_main_text_tables/Table_6-49.csv,630,.csv,8e78792270bd35bbf8ab7df2d105f66f85235f58113c5d916b6f251a759ec83d,inherited-unverified
datasets/2_scope1_facility_data/national_inventories/us/Inventory_US_GHG_Emissions_Sinks_2024_Complete_main_text_tables/Table_6-5.csv,10704,.csv,e8172618b401bc672c1f9bb3e78e1d74c26ff14a364e1b896370cf1a53f39ec5,inherited-unverified
datasets/2_scope1_facility_data/national_inventories/us/Inventory_US_GHG_Emissions_Sinks_2024_Complete_main_text_tables/Table_6-50.csv,569,.csv,2b22c33bea8568b97f9822d10d8d15c0f80419f96c34f66c5d38271398aa967d,inherited-unverified
datasets/2_scope1_facility_data/national_inventories/us/Inventory_US_GHG_Emissions_Sinks_2024_Complete_main_text_tables/Table_6-51.csv,6949,.csv,64ee421b454e3082b72f4dabc65fa4a482494b2ab92ec9902b4f00cece988d09,inherited-unverified
datasets/2_scope1_facility_data/national_inventories/us/Inventory_US_GHG_Emissions_Sinks_2024_Complete_main_text_tables/Table_6-52.csv,5786,.csv,7455977a4393610c7009127c824eb9269f748aadb58907ddea999977ee115b8e,inherited-unverified
datasets/2_scope1_facility_data/national_inventories/us/Inventory_US_GHG_Emissions_Sinks_2024_Complete_main_text_tables/Table_6-53.csv,2653,.csv,b4591c4ae755c82781ea36d7648783c6a4b8367ccc9167da43b000e9c9e7d2f2,inherited-unverified
datasets/2_scope1_facility_data/national_inventories/us/Inventory_US_GHG_Emissions_Sinks_2024_Complete_main_text_tables/Table_6-54.csv,1292,.csv,9bf8bbf1d339b9c0e12bfa55722cb34cee8f00f6b0f379aaecaa9c083699b7c2,inherited-unverified
datasets/2_scope1_facility_data/national_inventories/us/Inventory_US_GHG_Emissions_Sinks_2024_Complete_main_text_tables/Table_6-55.csv,1138,.csv,0f0db1589cf9d0f263e121d2647d6ca10fdf0e9d56ffbc0bcdde52b490f4fe83,inherited-unverified
datasets/2_scope1_facility_data/national_inventories/us/Inventory_US_GHG_Emissions_Sinks_2024_Complete_main_text_tables/Table_6-56.csv,995,.csv,fb7feb0b9b11d98eed47319bdd4264f599a3501f54a0c1b4e594a1475a014019,inherited-unverified
datasets/2_scope1_facility_data/national_inventories/us/Inventory_US_GHG_Emissions_Sinks_2024_Complete_main_text_tables/Table_6-57.csv,1279,.csv,5819e086cdf3cd628846c6d06cf40b230287eb829f1b5f8fd1b588b2038f6464,inherited-unverified
datasets/2_scope1_facility_data/national_inventories/us/Inventory_US_GHG_Emissions_Sinks_2024_Complete_main_text_tables/Table_6-58.csv,644,.csv,392ba475f11150a6dc867f1413c95278eb5dd2d1d86ba5ffc63d3146cc715d41,inherited-unverified
datasets/2_scope1_facility_data/national_inventories/us/Inventory_US_GHG_Emissions_Sinks_2024_Complete_main_text_tables/Table_6-59.csv,1435,.csv,30e19902a2b81c8cfa69f2a1e782b164e81633240cb6de54db3d2f771e3bc534,inherited-unverified
datasets/2_scope1_facility_data/national_inventories/us/Inventory_US_GHG_Emissions_Sinks_2024_Complete_main_text_tables/Table_6-6.csv,512,.csv,d03baa101f54a352e09811879ebbb08125ec9e16c878be2de2166280b7b37322,inherited-unverified
datasets/2_scope1_facility_data/national_inventories/us/Inventory_US_GHG_Emissions_Sinks_2024_Complete_main_text_tables/Table_6-60.csv,708,.csv,429ed915495206b04136fd8d5ad3aabd6222b1fca1f12199d1f42c2b71a53f3a,inherited-unverified
datasets/2_scope1_facility_data/national_inventories/us/Inventory_US_GHG_Emissions_Sinks_2024_Complete_main_text_tables/Table_6-61.csv,1880,.csv,b468de6ff96007674b72c4a6186273ea02f3b329a385b813e5cb6c6b7f3601c5,inherited-unverified
datasets/2_scope1_facility_data/national_inventories/us/Inventory_US_GHG_Emissions_Sinks_2024_Complete_main_text_tables/Table_6-62.csv,661,.csv,186d807f1e78c6221dc337e3b403bbd4455c5a6473485594bb04cbc67fd42174,inherited-unverified
datasets/2_scope1_facility_data/national_inventories/us/Inventory_US_GHG_Emissions_Sinks_2024_Complete_main_text_tables/Table_6-63.csv,3677,.csv,7eaef3fe216ad23cfcfab9981a9b324756f1cc4bbe768e39db1249306b84d360,inherited-unverified
datasets/2_scope1_facility_data/national_inventories/us/Inventory_US_GHG_Emissions_Sinks_2024_Complete_main_text_tables/Table_6-64.csv,1125,.csv,30597886e558e38b7fcb463b57e7694ac10098f139c5e5a2607a6c0d010411e1,inherited-unverified
datasets/2_scope1_facility_data/national_inventories/us/Inventory_US_GHG_Emissions_Sinks_2024_Complete_main_text_tables/Table_6-65.csv,1046,.csv,2b9b2113e384b174a8dda2259ff52c015b0a07b7f7e7b88b4ca47b1565daa19a,inherited-unverified
datasets/2_scope1_facility_data/national_inventories/us/Inventory_US_GHG_Emissions_Sinks_2024_Complete_main_text_tables/Table_6-66.csv,651,.csv,bf2921b1191465b9de07677faa4d1e725448f8f339f45fa47b32123fe7d85ab5,inherited-unverified
datasets/2_scope1_facility_data/national_inventories/us/Inventory_US_GHG_Emissions_Sinks_2024_Complete_main_text_tables/Table_6-67.csv,1646,.csv,1755f146085a17f5437aae00cc74ca4305a002700f7e1bb0815680576e3e2f8f,inherited-unverified
datasets/2_scope1_facility_data/national_inventories/us/Inventory_US_GHG_Emissions_Sinks_2024_Complete_main_text_tables/Table_6-68.csv,781,.csv,d087c4b14e213060f3eeefb3c99ba7cb9f291c1f9150d6b6695ad6b8ea825470,inherited-unverified
datasets/2_scope1_facility_data/national_inventories/us/Inventory_US_GHG_Emissions_Sinks_2024_Complete_main_text_tables/Table_6-69.csv,646,.csv,892057ac520758cf4f9d071934ef57e6acb0a18962cd4d43c14634e7054e75b6,inherited-unverified
datasets/2_scope1_facility_data/national_inventories/us/Inventory_US_GHG_Emissions_Sinks_2024_Complete_main_text_tables/Table_6-7.csv,654,.csv,625746fa234aa3eba8705cea559af21273b07acce0377c84e4c9560dbbfadf31,inherited-unverified
datasets/2_scope1_facility_data/national_inventories/us/Inventory_US_GHG_Emissions_Sinks_2024_Complete_main_text_tables/Table_6-70.csv,559,.csv,fe33d955ba3dd5969208d622e3da8b5e936e86e10a3a48a7ddf2b4758d7a88ce,inherited-unverified
datasets/2_scope1_facility_data/national_inventories/us/Inventory_US_GHG_Emissions_Sinks_2024_Complete_main_text_tables/Table_6-71.csv,693,.csv,a09096b34a2839cd6c3dc0eab32483a6ea55ec1c16e83c9a39308580bbb2d842,inherited-unverified
datasets/2_scope1_facility_data/national_inventories/us/Inventory_US_GHG_Emissions_Sinks_2024_Complete_main_text_tables/Table_6-72.csv,1071,.csv,4610297d65d78b81332d6a715c61da9a1775a08bcf21d9c7798612f3a817629a,inherited-unverified
datasets/2_scope1_facility_data/national_inventories/us/Inventory_US_GHG_Emissions_Sinks_2024_Complete_main_text_tables/Table_6-73.csv,994,.csv,861a519353824fc478313382d8ba195434035436f5b25dda619afbf6e4fb25ca,inherited-unverified
datasets/2_scope1_facility_data/national_inventories/us/Inventory_US_GHG_Emissions_Sinks_2024_Complete_main_text_tables/Table_6-74.csv,604,.csv,76257974ec75ccc0a263142dc6be244061a0cfacda9d5595aaf047bf753d3cb7,inherited-unverified
datasets/2_scope1_facility_data/national_inventories/us/Inventory_US_GHG_Emissions_Sinks_2024_Complete_main_text_tables/Table_6-75.csv,1216,.csv,c4c2093ee7e9ad386c14c22cfe98bee05ef738019a561fe4896ef6f44f435de3,inherited-unverified
datasets/2_scope1_facility_data/national_inventories/us/Inventory_US_GHG_Emissions_Sinks_2024_Complete_main_text_tables/Table_6-76.csv,1280,.csv,4f2831c4f0122a47dabbadf0b8863547276561fbdcb95081eeda1b33e3a217a2,inherited-unverified
datasets/2_scope1_facility_data/national_inventories/us/Inventory_US_GHG_Emissions_Sinks_2024_Complete_main_text_tables/Table_6-77.csv,701,.csv,c301e4bf2c377afd23bcf0b436a0f1ae3263f3467f0278908b49ebdfae2c69cc,inherited-unverified
datasets/2_scope1_facility_data/national_inventories/us/Inventory_US_GHG_Emissions_Sinks_2024_Complete_main_text_tables/Table_6-78.csv,603,.csv,b60b3792fb0c3a4ab56dfb29c40202e0cef7187a1f07d29e4cd48a218b1ea4d4,inherited-unverified
datasets/2_scope1_facility_data/national_inventories/us/Inventory_US_GHG_Emissions_Sinks_2024_Complete_main_text_tables/Table_6-79.csv,569,.csv,d71298413e186092abe8d840f05ef0b981b4f57d4163942a474a1ccc1d3595e8,inherited-unverified
datasets/2_scope1_facility_data/national_inventories/us/Inventory_US_GHG_Emissions_Sinks_2024_Complete_main_text_tables/Table_6-8.csv,4909,.csv,64f77aeae49eaffe84940d56f9bea6d8a7d363478907aa5265bf858a4c44102d,inherited-unverified
datasets/2_scope1_facility_data/national_inventories/us/Inventory_US_GHG_Emissions_Sinks_2024_Complete_main_text_tables/Table_6-80.csv,941,.csv,340449c9bd101b95da87f3304674ca86e2c62479b32c832d05b37da3c03d8680,inherited-unverified
datasets/2_scope1_facility_data/national_inventories/us/Inventory_US_GHG_Emissions_Sinks_2024_Complete_main_text_tables/Table_6-81.csv,891,.csv,7e4a3ee93de3850711c3c80e616d13e9068700653d7e7aad239d71ca09dd2415,inherited-unverified
datasets/2_scope1_facility_data/national_inventories/us/Inventory_US_GHG_Emissions_Sinks_2024_Complete_main_text_tables/Table_6-82.csv,1137,.csv,05732ad7b6aa371978b379b649ef8d13e319691aa4ca593f3b8004a9870a4aa3,inherited-unverified
datasets/2_scope1_facility_data/national_inventories/us/Inventory_US_GHG_Emissions_Sinks_2024_Complete_main_text_tables/Table_6-83.csv,467,.csv,28248ab488fd41b244d36dcbcb7e38d155577385e99629df457e11eb76d9f4fe,inherited-unverified
datasets/2_scope1_facility_data/national_inventories/us/Inventory_US_GHG_Emissions_Sinks_2024_Complete_main_text_tables/Table_6-84.csv,508,.csv,544fb36ca10c4b4c9650dfa09b0ad885edbe3d57726128082122cd36247f9cea,inherited-unverified
datasets/2_scope1_facility_data/national_inventories/us/Inventory_US_GHG_Emissions_Sinks_2024_Complete_main_text_tables/Table_6-85.csv,9440,.csv,c244d571eeef48f7815e3d615384e9b1c0a00ad0d47e975af2dfdcdb0c23b89e,inherited-unverified
datasets/2_scope1_facility_data/national_inventories/us/Inventory_US_GHG_Emissions_Sinks_2024_Complete_main_text_tables/Table_6-86.csv,570,.csv,e78dbc51d3338cd719c0dee1f853fe94cf180c35de9c0fe797e4ccdc73470890,inherited-unverified
datasets/2_scope1_facility_data/national_inventories/us/Inventory_US_GHG_Emissions_Sinks_2024_Complete_main_text_tables/Table_6-87.csv,980,.csv,3ed689af29c2bc38cb03f5ff5a0f047374b34a562f49b1f9ad3501770c5007a5,inherited-unverified
datasets/2_scope1_facility_data/national_inventories/us/Inventory_US_GHG_Emissions_Sinks_2024_Complete_main_text_tables/Table_6-88.csv,1076,.csv,d4cb76b45002c2cdfa9b7003978aad430037e860e6641fc53af3a1311f42f05a,inherited-unverified
datasets/2_scope1_facility_data/national_inventories/us/Inventory_US_GHG_Emissions_Sinks_2024_Complete_main_text_tables/Table_6-89.csv,1422,.csv,4dd8f538e22ce79fc84674d0862f5dc07a402e029d3f1bb65c2e9cd39a1de4e0,inherited-unverified
datasets/2_scope1_facility_data/national_inventories/us/Inventory_US_GHG_Emissions_Sinks_2024_Complete_main_text_tables/Table_6-9.csv,4758,.csv,aef165eb1c536a9d9706326ec2b3938081a8264e4f50d34d408b74a05d7f87a6,inherited-unverified
datasets/2_scope1_facility_data/national_inventories/us/Inventory_US_GHG_Emissions_Sinks_2024_Complete_main_text_tables/Table_6-90.csv,275,.csv,3d7295e63da511598f9a1d472a093603135e37e15b616c691825c7aaeb10b9d1,inherited-unverified
datasets/2_scope1_facility_data/national_inventories/us/Inventory_US_GHG_Emissions_Sinks_2024_Complete_main_text_tables/Table_6-91.csv,166,.csv,c881ff1111e76eeb18cc373e7115296c42eddef267b52e88afc4e28a78f72396,inherited-unverified
datasets/2_scope1_facility_data/national_inventories/us/Inventory_US_GHG_Emissions_Sinks_2024_Complete_main_text_tables/Table_6-92.csv,168,.csv,42e587c5d3f151f3399483eddf93cb72082b4a2849d64bee0f07f799f602ad54,inherited-unverified
datasets/2_scope1_facility_data/national_inventories/us/Inventory_US_GHG_Emissions_Sinks_2024_Complete_main_text_tables/Table_6-93.csv,1574,.csv,2fa8d5db700caf7e4aedc28e81859b179c0fb1f391c388c060dcd6923db5aba1,inherited-unverified
datasets/2_scope1_facility_data/national_inventories/us/Inventory_US_GHG_Emissions_Sinks_2024_Complete_main_text_tables/Table_6-94.csv,8895,.csv,e1f4cfaccf04ae07510f508bfd8cbef23bdf2958e6054ea936416d66c32ebf20,inherited-unverified
datasets/2_scope1_facility_data/national_inventories/us/Inventory_US_GHG_Emissions_Sinks_2024_Complete_main_text_tables/Table_6-95.csv,16219,.csv,26d5ee2f57391351129506967f5ac8f5a30d51058f0e1e2d2b91e2f3ee245b9e,inherited-unverified
datasets/2_scope1_facility_data/national_inventories/us/Inventory_US_GHG_Emissions_Sinks_2024_Complete_main_text_tables/Table_6-96.csv,586,.csv,47128362cc6c9355b6e09734ba62b16b784c9d69da5b9d9d1c3aba975d7af1fb,inherited-unverified
datasets/2_scope1_facility_data/national_inventories/us/Inventory_US_GHG_Emissions_Sinks_2024_Complete_main_text_tables/Table_6-97.csv,4225,.csv,0de0b65cc8317d5e97044213d5fccee6ecdb46e41f226d9a7ebbcbd738b78ab4,inherited-unverified
datasets/2_scope1_facility_data/national_inventories/us/Inventory_US_GHG_Emissions_Sinks_2024_Complete_main_text_tables/Table_6-98.csv,4102,.csv,0d7e111fe84fb3bf4d3ccfcd68ac5c7cf2aef9081bd0918a341c99431d4cb759,inherited-unverified
datasets/2_scope1_facility_data/national_inventories/us/Inventory_US_GHG_Emissions_Sinks_2024_Complete_main_text_tables/Table_6-99.csv,2930,.csv,d7f0bf4e35e98fc4d24e2a87ad419ab1d20b214a0bc0a40047839e2d8754a2b6,inherited-unverified
datasets/2_scope1_facility_data/national_inventories/us/Inventory_US_GHG_Emissions_Sinks_2024_Complete_main_text_tables/Table_7-1.csv,2032,.csv,d7b62d2eb9f0888e6997fb174f90b079c8c807444b6e03d9d7338c39ef680654,inherited-unverified
datasets/2_scope1_facility_data/national_inventories/us/Inventory_US_GHG_Emissions_Sinks_2024_Complete_main_text_tables/Table_7-10.csv,1032,.csv,77b6bc2390b94ce24103dd92738ae65f2b57b30acff0e3356e9be79cfc2736d9,inherited-unverified
datasets/2_scope1_facility_data/national_inventories/us/Inventory_US_GHG_Emissions_Sinks_2024_Complete_main_text_tables/Table_7-11.csv,1438,.csv,d9a146db5ce132152e78b675e536d118c0ed8357c58f76c4be01eda51fd8f918,inherited-unverified
datasets/2_scope1_facility_data/national_inventories/us/Inventory_US_GHG_Emissions_Sinks_2024_Complete_main_text_tables/Table_7-12.csv,922,.csv,16b734b48a989622c54593e594efa7ebac5aa43a01f57b21bef05f11f736d631,inherited-unverified
datasets/2_scope1_facility_data/national_inventories/us/Inventory_US_GHG_Emissions_Sinks_2024_Complete_main_text_tables/Table_7-13.csv,790,.csv,8eac3ed2c5c7351c8928258e07c8a78f851e1e6820e5eddf09aa0fc9c6a4eb1e,inherited-unverified
datasets/2_scope1_facility_data/national_inventories/us/Inventory_US_GHG_Emissions_Sinks_2024_Complete_main_text_tables/Table_7-14.csv,3273,.csv,28d6029cb2abc176ed106d1936a9d751f5cb93282d449dca3900ac36c3c3c316,inherited-unverified
datasets/2_scope1_facility_data/national_inventories/us/Inventory_US_GHG_Emissions_Sinks_2024_Complete_main_text_tables/Table_7-15.csv,1663,.csv,23b2d9202706926e7811f3e971a3056f6afd725525b46934287243cdb6346a4c,inherited-unverified
datasets/2_scope1_facility_data/national_inventories/us/Inventory_US_GHG_Emissions_Sinks_2024_Complete_main_text_tables/Table_7-16.csv,1079,.csv,f58f6af94672e59212b7f74cfe07e37aa7398dd744ea1c604d0020f233536149,inherited-unverified
datasets/2_scope1_facility_data/national_inventories/us/Inventory_US_GHG_Emissions_Sinks_2024_Complete_main_text_tables/Table_7-17.csv,1239,.csv,ac74dc7245b7ec24485a6e7bb0930edebecc8f4ec020c488f0e4b75c25e5696e,inherited-unverified
datasets/2_scope1_facility_data/national_inventories/us/Inventory_US_GHG_Emissions_Sinks_2024_Complete_main_text_tables/Table_7-18.csv,2702,.csv,b3a231039c83ece80d7ccda15f8fec9b2b3a2ded029aa6bddc08f17a700601cc,inherited-unverified
datasets/2_scope1_facility_data/national_inventories/us/Inventory_US_GHG_Emissions_Sinks_2024_Complete_main_text_tables/Table_7-19.csv,392,.csv,8a3427c4687b5b7d1e4962653592bad56a24d2b16f494630b88ad060ea442c63,inherited-unverified
datasets/2_scope1_facility_data/national_inventories/us/Inventory_US_GHG_Emissions_Sinks_2024_Complete_main_text_tables/Table_7-2.csv,1562,.csv,0420978a210f560c81a19dcf5c93add5e40499dd8b914252aa426dd57911acf8,inherited-unverified
datasets/2_scope1_facility_data/national_inventories/us/Inventory_US_GHG_Emissions_Sinks_2024_Complete_main_text_tables/Table_7-20.csv,2127,.csv,259f22925b25a41b352a4e41d5de6e7f547cac35e5131b7a76a7b8203e792140,inherited-unverified
datasets/2_scope1_facility_data/national_inventories/us/Inventory_US_GHG_Emissions_Sinks_2024_Complete_main_text_tables/Table_7-21.csv,1492,.csv,96558478521264acef08d23b44789bb8b131de853c3693a9f0d347603acb3441,inherited-unverified
datasets/2_scope1_facility_data/national_inventories/us/Inventory_US_GHG_Emissions_Sinks_2024_Complete_main_text_tables/Table_7-22.csv,1004,.csv,ae7a6991b13c2be5b1e02a90f0e9309664f6f9a8b3b682f8b85889eecd5c6c93,inherited-unverified
datasets/2_scope1_facility_data/national_inventories/us/Inventory_US_GHG_Emissions_Sinks_2024_Complete_main_text_tables/Table_7-23.csv,632,.csv,f80eab52143c650adbfc00e12854bd7558705d3cef82d558e0eba4ac214b94fa,inherited-unverified
datasets/2_scope1_facility_data/national_inventories/us/Inventory_US_GHG_Emissions_Sinks_2024_Complete_main_text_tables/Table_7-24.csv,488,.csv,df8f76c1325acd5281ac6541498cec99fddc4275f6721dd900e1ba8170f5010c,inherited-unverified
datasets/2_scope1_facility_data/national_inventories/us/Inventory_US_GHG_Emissions_Sinks_2024_Complete_main_text_tables/Table_7-25.csv,551,.csv,48636f2047cf7f9b9895548ec42e0add5a9ad1146aad6d2243998411f8a5918c,inherited-unverified
datasets/2_scope1_facility_data/national_inventories/us/Inventory_US_GHG_Emissions_Sinks_2024_Complete_main_text_tables/Table_7-26.csv,440,.csv,4b0e99c6b96b4e3a6c412d2ab7ca90b94055b3553234585b0845a2e05c9ca22d,inherited-unverified
datasets/2_scope1_facility_data/national_inventories/us/Inventory_US_GHG_Emissions_Sinks_2024_Complete_main_text_tables/Table_7-27.csv,518,.csv,1e8e9da6bc6bd83bd6dec866a6c60d44bc04cd635851e0875329864cda99a0ec,inherited-unverified
datasets/2_scope1_facility_data/national_inventories/us/Inventory_US_GHG_Emissions_Sinks_2024_Complete_main_text_tables/Table_7-28.csv,712,.csv,d15db44b4a370dd53eee27536d36007f18357cf998e02fe67ea8744deecabf63,inherited-unverified
datasets/2_scope1_facility_data/national_inventories/us/Inventory_US_GHG_Emissions_Sinks_2024_Complete_main_text_tables/Table_7-29.csv,1605,.csv,069eae87c3d7b3640bdbb158b0f4274cef19ff6083507a594210a5f2e2a52ae5,inherited-unverified
datasets/2_scope1_facility_data/national_inventories/us/Inventory_US_GHG_Emissions_Sinks_2024_Complete_main_text_tables/Table_7-3.csv,3147,.csv,67b03b5a78cbb5b0d8b15263e42a94b470e7c411196bb12d564990d5169ea192,inherited-unverified
datasets/2_scope1_facility_data/national_inventories/us/Inventory_US_GHG_Emissions_Sinks_2024_Complete_main_text_tables/Table_7-30.csv,1346,.csv,638f6620e32e88a48d9d10616d4776b8833675855d05fe4d43b4c8945ed49837,inherited-unverified
datasets/2_scope1_facility_data/national_inventories/us/Inventory_US_GHG_Emissions_Sinks_2024_Complete_main_text_tables/Table_7-31.csv,1043,.csv,a7290c5d9b2f8a8e2de72ef436a9c325a3e32e39dcab832736804ec1805ff2ef,inherited-unverified
datasets/2_scope1_facility_data/national_inventories/us/Inventory_US_GHG_Emissions_Sinks_2024_Complete_main_text_tables/Table_7-32.csv,1831,.csv,27de3910ea403090665ba42d2d95b4bc466af1d110ba0fc06aa69ee1000d240e,inherited-unverified
datasets/2_scope1_facility_data/national_inventories/us/Inventory_US_GHG_Emissions_Sinks_2024_Complete_main_text_tables/Table_7-33.csv,953,.csv,8580b177b2ff51ba78509f760feb3df9a83b4478941b056e8494aaa9d084c8ec,inherited-unverified
datasets/2_scope1_facility_data/national_inventories/us/Inventory_US_GHG_Emissions_Sinks_2024_Complete_main_text_tables/Table_7-34.csv,1459,.csv,91b01d82dcd03b2b7bebd7e9415427547107c0517f18e552c73fa8d8b12644aa,inherited-unverified
datasets/2_scope1_facility_data/national_inventories/us/Inventory_US_GHG_Emissions_Sinks_2024_Complete_main_text_tables/Table_7-35.csv,2916,.csv,d51b5451fcc524a9e37faca320d959edbe7cdef02f122b6ee677cb3da8531bad,inherited-unverified
datasets/2_scope1_facility_data/national_inventories/us/Inventory_US_GHG_Emissions_Sinks_2024_Complete_main_text_tables/Table_7-36.csv,381,.csv,2cff06e4666b37dddfe49ac119534cbc476bc690e594e99c57d3d1d60daed9af,inherited-unverified
datasets/2_scope1_facility_data/national_inventories/us/Inventory_US_GHG_Emissions_Sinks_2024_Complete_main_text_tables/Table_7-37.csv,471,.csv,3a2e6e0bc857ff942305a5be93e220e49155c0e693d19f686ebed43a366c0f01,inherited-unverified
datasets/2_scope1_facility_data/national_inventories/us/Inventory_US_GHG_Emissions_Sinks_2024_Complete_main_text_tables/Table_7-38.csv,429,.csv,d4c744a401523273e3f63aa07559ff16b8ea4489fbdfc3f4fc13768f6e5a9fd7,inherited-unverified
datasets/2_scope1_facility_data/national_inventories/us/Inventory_US_GHG_Emissions_Sinks_2024_Complete_main_text_tables/Table_7-39.csv,685,.csv,3043b3815e8db201d578b0a8fa84bad3f5e6c306e3fbb409f455e8403f39f1d6,inherited-unverified
datasets/2_scope1_facility_data/national_inventories/us/Inventory_US_GHG_Emissions_Sinks_2024_Complete_main_text_tables/Table_7-4.csv,3337,.csv,2d8f4c7cfeadebe9e29806b1754da608f0387e39f9f50a22128a3bddd150971f,inherited-unverified
datasets/2_scope1_facility_data/national_inventories/us/Inventory_US_GHG_Emissions_Sinks_2024_Complete_main_text_tables/Table_7-40.csv,775,.csv,38f941611f5d603ec3d01ac3e60c9c0f318779ffc1d7842af17129388e59eeb8,inherited-unverified
datasets/2_scope1_facility_data/national_inventories/us/Inventory_US_GHG_Emissions_Sinks_2024_Complete_main_text_tables/Table_7-41.csv,440,.csv,3c41519220adee3fce764261cd6c24f117611e99fa1e289c3261cbb233d9fd67,inherited-unverified
datasets/2_scope1_facility_data/national_inventories/us/Inventory_US_GHG_Emissions_Sinks_2024_Complete_main_text_tables/Table_7-42.csv,555,.csv,ddec9e822e95a0de6c707d5464c20a1689f4f922334e439e9984d0aedf06bc3a,inherited-unverified
datasets/2_scope1_facility_data/national_inventories/us/Inventory_US_GHG_Emissions_Sinks_2024_Complete_main_text_tables/Table_7-43.csv,386,.csv,d90861ef304d9c1034fdb09d0d79b25e2bb19a8eac22b16e0f92b27ee6c063c1,inherited-unverified
datasets/2_scope1_facility_data/national_inventories/us/Inventory_US_GHG_Emissions_Sinks_2024_Complete_main_text_tables/Table_7-44.csv,1499,.csv,4b0d6ad3888e766ec3276bd95e2f570d1c9b19165c5dd5f08048d32f37f43f85,inherited-unverified
datasets/2_scope1_facility_data/national_inventories/us/Inventory_US_GHG_Emissions_Sinks_2024_Complete_main_text_tables/Table_7-45.csv,792,.csv,bae2db047ebe6a77f4a792a4e25f3572e4ce501668781cc785d11364714b3827,inherited-unverified
datasets/2_scope1_facility_data/national_inventories/us/Inventory_US_GHG_Emissions_Sinks_2024_Complete_main_text_tables/Table_7-46.csv,605,.csv,fb90f3b46334271371d0b0e9367dddf78fe27ba7274cebb10543d011557529e4,inherited-unverified
datasets/2_scope1_facility_data/national_inventories/us/Inventory_US_GHG_Emissions_Sinks_2024_Complete_main_text_tables/Table_7-47.csv,426,.csv,3a07346f6194258ea78ede9b6a18dc16f52eae2a0ce6b6f9664173030288e94f,inherited-unverified
datasets/2_scope1_facility_data/national_inventories/us/Inventory_US_GHG_Emissions_Sinks_2024_Complete_main_text_tables/Table_7-48.csv,384,.csv,f373c0b69958d153b6f0295088d6fd7e417479d8bd029d20a1fa449b8130fa4a,inherited-unverified
datasets/2_scope1_facility_data/national_inventories/us/Inventory_US_GHG_Emissions_Sinks_2024_Complete_main_text_tables/Table_7-49.csv,983,.csv,e841aaba799d85442f4b4e74c186a196e2ead06ca91c3db3dc1419a23e89b1ce,inherited-unverified
datasets/2_scope1_facility_data/national_inventories/us/Inventory_US_GHG_Emissions_Sinks_2024_Complete_main_text_tables/Table_7-5.csv,661,.csv,041c051d92d99350d799b606308c21cb7709aa5f6a3f0533f128f1093b1909f3,inherited-unverified
datasets/2_scope1_facility_data/national_inventories/us/Inventory_US_GHG_Emissions_Sinks_2024_Complete_main_text_tables/Table_7-6.csv,2501,.csv,b27d6059e311b7f1ba6c96e6156e3d78ba09fa446f4885c91e5059e24fd6f136,inherited-unverified
datasets/2_scope1_facility_data/national_inventories/us/Inventory_US_GHG_Emissions_Sinks_2024_Complete_main_text_tables/Table_7-7.csv,2631,.csv,f707aa21f8c998c0e15c32f841eb80037fe917484631c1ac6a96dc375eb8c509,inherited-unverified
datasets/2_scope1_facility_data/national_inventories/us/Inventory_US_GHG_Emissions_Sinks_2024_Complete_main_text_tables/Table_7-8.csv,2097,.csv,1c193b759c72f4c0c36745f2c80d021546a79af2157cdc6021222dc5b015f536,inherited-unverified
datasets/2_scope1_facility_data/national_inventories/us/Inventory_US_GHG_Emissions_Sinks_2024_Complete_main_text_tables/Table_7-9.csv,513,.csv,47caf9eb3adf070ffa2409b5b4c924abeb69b132b2c30d217a576ff496d4cbca,inherited-unverified
datasets/2_scope1_facility_data/national_inventories/us/Inventory_US_GHG_Emissions_Sinks_2024_Complete_main_text_tables/Table_9-1.csv,3391,.csv,b5e3a7f745055da34aaa197ab83963e9225b0d9aee0a825049b2530655701665,inherited-unverified
datasets/2_scope1_facility_data/national_inventories/us/Inventory_US_GHG_Emissions_Sinks_2024_Complete_main_text_tables/Table_9-2.csv,1729,.csv,74c1f64c8bba11ec56ea24fbbbae0c9091a09133baff8dfff8ce78b52c2deb1e,inherited-unverified
datasets/2_scope1_facility_data/national_inventories/us/Inventory_US_GHG_Emissions_Sinks_2024_Complete_main_text_tables/Table_9-3.csv,2385,.csv,3c2ebceb5642ab326b78366f173b05911472c62854215bc7e2fb5df4872097b8,inherited-unverified
datasets/2_scope1_facility_data/national_inventories/us/Inventory_US_GHG_Emissions_Sinks_2024_Complete_main_text_tables/Table_9-4.csv,16968,.csv,0a21fef23eeb25a551d5fd03f5a12118aa7d21592b56d6615fe5e92ebdcf232c,inherited-unverified
datasets/2_scope1_facility_data/national_inventories/us/Inventory_US_GHG_Emissions_Sinks_2024_Complete_main_text_tables/Table_9-5.csv,11385,.csv,9f8f3ce907a6993d1af53362ad72002640a3208b4cd034228b9ec0bb27024f3d,inherited-unverified
datasets/2_scope1_facility_data/national_inventories/us/Inventory_US_GHG_Emissions_Sinks_2024_Complete_main_text_tables/Table_ES-1.csv,500,.csv,a91a2a0a59d5c949bfc1936e7c32e27b63ad3439cfbac2092ee3fc8c749d8fa0,inherited-unverified
datasets/2_scope1_facility_data/national_inventories/us/Inventory_US_GHG_Emissions_Sinks_2024_Complete_main_text_tables/Table_ES-2.csv,4754,.csv,74c904b3afbff1c48579f6b177640cb08803018809e8eafab2bc879c92ebe42b,inherited-unverified
datasets/2_scope1_facility_data/national_inventories/us/Inventory_US_GHG_Emissions_Sinks_2024_Complete_main_text_tables/Table_ES-3.csv,2534,.csv,c2acfe7c26d5ce27b8b1d00fbc0c28c2ed0d09e67f1983a8eb85b16a71b78c1a,inherited-unverified
datasets/2_scope1_facility_data/national_inventories/us/Inventory_US_GHG_Emissions_Sinks_2024_Complete_main_text_tables/Table_ES-4.csv,6016,.csv,8b3a2ff0e5c0c589251634f782e8a6e74528593101dc2b27b020f8210cbb8af5,inherited-unverified
datasets/2_scope1_facility_data/national_inventories/us/Inventory_US_GHG_Emissions_Sinks_2024_Complete_main_text_tables/Table_ES-5.csv,3141,.csv,d53305207ea9eb759c9003bb8bc09fc98bf5cde894f7067a41fb8eb25969bb7e,inherited-unverified
datasets/2_scope1_facility_data/national_inventories/us/Inventory_US_GHG_Emissions_Sinks_2024_Complete_main_text_tables/Table_ES-6.csv,2973,.csv,4a5c5fbf6df0ad029a37444c1e53e0cbfdb18d9fd961fd89d5059ec2edbfa0c4,inherited-unverified
datasets/2_scope1_facility_data/national_inventories/us/Inventory_US_GHG_Emissions_Sinks_2024_Complete_main_text_tables/Table_ES-7.csv,1428,.csv,047bee4b017509f2c20cb6867692391939f91efdc0a31f248b0bd605f9fdf6f7,inherited-unverified
datasets/2_scope1_facility_data/national_inventories/us/Inventory_US_GHG_Emissions_Sinks_2024_Complete_Report.pdf,16723135,.pdf,f3a3309d3f9308f58d5f467bd82445dfa887ce0393b359c50da6c5fdb00872a3,inherited-unverified
datasets/2_scope1_facility_data/national_inventories/us/us-ghg-inventory-1990-2022-expert-review-comment-log.pdf,5476757,.pdf,7408643c34408f69ca7c6c91d22a3367a54a89862ac2ba0566a2058b8db09f0f,inherited-unverified
datasets/2_scope1_facility_data/national_inventories/us/us-ghg-inventory-1990-2022-public-review-comment-log_0.pdf,657874,.pdf,5a2c3eaf0359139853c0ba881e23d0987af38d006402a89f408b59e1e0d0fa41,inherited-unverified
datasets/2_scope1_facility_data/national_inventories/us/us-ghg-inventory-2024-annex-3-additional-source-or-sink-categories-part-a.pdf,3203593,.pdf,1d83e3491d200318378d005fea5d0852c5bfe2275e52db3afaa576d6732c146c,inherited-unverified
datasets/2_scope1_facility_data/national_inventories/us/us-ghg-inventory-2024-annex-3-additional-source-or-sink-categories-part-b.pdf,4839095,.pdf,18aa26dde4d7a45f2e931bdb26a0a20446dc90ccc94b3bd00c4d831f356e1c99,inherited-unverified
datasets/2_scope1_facility_data/national_inventories/us/us-ghg-inventory-2024-annex-6-additional-information.pdf,573700,.pdf,33626c4d69be5e03a9d7c3cc25dc35c912bcd7f918091e1554bf036bddc359cb,inherited-unverified
datasets/2_scope1_facility_data/national_inventories/us/us-ghg-inventory-2024-annex-9-use-of-epa-ghgrp.pdf,331683,.pdf,59bdbbbd3123426c946193397f29cf2405cbebf9a308fa05b98760f1767f8515,inherited-unverified
datasets/2_scope1_facility_data/national_inventories/us/us-ghg-inventory-2024-chapter-3-energy.pdf,2955529,.pdf,da3eaba3f6506e048c8e38002f1a730f793151a54aece06def30cb29379dcc7c,inherited-unverified
datasets/2_scope1_facility_data/national_inventories/us/us-ghg-inventory-2024-chapter-executive-summary_04-16-2024.pdf,1623013,.pdf,ad625094bbca9912f1669b013e5fc43f4dd1acb13c013ea1f2aac031a52dd20d,inherited-unverified
datasets/2_scope1_facility_data/national_inventories/us/us-ghg-inventory-2024-corrigenda_04-18-2024.pdf,86510,.pdf,8091817f9eb2081d98f9b3db5667fc9f4255d18fe83a6f50dd05f3e993393eb8,inherited-unverified
"datasets/3_global_inventory/unfccc/Time_Series_-_GHG_total_without_LULUCF,_in_kt_CO₂_equivalent.xlsx",101630,.xlsx,024a140ffdaef157bd291fca6d384b103407270d57c934f6110226399f838839,inherited-unverified
datasets/5_regulations/california/SB_253_261_workshop_slides_8-21.pdf,641887,.pdf,f026e947aa4c674a2b0df2ee31939d2237cba4565692152c40bb58c979f78021,inherited-unverified
datasets/5_regulations/eu/ESRS_1_Delegated-act-2023-5303-annex-1_en.pdf,1015992,.pdf,e00596017ff3c5b4e7bf0e7da4f65e48f4b6495c34d2d0a78a7691272b914170,inherited-unverified
datasets/5_regulations/eu/EU_Directive_2022-2464_consolidated_2025.pdf,507537,.pdf,6d7bce6bfbbeb09614d196ae494d9420c4a275ecbad7feefa3180ee040b44f2c,inherited-unverified
datasets/5_regulations/eu/EU_ESRS_Delegated_Regulation_2023_2772.pdf,6104209,.pdf,6ec2d176f65db389a9ff0f29c3dadd92dd9e40903a7e6126d234f3da3cdb37d6,inherited-unverified
datasets/7_metadata_docs/EEA_metadata.pdf,80749,.pdf,44c2794e02c1c423d052baeb6811ea7b7b27ef70d7af2c19bf1341425f61ed7a,inherited-unverified
datasets/7_metadata_docs/EXIOBASE_LICENSE.txt,2933,.txt,4627cf71346b20bb6fd925e6ae8f21203d03b2fd46f552f39ebb400f4152d5e9,inherited-unverified
datasets/aluminium_1.pdf,1149490,.pdf,4203d5b5e017a0a2954361735c59bf11661746c63d0c9fc3add630dfb17229db,inherited-unverified
datasets/auto.json,16719,.json,4dfd5d3a5a23a559610d3914b4f4135b364cdd1d236f26fab386d598adf6b066,inherited-unverified
datasets/Calculating CO2 Emissions from Ammonia Production_0.pdf,31092,.pdf,b1ef15325569ba1b200c2b13e92d7f4d9d7fe1d97c726020c9fde9252a2dcea7,inherited-unverified
datasets/Calculating CO2 Emissions from the Production of Lime.pdf,40097,.pdf,d05d935adb004e83aa13897d7d5cda98bf0d170656320c540ad440c3c6d3fa7c,inherited-unverified
datasets/Calculating N2O Emissions from the Production of Adipic Acid_1.pdf,30373,.pdf,816a25bf419118a41763416d35ee33ecfc009261aee1eab103da67bbe930f258,inherited-unverified
datasets/Calculating N2O Emissions from the Production of Nitric Acid.pdf,34902,.pdf,f3d05198b6f10ca40dcd6c1c7c4e56b3fb54d17be01c5cc7904240daac52edc1,inherited-unverified
datasets/CHP_guidance_v1.0.pdf,236958,.pdf,bb579bd4185874a21b482f7f89b69befccc24c7df2f714c7c5ba0e002896b093,inherited-unverified
datasets/co2-cement-epa_0.pdf,47855,.pdf,16897a74fcba61e64090470654f8103ebe4e9e7c254c136e4179322f2d6638ac,inherited-unverified
datasets/co2_CSI_Cement_Protocol-V2.0_0.pdf,574095,.pdf,9f7ab065c9ce4f202d758946a5d8a99436089198a34171913640a269d059583b,inherited-unverified
datasets/dataset-organization.json,5890,.json,af7bd4678f6ae7cce9f056c128fad16499b96655cacbe10a4429bcf1f4b3640b,inherited-unverified
datasets/GHG-Protocol-Reporting-Template.docx,34433,.docx,ec630126dae21a81d7f3d2cf90e9478438227fe3af9ffde261a4c7feb478b336,inherited-unverified
datasets/ghg-protocol-revised.pdf,3680902,.pdf,cfcda4dd20a0b0936b30e5e5c7c635c26efdfa770d29c1004f549bf082c0fe3c,inherited-unverified
datasets/Global-Warming-Potential-Values (August 2024).pdf,432266,.pdf,5f0bbd46600e0b27ea4eda97932d683aaef9b6e70a88830e8b219c885aeea387,inherited-unverified
datasets/HCFC-22 Version 2.0.pdf,96662,.pdf,91cbb4bce26e161e58c8e40ca15b811c57a0417056a82ef18f8095d2addde137,inherited-unverified
datasets/hfc-cfc_1.pdf,156536,.pdf,91e98e99f0ada9a1947d002c188ee3e2d702ce2449bc209cabd75ee95a6461b8,inherited-unverified
datasets/Iron and Steel Version 2.0 Guidance.doc,773120,.doc,0f6cadfa6afcafe2ade1130c3cb7cec0f0206bf0bc08837f5ef7c51c4b0227d7,inherited-unverified
datasets/Mexican_Pulp&Paper_Guidance_V1.0.pdf,8947410,.pdf,669f89fc8b1c9de723fa68d70ce0355f64b3802944347d32a6f3a04564e752d1,inherited-unverified
datasets/Mitigation_Goal_Standard.pdf,3880465,.pdf,de7c17835552c0529a979ef85cc2c6075974ef000ad3f3898bcd7b5fdd8c3800,inherited-unverified
datasets/Pulp_and_Paper_Guidance.pdf,1694043,.pdf,f3fc2d2d17523abd70f0c0cc8291dfaa32380d1d74a6034795440453d9b85110,inherited-unverified
datasets/Quantitative Uncertainty Guidance.pdf,163501,.pdf,1d644ddc95c00ef4d825804c1aadaf60bbf8f65529ee52d7cea761e9c0929b44,inherited-unverified
datasets/Stationary_Combustion_Guidance_final_1_0.pdf,1792854,.pdf,254869087167a20ff8cdac4ab1d566c20b88c6f54001d57aa7d84864ab478565,inherited-unverified
datasets/Wood_Products.pdf,1636033,.pdf,6d0e8670d7ec2896fcede8908080dd90e55756d0521b421e530eff454c174907,inherited-unverified
parsed/2023-final-emissions-statistics-summary.pdf.md,3547,.md,37bfda9720f1865c943a32c5f1cfcaa5916319e1233238c9fe35aba98fd477d9,inherited-unverified
parsed/annex-1-2023-final-greenhouse-gas-emissions-by-end-user-and-uncertainties-estimates.pdf.md,40425,.md,5b6ed013d24407e6cf514226e88a0268a059a49f98a0dbcdf70b36ea715e42df,inherited-unverified
parsed/annex-2-2023-final-greenhouse-gas-emissions-by-standard-industrial-classification.pdf.md,18859,.md,9bd5dbd68a27a26245ca400f33abe38c5ea70b92fc0caf62dadf41658283c392,inherited-unverified
parsed/CANADA_PRELIMINARY_GREENHOUSE_GAS_EMISSIONS_1990_2023.pdf.md,16189,.md,72f151b23a9f904b537630e7ef75cb2a5c0de977a370723f7345f90eae4664bf,inherited-unverified
parsed/DEFRA_2025_major_changes.pdf.md,78260,.md,30b4685425be806d5dac8bdcf7730d98e541a2592d3bc3873fad0db01ade34b7,inherited-unverified
parsed/DEFRA_2025_methodology.pdf.md,514485,.md,112739d1b6f2544ee06d7e0b749b8d240238920f8e85944353b3a336f8dadd6c,inherited-unverified
parsed/EEA_metadata.pdf.md,76290,.md,2cc19813b8023460cd482e78dc99a5bddb9d24f1145d5eb9e9e39afda4839189,inherited-unverified
parsed/EPA_eGRID2023_techguide.pdf.md,597738,.md,0041288cba386694fed47c96a26685b85aa034013743c44b4d68f585f872ad6d,inherited-unverified
parsed/ESRS_1_Delegated-act-2023-5303-annex-1_en.pdf.md,135334,.md,12bd54e057a7939d8f5ac61348ab6f62c08c26f02ff1925765978bf89b841164,inherited-unverified
parsed/EU_Directive_2022-2464_consolidated_2025.pdf.md,142699,.md,6d4aea1c11e0f8120d84b67edd3e62491bc473bb925272dbf89fe27412473b58,inherited-unverified
parsed/EU_ESRS_Delegated_Regulation_2023_2772.pdf.md,1119548,.md,ee285cd7346e35f28ffd61c21fa88e11490f1b4aa2643adb3c90aca4de201a0b,inherited-unverified
parsed/ghg-protocol-revised.pdf.md,224739,.md,446fb8f67a3adfab1e8bcd8a07eb0d043489d7026fa7e3a9cad134cff27b6f88,inherited-unverified
parsed/Inventory_US_GHG_Emissions_Sinks_2024_Complete_Report.pdf.md,4359900,.md,4df1de1be1681c49fbf35f7de6f9974e934c3bbb86a97797b5b31fe6fe064693,inherited-unverified
parsed/national-greenhouse-account-factors-2024.pdf.md,204085,.md,1aeb0e7fa33b185130e8f1a39928f83d9afbab064380b17a755d3a86e0cba69c,inherited-unverified
parsed/SB_253_261_workshop_slides_8-21.pdf.md,21828,.md,c150cda775f7ae4a619762734e62d8ead6e48168a05a2e9deaee656066a3e21c,inherited-unverified
parsed/Scope-2-Guidance.pdf.md,364130,.md,6822274477030dbce5e56a9bb1f20fff48f2aeaefe12fe629d60be9930d8d1f1,inherited-unverified
parsed/UK_GHG_Inventory_2023_Report.pdf.md,116720,.md,6021e3682dbdb49e66cbf34fc3590ef957b3baf5b3e1b463e1f2a1de8b734189,inherited-unverified
parsed/us-ghg-inventory-1990-2022-expert-review-comment-log.pdf.md,758676,.md,fab59821c5187e7fc8da693b6e1fad1e84bdddc6362e09bb39f52ba4eaf5fe64,inherited-unverified
parsed/us-ghg-inventory-1990-2022-public-review-comment-log_0.pdf.md,71455,.md,7fd33ee0d938cbe6131d4a17324a798ff62888415752b6fc1bcfd182b8174d81,inherited-unverified
parsed/us-ghg-inventory-2024-annex-3-additional-source-or-sink-categories-part-a.pdf.md,856705,.md,b2c34424b3ab4e3934f93223a8ec83e1b63628c3a75a96352b575a6bf39753bc,inherited-unverified
parsed/us-ghg-inventory-2024-annex-3-additional-source-or-sink-categories-part-b.pdf.md,1090763,.md,4be49583335ead87caeafceb72fb9aef7f7448fee4632b96c35efac191384466,inherited-unverified
parsed/us-ghg-inventory-2024-annex-6-additional-information.pdf.md,83099,.md,bc0c923d375c456c4ceb5a6eb3af8a1c660fb4211f9be66cefc2526348ae9c75,inherited-unverified
parsed/us-ghg-inventory-2024-annex-9-use-of-epa-ghgrp.pdf.md,25109,.md,ae107559280ecdb972dfa7d80bfec9dc03edf88a1a9b8213286d4cace67f92f6,inherited-unverified
parsed/us-ghg-inventory-2024-chapter-3-energy.pdf.md,643101,.md,55e07587883c7208fa332fbb976f438974b100255735ddfe359d5058c02c61eb,inherited-unverified
parsed/us-ghg-inventory-2024-chapter-executive-summary_04-16-2024.pdf.md,105867,.md,9bc0858404726e85073fabd34d89195e8f81c9cd2dd270846abbc53deed55903,inherited-unverified
parsed/us-ghg-inventory-2024-corrigenda_04-18-2024.pdf.md,2919,.md,adda56c5d1938b2ff7f4d261ba11877b4d2653e0fc4af41073c89299836f8e5a,inherited-unverified
parsed/USEEIOv2_Technical_Documentation_2022.pdf (1).md,156154,.md,66060fd7c703086fb94e004588b312ba33468fb39679c7b1fe4dbc99ac275c5a,inherited-unverified
parsed/USEEIOv2_Technical_Documentation_2022.pdf.md,155416,.md,cab4dd50009485c10fb7e02fa01c735955f57896453b79cc858419487cb6ac14,inherited-unverified
cleaned/agent.md,48714,.md,054750f8fae1de7deacbd00fb22bf159f2e78b5bdfb20e6ae02de121f12405d1,inherited-unverified
cleaned/ghg-protocol-revised.pdf-cleaned.md,234491,.md,f067c95411733ea4365672856485a551a6e4d1a9442a4b3e7a81b132142fda98,inherited-unverified
cleaned/ghg-protocol-revised.pdf.md,224739,.md,446fb8f67a3adfab1e8bcd8a07eb0d043489d7026fa7e3a9cad134cff27b6f88,inherited-unverified
cleaned/scope-2-guidance-cleaned.md,303267,.md,20a3e246ca41da4d04788e7cfd4d6cf6be138181a5bc58f1674ac39068e65c83,inherited-unverified
chunked/chunking_agent.md,30167,.md,5e58a3a59c1468a601ca6e894c981d4deb30cc1e9236b5338843b236e2850b9c,inherited-unverified
chunked/embedding_agent.md,23701,.md,9a097213f71bd6b81fc581453c1fe2ee28c1d693cc4af0ff31d0024faf05fc17,inherited-unverified
chunked/EMBEDDING_REVIEW.md,7995,.md,aa3506b5599dff265fc18dea1a52aad6ee28e57b3554f2774a6a954ed95e5866,inherited-unverified
chunked/ghg_protocol_chunks.csv,262756,.csv,a659f4537542facc60b679332a27d7f6ab41e21d01e77bda6ee50614bd6ed6eb,inherited-unverified
chunked/ghg_protocol_chunks.jsonl,385190,.jsonl,375c36b288071e11ea9856de0807148ee5512554658e2bf72c8b908e156cfa43,inherited-unverified
chunked/UPDATES.md,6354,.md,c94fed1891cd80953e2ba941a4aab2377607a24c9a88be5ffb6376bdd59772ae,inherited-unverified
