factor_id,name,factor_type,scope,scope3_category,substance,value,unit,co2_factor,ch4_factor,n2o_factor,geography,jurisdiction,required_by,gwp_basis,tier,uncertainty_pct,source_document,source_url,data_year,published_date,effective_start,effective_end,superseded_by,wiki_method_page,last_verified
scope3-spend-naics111110-epa-scghg-v130,Scope 3 Cat 1 Spend-Based — NAICS 111110 Soybean Farming,scope3-spend,3,1,naics-111110,0.532,kg CO2e / USD2022,,,,US-national,US-Federal,"{GHG-Protocol,SB-253}",AR5,1,8.3,EPA Supply Chain GHG Emission Factors v1.3.0,https://www.epa.gov/climateleadership/supply-chain-ghg-emission-factors-us-industry-and-commodities,2022,2024-01-01,2024-01-01,,,methodologies/scope-3-cat1-spend-based,2026-04-24
scope3-spend-naics111120-epa-scghg-v130,Scope 3 Cat 1 Spend-Based — NAICS 111120 Oilseed (except Soybean) Farming,scope3-spend,3,1,naics-111120,0.532,kg CO2e / USD2022,,,,US-national,US-Federal,"{GHG-Protocol,SB-253}",AR5,1,8.3,EPA Supply Chain GHG Emission Factors v1.3.0,https://www.epa.gov/climateleadership/supply-chain-ghg-emission-factors-us-industry-and-commodities,2022,2024-01-01,2024-01-01,,,methodologies/scope-3-cat1-spend-based,2026-04-24
scope3-spend-naics111130-epa-scghg-v130,Scope 3 Cat 1 Spend-Based — NAICS 111130 Dry Pea and Bean Farming,scope3-spend,3,1,naics-111130,0.848,kg CO2e / USD2022,,,,US-national,US-Federal,"{GHG-Protocol,SB-253}",AR5,1,4.7,EPA Supply Chain GHG Emission Factors v1.3.0,https://www.epa.gov/climateleadership/supply-chain-ghg-emission-factors-us-industry-and-commodities,2022,2024-01-01,2024-01-01,,,methodologies/scope-3-cat1-spend-based,2026-04-24
scope3-spend-naics111140-epa-scghg-v130,Scope 3 Cat 1 Spend-Based — NAICS 111140 Wheat Farming,scope3-spend,3,1,naics-111140,0.848,kg CO2e / USD2022,,,,US-national,US-Federal,"{GHG-Protocol,SB-253}",AR5,1,4.7,EPA Supply Chain GHG Emission Factors v1.3.0,https://www.epa.gov/climateleadership/supply-chain-ghg-emission-factors-us-industry-and-commodities,2022,2024-01-01,2024-01-01,,,methodologies/scope-3-cat1-spend-based,2026-04-24
scope3-spend-naics111150-epa-scghg-v130,Scope 3 Cat 1 Spend-Based — NAICS 111150 Corn Farming,scope3-spend,3,1,naics-111150,0.848,kg CO2e / USD2022,,,,US-national,US-Federal,"{GHG-Protocol,SB-253}",AR5,1,4.7,EPA Supply Chain GHG Emission Factors v1.3.0,https://www.epa.gov/climateleadership/supply-chain-ghg-emission-factors-us-industry-and-commodities,2022,2024-01-01,2024-01-01,,,methodologies/scope-3-cat1-spend-based,2026-04-24
scope3-spend-naics111160-epa-scghg-v130,Scope 3 Cat 1 Spend-Based — NAICS 111160 Rice Farming,scope3-spend,3,1,naics-111160,0.848,kg CO2e / USD2022,,,,US-national,US-Federal,"{GHG-Protocol,SB-253}",AR5,1,4.7,EPA Supply Chain GHG Emission Factors v1.3.0,https://www.epa.gov/climateleadership/supply-chain-ghg-emission-factors-us-industry-and-commodities,2022,2024-01-01,2024-01-01,,,methodologies/scope-3-cat1-spend-based,2026-04-24
scope3-spend-naics111191-epa-scghg-v130,Scope 3 Cat 1 Spend-Based — NAICS 111191 Oilseed and Grain Combination Farming,scope3-spend,3,1,naics-111191,0.848,kg CO2e / USD2022,,,,US-national,US-Federal,"{GHG-Protocol,SB-253}",AR5,1,4.7,EPA Supply Chain GHG Emission Factors v1.3.0,https://www.epa.gov/climateleadership/supply-chain-ghg-emission-factors-us-industry-and-commodities,2022,2024-01-01,2024-01-01,,,methodologies/scope-3-cat1-spend-based,2026-04-24
scope3-spend-naics111199-epa-scghg-v130,Scope 3 Cat 1 Spend-Based — NAICS 111199 All Other Grain Farming,scope3-spend,3,1,naics-111199,0.848,kg CO2e / USD2022,,,,US-national,US-Federal,"{GHG-Protocol,SB-253}",AR5,1,4.7,EPA Supply Chain GHG Emission Factors v1.3.0,https://www.epa.gov/climateleadership/supply-chain-ghg-emission-factors-us-industry-and-commodities,2022,2024-01-01,2024-01-01,,,methodologies/scope-3-cat1-spend-based,2026-04-24
scope3-spend-naics111211-epa-scghg-v130,Scope 3 Cat 1 Spend-Based — NAICS 111211 Potato Farming,scope3-spend,3,1,naics-111211,0.631,kg CO2e / USD2022,,,,US-national,US-Federal,"{GHG-Protocol,SB-253}",AR5,1,6.5,EPA Supply Chain GHG Emission Factors v1.3.0,https://www.epa.gov/climateleadership/supply-chain-ghg-emission-factors-us-industry-and-commodities,2022,2024-01-01,2024-01-01,,,methodologies/scope-3-cat1-spend-based,2026-04-24
scope3-spend-naics111219-epa-scghg-v130,Scope 3 Cat 1 Spend-Based — NAICS 111219 Other Vegetable (except Potato) and Melon Farming,scope3-spend,3,1,naics-111219,0.631,kg CO2e / USD2022,,,,US-national,US-Federal,"{GHG-Protocol,SB-253}",AR5,1,6.5,EPA Supply Chain GHG Emission Factors v1.3.0,https://www.epa.gov/climateleadership/supply-chain-ghg-emission-factors-us-industry-and-commodities,2022,2024-01-01,2024-01-01,,,methodologies/scope-3-cat1-spend-based,2026-04-24
scope3-spend-naics111310-epa-scghg-v130,Scope 3 Cat 1 Spend-Based — NAICS 111310 Orange Groves,scope3-spend,3,1,naics-111310,0.488,kg CO2e / USD2022,,,,US-national,US-Federal,"{GHG-Protocol,SB-253}",AR5,1,12.1,EPA Supply Chain GHG Emission Factors v1.3.0,https://www.epa.gov/climateleadership/supply-chain-ghg-emission-factors-us-industry-and-commodities,2022,2024-01-01,2024-01-01,,,methodologies/scope-3-cat1-spend-based,2026-04-24
scope3-spend-naics111320-epa-scghg-v130,Scope 3 Cat 1 Spend-Based — NAICS 111320 Citrus (except Orange) Groves,scope3-spend,3,1,naics-111320,0.488,kg CO2e / USD2022,,,,US-national,US-Federal,"{GHG-Protocol,SB-253}",AR5,1,12.1,EPA Supply Chain GHG Emission Factors v1.3.0,https://www.epa.gov/climateleadership/supply-chain-ghg-emission-factors-us-industry-and-commodities,2022,2024-01-01,2024-01-01,,,methodologies/scope-3-cat1-spend-based,2026-04-24
scope3-spend-naics111331-epa-scghg-v130,Scope 3 Cat 1 Spend-Based — NAICS 111331 Apple Orchards,scope3-spend,3,1,naics-111331,0.488,kg CO2e / USD2022,,,,US-national,US-Federal,"{GHG-Protocol,SB-253}",AR5,1,12.1,EPA Supply Chain GHG Emission Factors v1.3.0,https://www.epa.gov/climateleadership/supply-chain-ghg-emission-factors-us-industry-and-commodities,2022,2024-01-01,2024-01-01,,,methodologies/scope-3-cat1-spend-based,2026-04-24
scope3-spend-naics111332-epa-scghg-v130,Scope 3 Cat 1 Spend-Based — NAICS 111332 Grape Vineyards,scope3-spend,3,1,naics-111332,0.488,kg CO2e / USD2022,,,,US-national,US-Federal,"{GHG-Protocol,SB-253}",AR5,1,12.1,EPA Supply Chain GHG Emission Factors v1.3.0,https://www.epa.gov/climateleadership/supply-chain-ghg-emission-factors-us-industry-and-commodities,2022,2024-01-01,2024-01-01,,,methodologies/scope-3-cat1-spend-based,2026-04-24
scope3-spend-naics111333-epa-scghg-v130,Scope 3 Cat 1 Spend-Based — NAICS 111333 Strawberry Farming,scope3-spend,3,1,naics-111333,0.488,kg CO2e / USD2022,,,,US-national,US-Federal,"{GHG-Protocol,SB-253}",AR5,1,12.1,EPA Supply Chain GHG Emission Factors v1.3.0,https://www.epa.gov/climateleadership/supply-chain-ghg-emission-factors-us-industry-and-commodities,2022,2024-01-01,2024-01-01,,,methodologies/scope-3-cat1-spend-based,2026-04-24
scope3-spend-naics111334-epa-scghg-v130,Scope 3 Cat 1 Spend-Based — NAICS 111334 Berry (except Strawberry) Farming,scope3-spend,3,1,naics-111334,0.488,kg CO2e / USD2022,,,,US-national,US-Federal,"{GHG-Protocol,SB-253}",AR5,1,12.1,EPA Supply Chain GHG Emission Factors v1.3.0,https://www.epa.gov/climateleadership/supply-chain-ghg-emission-factors-us-industry-and-commodities,2022,2024-01-01,2024-01-01,,,methodologies/scope-3-cat1-spend-based,2026-04-24
scope3-spend-naics111335-epa-scghg-v130,Scope 3 Cat 1 Spend-Based — NAICS 111335 Tree Nut Farming,scope3-spend,3,1,naics-111335,0.488,kg CO2e / USD2022,,,,US-national,US-Federal,"{GHG-Protocol,SB-253}",AR5,1,12.1,EPA Supply Chain GHG Emission Factors v1.3.0,https://www.epa.gov/climateleadership/supply-chain-ghg-emission-factors-us-industry-and-commodities,2022,2024-01-01,2024-01-01,,,methodologies/scope-3-cat1-spend-based,2026-04-24
scope3-spend-naics111336-epa-scghg-v130,Scope 3 Cat 1 Spend-Based — NAICS 111336 Fruit and Tree Nut Combination Farming,scope3-spend,3,1,naics-111336,0.488,kg CO2e / USD2022,,,,US-national,US-Federal,"{GHG-Protocol,SB-253}",AR5,1,12.1,EPA Supply Chain GHG Emission Factors v1.3.0,https://www.epa.gov/climateleadership/supply-chain-ghg-emission-factors-us-industry-and-commodities,2022,2024-01-01,2024-01-01,,,methodologies/scope-3-cat1-spend-based,2026-04-24
scope3-spend-naics111339-epa-scghg-v130,Scope 3 Cat 1 Spend-Based — NAICS 111339 Other Noncitrus Fruit Farming,scope3-spend,3,1,naics-111339,0.488,kg CO2e / USD2022,,,,US-national,US-Federal,"{GHG-Protocol,SB-253}",AR5,1,12.1,EPA Supply Chain GHG Emission Factors v1.3.0,https://www.epa.gov/climateleadership/supply-chain-ghg-emission-factors-us-industry-and-commodities,2022,2024-01-01,2024-01-01,,,methodologies/scope-3-cat1-spend-based,2026-04-24
scope3-spend-naics111411-epa-scghg-v130,Scope 3 Cat 1 Spend-Based — NAICS 111411 Mushroom Production,scope3-spend,3,1,naics-111411,0.307,kg CO2e / USD2022,,,,US-national,US-Federal,"{GHG-Protocol,SB-253}",AR5,1,13.4,EPA Supply Chain GHG Emission Factors v1.3.0,https://www.epa.gov/climateleadership/supply-chain-ghg-emission-factors-us-industry-and-commodities,2022,2024-01-01,2024-01-01,,,methodologies/scope-3-cat1-spend-based,2026-04-24
scope3-spend-naics111419-epa-scghg-v130,Scope 3 Cat 1 Spend-Based — NAICS 111419 Other Food Crops Grown Under Cover,scope3-spend,3,1,naics-111419,0.307,kg CO2e / USD2022,,,,US-national,US-Federal,"{GHG-Protocol,SB-253}",AR5,1,13.4,EPA Supply Chain GHG Emission Factors v1.3.0,https://www.epa.gov/climateleadership/supply-chain-ghg-emission-factors-us-industry-and-commodities,2022,2024-01-01,2024-01-01,,,methodologies/scope-3-cat1-spend-based,2026-04-24
scope3-spend-naics111421-epa-scghg-v130,Scope 3 Cat 1 Spend-Based — NAICS 111421 Nursery and Tree Production,scope3-spend,3,1,naics-111421,0.307,kg CO2e / USD2022,,,,US-national,US-Federal,"{GHG-Protocol,SB-253}",AR5,1,13.4,EPA Supply Chain GHG Emission Factors v1.3.0,https://www.epa.gov/climateleadership/supply-chain-ghg-emission-factors-us-industry-and-commodities,2022,2024-01-01,2024-01-01,,,methodologies/scope-3-cat1-spend-based,2026-04-24
scope3-spend-naics111422-epa-scghg-v130,Scope 3 Cat 1 Spend-Based — NAICS 111422 Floriculture Production,scope3-spend,3,1,naics-111422,0.307,kg CO2e / USD2022,,,,US-national,US-Federal,"{GHG-Protocol,SB-253}",AR5,1,13.4,EPA Supply Chain GHG Emission Factors v1.3.0,https://www.epa.gov/climateleadership/supply-chain-ghg-emission-factors-us-industry-and-commodities,2022,2024-01-01,2024-01-01,,,methodologies/scope-3-cat1-spend-based,2026-04-24
scope3-spend-naics111910-epa-scghg-v130,Scope 3 Cat 1 Spend-Based — NAICS 111910 Tobacco Farming,scope3-spend,3,1,naics-111910,0.74,kg CO2e / USD2022,,,,US-national,US-Federal,"{GHG-Protocol,SB-253}",AR5,1,5.0,EPA Supply Chain GHG Emission Factors v1.3.0,https://www.epa.gov/climateleadership/supply-chain-ghg-emission-factors-us-industry-and-commodities,2022,2024-01-01,2024-01-01,,,methodologies/scope-3-cat1-spend-based,2026-04-24
scope3-spend-naics111920-epa-scghg-v130,Scope 3 Cat 1 Spend-Based — NAICS 111920 Cotton Farming,scope3-spend,3,1,naics-111920,0.74,kg CO2e / USD2022,,,,US-national,US-Federal,"{GHG-Protocol,SB-253}",AR5,1,5.0,EPA Supply Chain GHG Emission Factors v1.3.0,https://www.epa.gov/climateleadership/supply-chain-ghg-emission-factors-us-industry-and-commodities,2022,2024-01-01,2024-01-01,,,methodologies/scope-3-cat1-spend-based,2026-04-24
scope3-spend-naics111930-epa-scghg-v130,Scope 3 Cat 1 Spend-Based — NAICS 111930 Sugarcane Farming,scope3-spend,3,1,naics-111930,0.74,kg CO2e / USD2022,,,,US-national,US-Federal,"{GHG-Protocol,SB-253}",AR5,1,5.0,EPA Supply Chain GHG Emission Factors v1.3.0,https://www.epa.gov/climateleadership/supply-chain-ghg-emission-factors-us-industry-and-commodities,2022,2024-01-01,2024-01-01,,,methodologies/scope-3-cat1-spend-based,2026-04-24
scope3-spend-naics111940-epa-scghg-v130,Scope 3 Cat 1 Spend-Based — NAICS 111940 Hay Farming,scope3-spend,3,1,naics-111940,0.74,kg CO2e / USD2022,,,,US-national,US-Federal,"{GHG-Protocol,SB-253}",AR5,1,5.0,EPA Supply Chain GHG Emission Factors v1.3.0,https://www.epa.gov/climateleadership/supply-chain-ghg-emission-factors-us-industry-and-commodities,2022,2024-01-01,2024-01-01,,,methodologies/scope-3-cat1-spend-based,2026-04-24
scope3-spend-naics111991-epa-scghg-v130,Scope 3 Cat 1 Spend-Based — NAICS 111991 Sugar Beet Farming,scope3-spend,3,1,naics-111991,0.74,kg CO2e / USD2022,,,,US-national,US-Federal,"{GHG-Protocol,SB-253}",AR5,1,5.0,EPA Supply Chain GHG Emission Factors v1.3.0,https://www.epa.gov/climateleadership/supply-chain-ghg-emission-factors-us-industry-and-commodities,2022,2024-01-01,2024-01-01,,,methodologies/scope-3-cat1-spend-based,2026-04-24
scope3-spend-naics111992-epa-scghg-v130,Scope 3 Cat 1 Spend-Based — NAICS 111992 Peanut Farming,scope3-spend,3,1,naics-111992,0.74,kg CO2e / USD2022,,,,US-national,US-Federal,"{GHG-Protocol,SB-253}",AR5,1,5.0,EPA Supply Chain GHG Emission Factors v1.3.0,https://www.epa.gov/climateleadership/supply-chain-ghg-emission-factors-us-industry-and-commodities,2022,2024-01-01,2024-01-01,,,methodologies/scope-3-cat1-spend-based,2026-04-24
scope3-spend-naics111998-epa-scghg-v130,Scope 3 Cat 1 Spend-Based — NAICS 111998 All Other Miscellaneous Crop Farming,scope3-spend,3,1,naics-111998,0.74,kg CO2e / USD2022,,,,US-national,US-Federal,"{GHG-Protocol,SB-253}",AR5,1,5.0,EPA Supply Chain GHG Emission Factors v1.3.0,https://www.epa.gov/climateleadership/supply-chain-ghg-emission-factors-us-industry-and-commodities,2022,2024-01-01,2024-01-01,,,methodologies/scope-3-cat1-spend-based,2026-04-24
scope3-spend-naics112111-epa-scghg-v130,Scope 3 Cat 1 Spend-Based — NAICS 112111 Beef Cattle Ranching and Farming,scope3-spend,3,1,naics-112111,2.893,kg CO2e / USD2022,,,,US-national,US-Federal,"{GHG-Protocol,SB-253}",AR5,1,1.6,EPA Supply Chain GHG Emission Factors v1.3.0,https://www.epa.gov/climateleadership/supply-chain-ghg-emission-factors-us-industry-and-commodities,2022,2024-01-01,2024-01-01,,,methodologies/scope-3-cat1-spend-based,2026-04-24
scope3-spend-naics112112-epa-scghg-v130,Scope 3 Cat 1 Spend-Based — NAICS 112112 Cattle Feedlots,scope3-spend,3,1,naics-112112,2.893,kg CO2e / USD2022,,,,US-national,US-Federal,"{GHG-Protocol,SB-253}",AR5,1,1.6,EPA Supply Chain GHG Emission Factors v1.3.0,https://www.epa.gov/climateleadership/supply-chain-ghg-emission-factors-us-industry-and-commodities,2022,2024-01-01,2024-01-01,,,methodologies/scope-3-cat1-spend-based,2026-04-24
scope3-spend-naics112120-epa-scghg-v130,Scope 3 Cat 1 Spend-Based — NAICS 112120 Dairy Cattle and Milk Production,scope3-spend,3,1,naics-112120,1.724,kg CO2e / USD2022,,,,US-national,US-Federal,"{GHG-Protocol,SB-253}",AR5,1,2.4,EPA Supply Chain GHG Emission Factors v1.3.0,https://www.epa.gov/climateleadership/supply-chain-ghg-emission-factors-us-industry-and-commodities,2022,2024-01-01,2024-01-01,,,methodologies/scope-3-cat1-spend-based,2026-04-24
scope3-spend-naics112130-epa-scghg-v130,Scope 3 Cat 1 Spend-Based — NAICS 112130 Dual-Purpose Cattle Ranching and Farming,scope3-spend,3,1,naics-112130,2.893,kg CO2e / USD2022,,,,US-national,US-Federal,"{GHG-Protocol,SB-253}",AR5,1,1.6,EPA Supply Chain GHG Emission Factors v1.3.0,https://www.epa.gov/climateleadership/supply-chain-ghg-emission-factors-us-industry-and-commodities,2022,2024-01-01,2024-01-01,,,methodologies/scope-3-cat1-spend-based,2026-04-24
scope3-spend-naics112210-epa-scghg-v130,Scope 3 Cat 1 Spend-Based — NAICS 112210 Hog and Pig Farming,scope3-spend,3,1,naics-112210,1.128,kg CO2e / USD2022,,,,US-national,US-Federal,"{GHG-Protocol,SB-253}",AR5,1,4.5,EPA Supply Chain GHG Emission Factors v1.3.0,https://www.epa.gov/climateleadership/supply-chain-ghg-emission-factors-us-industry-and-commodities,2022,2024-01-01,2024-01-01,,,methodologies/scope-3-cat1-spend-based,2026-04-24
scope3-spend-naics112310-epa-scghg-v130,Scope 3 Cat 1 Spend-Based — NAICS 112310 Chicken Egg Production,scope3-spend,3,1,naics-112310,0.438,kg CO2e / USD2022,,,,US-national,US-Federal,"{GHG-Protocol,SB-253}",AR5,1,7.1,EPA Supply Chain GHG Emission Factors v1.3.0,https://www.epa.gov/climateleadership/supply-chain-ghg-emission-factors-us-industry-and-commodities,2022,2024-01-01,2024-01-01,,,methodologies/scope-3-cat1-spend-based,2026-04-24
scope3-spend-naics112320-epa-scghg-v130,Scope 3 Cat 1 Spend-Based — NAICS 112320 Broilers and Other Meat Type Chicken Production,scope3-spend,3,1,naics-112320,0.438,kg CO2e / USD2022,,,,US-national,US-Federal,"{GHG-Protocol,SB-253}",AR5,1,7.1,EPA Supply Chain GHG Emission Factors v1.3.0,https://www.epa.gov/climateleadership/supply-chain-ghg-emission-factors-us-industry-and-commodities,2022,2024-01-01,2024-01-01,,,methodologies/scope-3-cat1-spend-based,2026-04-24
scope3-spend-naics112330-epa-scghg-v130,Scope 3 Cat 1 Spend-Based — NAICS 112330 Turkey Production,scope3-spend,3,1,naics-112330,0.438,kg CO2e / USD2022,,,,US-national,US-Federal,"{GHG-Protocol,SB-253}",AR5,1,7.1,EPA Supply Chain GHG Emission Factors v1.3.0,https://www.epa.gov/climateleadership/supply-chain-ghg-emission-factors-us-industry-and-commodities,2022,2024-01-01,2024-01-01,,,methodologies/scope-3-cat1-spend-based,2026-04-24
scope3-spend-naics112340-epa-scghg-v130,Scope 3 Cat 1 Spend-Based — NAICS 112340 Poultry Hatcheries,scope3-spend,3,1,naics-112340,0.438,kg CO2e / USD2022,,,,US-national,US-Federal,"{GHG-Protocol,SB-253}",AR5,1,7.1,EPA Supply Chain GHG Emission Factors v1.3.0,https://www.epa.gov/climateleadership/supply-chain-ghg-emission-factors-us-industry-and-commodities,2022,2024-01-01,2024-01-01,,,methodologies/scope-3-cat1-spend-based,2026-04-24
scope3-spend-naics112390-epa-scghg-v130,Scope 3 Cat 1 Spend-Based — NAICS 112390 Other Poultry Production,scope3-spend,3,1,naics-112390,0.438,kg CO2e / USD2022,,,,US-national,US-Federal,"{GHG-Protocol,SB-253}",AR5,1,7.1,EPA Supply Chain GHG Emission Factors v1.3.0,https://www.epa.gov/climateleadership/supply-chain-ghg-emission-factors-us-industry-and-commodities,2022,2024-01-01,2024-01-01,,,methodologies/scope-3-cat1-spend-based,2026-04-24
scope3-spend-naics112410-epa-scghg-v130,Scope 3 Cat 1 Spend-Based — NAICS 112410 Sheep Farming,scope3-spend,3,1,naics-112410,1.128,kg CO2e / USD2022,,,,US-national,US-Federal,"{GHG-Protocol,SB-253}",AR5,1,4.5,EPA Supply Chain GHG Emission Factors v1.3.0,https://www.epa.gov/climateleadership/supply-chain-ghg-emission-factors-us-industry-and-commodities,2022,2024-01-01,2024-01-01,,,methodologies/scope-3-cat1-spend-based,2026-04-24
scope3-spend-naics112420-epa-scghg-v130,Scope 3 Cat 1 Spend-Based — NAICS 112420 Goat Farming,scope3-spend,3,1,naics-112420,1.128,kg CO2e / USD2022,,,,US-national,US-Federal,"{GHG-Protocol,SB-253}",AR5,1,4.5,EPA Supply Chain GHG Emission Factors v1.3.0,https://www.epa.gov/climateleadership/supply-chain-ghg-emission-factors-us-industry-and-commodities,2022,2024-01-01,2024-01-01,,,methodologies/scope-3-cat1-spend-based,2026-04-24
scope3-spend-naics112511-epa-scghg-v130,Scope 3 Cat 1 Spend-Based — NAICS 112511 Finfish Farming and Fish Hatcheries,scope3-spend,3,1,naics-112511,1.128,kg CO2e / USD2022,,,,US-national,US-Federal,"{GHG-Protocol,SB-253}",AR5,1,4.5,EPA Supply Chain GHG Emission Factors v1.3.0,https://www.epa.gov/climateleadership/supply-chain-ghg-emission-factors-us-industry-and-commodities,2022,2024-01-01,2024-01-01,,,methodologies/scope-3-cat1-spend-based,2026-04-24
scope3-spend-naics112512-epa-scghg-v130,Scope 3 Cat 1 Spend-Based — NAICS 112512 Shellfish Farming,scope3-spend,3,1,naics-112512,1.128,kg CO2e / USD2022,,,,US-national,US-Federal,"{GHG-Protocol,SB-253}",AR5,1,4.5,EPA Supply Chain GHG Emission Factors v1.3.0,https://www.epa.gov/climateleadership/supply-chain-ghg-emission-factors-us-industry-and-commodities,2022,2024-01-01,2024-01-01,,,methodologies/scope-3-cat1-spend-based,2026-04-24
scope3-spend-naics112519-epa-scghg-v130,Scope 3 Cat 1 Spend-Based — NAICS 112519 Other Aquaculture,scope3-spend,3,1,naics-112519,1.128,kg CO2e / USD2022,,,,US-national,US-Federal,"{GHG-Protocol,SB-253}",AR5,1,4.5,EPA Supply Chain GHG Emission Factors v1.3.0,https://www.epa.gov/climateleadership/supply-chain-ghg-emission-factors-us-industry-and-commodities,2022,2024-01-01,2024-01-01,,,methodologies/scope-3-cat1-spend-based,2026-04-24
scope3-spend-naics112910-epa-scghg-v130,Scope 3 Cat 1 Spend-Based — NAICS 112910 Apiculture,scope3-spend,3,1,naics-112910,1.128,kg CO2e / USD2022,,,,US-national,US-Federal,"{GHG-Protocol,SB-253}",AR5,1,4.5,EPA Supply Chain GHG Emission Factors v1.3.0,https://www.epa.gov/climateleadership/supply-chain-ghg-emission-factors-us-industry-and-commodities,2022,2024-01-01,2024-01-01,,,methodologies/scope-3-cat1-spend-based,2026-04-24
scope3-spend-naics112920-epa-scghg-v130,Scope 3 Cat 1 Spend-Based — NAICS 112920 Horses and Other Equine Production,scope3-spend,3,1,naics-112920,1.128,kg CO2e / USD2022,,,,US-national,US-Federal,"{GHG-Protocol,SB-253}",AR5,1,4.5,EPA Supply Chain GHG Emission Factors v1.3.0,https://www.epa.gov/climateleadership/supply-chain-ghg-emission-factors-us-industry-and-commodities,2022,2024-01-01,2024-01-01,,,methodologies/scope-3-cat1-spend-based,2026-04-24
scope3-spend-naics112930-epa-scghg-v130,Scope 3 Cat 1 Spend-Based — NAICS 112930 Fur-Bearing Animal and Rabbit Production,scope3-spend,3,1,naics-112930,1.128,kg CO2e / USD2022,,,,US-national,US-Federal,"{GHG-Protocol,SB-253}",AR5,1,4.5,EPA Supply Chain GHG Emission Factors v1.3.0,https://www.epa.gov/climateleadership/supply-chain-ghg-emission-factors-us-industry-and-commodities,2022,2024-01-01,2024-01-01,,,methodologies/scope-3-cat1-spend-based,2026-04-24
scope3-spend-naics112990-epa-scghg-v130,Scope 3 Cat 1 Spend-Based — NAICS 112990 All Other Animal Production,scope3-spend,3,1,naics-112990,1.128,kg CO2e / USD2022,,,,US-national,US-Federal,"{GHG-Protocol,SB-253}",AR5,1,4.5,EPA Supply Chain GHG Emission Factors v1.3.0,https://www.epa.gov/climateleadership/supply-chain-ghg-emission-factors-us-industry-and-commodities,2022,2024-01-01,2024-01-01,,,methodologies/scope-3-cat1-spend-based,2026-04-24
scope3-spend-naics113110-epa-scghg-v130,Scope 3 Cat 1 Spend-Based — NAICS 113110 Timber Tract Operations,scope3-spend,3,1,naics-113110,0.243,kg CO2e / USD2022,,,,US-national,US-Federal,"{GHG-Protocol,SB-253}",AR5,1,18.5,EPA Supply Chain GHG Emission Factors v1.3.0,https://www.epa.gov/climateleadership/supply-chain-ghg-emission-factors-us-industry-and-commodities,2022,2024-01-01,2024-01-01,,,methodologies/scope-3-cat1-spend-based,2026-04-24
scope3-spend-naics113210-epa-scghg-v130,Scope 3 Cat 1 Spend-Based — NAICS 113210 Forest Nurseries and Gathering of Forest Products,scope3-spend,3,1,naics-113210,0.243,kg CO2e / USD2022,,,,US-national,US-Federal,"{GHG-Protocol,SB-253}",AR5,1,18.5,EPA Supply Chain GHG Emission Factors v1.3.0,https://www.epa.gov/climateleadership/supply-chain-ghg-emission-factors-us-industry-and-commodities,2022,2024-01-01,2024-01-01,,,methodologies/scope-3-cat1-spend-based,2026-04-24
scope3-spend-naics113310-epa-scghg-v130,Scope 3 Cat 1 Spend-Based — NAICS 113310 Logging,scope3-spend,3,1,naics-113310,0.243,kg CO2e / USD2022,,,,US-national,US-Federal,"{GHG-Protocol,SB-253}",AR5,1,18.5,EPA Supply Chain GHG Emission Factors v1.3.0,https://www.epa.gov/climateleadership/supply-chain-ghg-emission-factors-us-industry-and-commodities,2022,2024-01-01,2024-01-01,,,methodologies/scope-3-cat1-spend-based,2026-04-24
scope3-spend-naics114111-epa-scghg-v130,Scope 3 Cat 1 Spend-Based — NAICS 114111 Finfish Fishing,scope3-spend,3,1,naics-114111,0.154,kg CO2e / USD2022,,,,US-national,US-Federal,"{GHG-Protocol,SB-253}",AR5,1,17.5,EPA Supply Chain GHG Emission Factors v1.3.0,https://www.epa.gov/climateleadership/supply-chain-ghg-emission-factors-us-industry-and-commodities,2022,2024-01-01,2024-01-01,,,methodologies/scope-3-cat1-spend-based,2026-04-24
scope3-spend-naics114112-epa-scghg-v130,Scope 3 Cat 1 Spend-Based — NAICS 114112 Shellfish Fishing,scope3-spend,3,1,naics-114112,0.154,kg CO2e / USD2022,,,,US-national,US-Federal,"{GHG-Protocol,SB-253}",AR5,1,17.5,EPA Supply Chain GHG Emission Factors v1.3.0,https://www.epa.gov/climateleadership/supply-chain-ghg-emission-factors-us-industry-and-commodities,2022,2024-01-01,2024-01-01,,,methodologies/scope-3-cat1-spend-based,2026-04-24
scope3-spend-naics114119-epa-scghg-v130,Scope 3 Cat 1 Spend-Based — NAICS 114119 Other Marine Fishing,scope3-spend,3,1,naics-114119,0.154,kg CO2e / USD2022,,,,US-national,US-Federal,"{GHG-Protocol,SB-253}",AR5,1,17.5,EPA Supply Chain GHG Emission Factors v1.3.0,https://www.epa.gov/climateleadership/supply-chain-ghg-emission-factors-us-industry-and-commodities,2022,2024-01-01,2024-01-01,,,methodologies/scope-3-cat1-spend-based,2026-04-24
scope3-spend-naics114210-epa-scghg-v130,Scope 3 Cat 1 Spend-Based — NAICS 114210 Hunting and Trapping,scope3-spend,3,1,naics-114210,0.154,kg CO2e / USD2022,,,,US-national,US-Federal,"{GHG-Protocol,SB-253}",AR5,1,17.5,EPA Supply Chain GHG Emission Factors v1.3.0,https://www.epa.gov/climateleadership/supply-chain-ghg-emission-factors-us-industry-and-commodities,2022,2024-01-01,2024-01-01,,,methodologies/scope-3-cat1-spend-based,2026-04-24
scope3-spend-naics115111-epa-scghg-v130,Scope 3 Cat 1 Spend-Based — NAICS 115111 Cotton Ginning,scope3-spend,3,1,naics-115111,0.384,kg CO2e / USD2022,,,,US-national,US-Federal,"{GHG-Protocol,SB-253}",AR5,1,0.0,EPA Supply Chain GHG Emission Factors v1.3.0,https://www.epa.gov/climateleadership/supply-chain-ghg-emission-factors-us-industry-and-commodities,2022,2024-01-01,2024-01-01,,,methodologies/scope-3-cat1-spend-based,2026-04-24
scope3-spend-naics115112-epa-scghg-v130,"Scope 3 Cat 1 Spend-Based — NAICS 115112 Soil Preparation, Planting, and Cultivating",scope3-spend,3,1,naics-115112,0.384,kg CO2e / USD2022,,,,US-national,US-Federal,"{GHG-Protocol,SB-253}",AR5,1,0.0,EPA Supply Chain GHG Emission Factors v1.3.0,https://www.epa.gov/climateleadership/supply-chain-ghg-emission-factors-us-industry-and-commodities,2022,2024-01-01,2024-01-01,,,methodologies/scope-3-cat1-spend-based,2026-04-24
scope3-spend-naics115113-epa-scghg-v130,"Scope 3 Cat 1 Spend-Based — NAICS 115113 Crop Harvesting, Primarily by Machine",scope3-spend,3,1,naics-115113,0.384,kg CO2e / USD2022,,,,US-national,US-Federal,"{GHG-Protocol,SB-253}",AR5,1,0.0,EPA Supply Chain GHG Emission Factors v1.3.0,https://www.epa.gov/climateleadership/supply-chain-ghg-emission-factors-us-industry-and-commodities,2022,2024-01-01,2024-01-01,,,methodologies/scope-3-cat1-spend-based,2026-04-24
scope3-spend-naics115114-epa-scghg-v130,Scope 3 Cat 1 Spend-Based — NAICS 115114 Postharvest Crop Activities (except Cotton Ginning),scope3-spend,3,1,naics-115114,0.384,kg CO2e / USD2022,,,,US-national,US-Federal,"{GHG-Protocol,SB-253}",AR5,1,0.0,EPA Supply Chain GHG Emission Factors v1.3.0,https://www.epa.gov/climateleadership/supply-chain-ghg-emission-factors-us-industry-and-commodities,2022,2024-01-01,2024-01-01,,,methodologies/scope-3-cat1-spend-based,2026-04-24
scope3-spend-naics115115-epa-scghg-v130,Scope 3 Cat 1 Spend-Based — NAICS 115115 Farm Labor Contractors and Crew Leaders,scope3-spend,3,1,naics-115115,0.384,kg CO2e / USD2022,,,,US-national,US-Federal,"{GHG-Protocol,SB-253}",AR5,1,0.0,EPA Supply Chain GHG Emission Factors v1.3.0,https://www.epa.gov/climateleadership/supply-chain-ghg-emission-factors-us-industry-and-commodities,2022,2024-01-01,2024-01-01,,,methodologies/scope-3-cat1-spend-based,2026-04-24
scope3-spend-naics115116-epa-scghg-v130,Scope 3 Cat 1 Spend-Based — NAICS 115116 Farm Management Services,scope3-spend,3,1,naics-115116,0.384,kg CO2e / USD2022,,,,US-national,US-Federal,"{GHG-Protocol,SB-253}",AR5,1,0.0,EPA Supply Chain GHG Emission Factors v1.3.0,https://www.epa.gov/climateleadership/supply-chain-ghg-emission-factors-us-industry-and-commodities,2022,2024-01-01,2024-01-01,,,methodologies/scope-3-cat1-spend-based,2026-04-24
scope3-spend-naics115210-epa-scghg-v130,Scope 3 Cat 1 Spend-Based — NAICS 115210 Support Activities for Animal Production,scope3-spend,3,1,naics-115210,0.384,kg CO2e / USD2022,,,,US-national,US-Federal,"{GHG-Protocol,SB-253}",AR5,1,0.0,EPA Supply Chain GHG Emission Factors v1.3.0,https://www.epa.gov/climateleadership/supply-chain-ghg-emission-factors-us-industry-and-commodities,2022,2024-01-01,2024-01-01,,,methodologies/scope-3-cat1-spend-based,2026-04-24
scope3-spend-naics115310-epa-scghg-v130,Scope 3 Cat 1 Spend-Based — NAICS 115310 Support Activities for Forestry,scope3-spend,3,1,naics-115310,0.384,kg CO2e / USD2022,,,,US-national,US-Federal,"{GHG-Protocol,SB-253}",AR5,1,0.0,EPA Supply Chain GHG Emission Factors v1.3.0,https://www.epa.gov/climateleadership/supply-chain-ghg-emission-factors-us-industry-and-commodities,2022,2024-01-01,2024-01-01,,,methodologies/scope-3-cat1-spend-based,2026-04-24
scope3-spend-naics211120-epa-scghg-v130,Scope 3 Cat 1 Spend-Based — NAICS 211120 Crude Petroleum Extraction,scope3-spend,3,1,naics-211120,0.405,kg CO2e / USD2022,,,,US-national,US-Federal,"{GHG-Protocol,SB-253}",AR5,1,6.9,EPA Supply Chain GHG Emission Factors v1.3.0,https://www.epa.gov/climateleadership/supply-chain-ghg-emission-factors-us-industry-and-commodities,2022,2024-01-01,2024-01-01,,,methodologies/scope-3-cat1-spend-based,2026-04-24
scope3-spend-naics211130-epa-scghg-v130,Scope 3 Cat 1 Spend-Based — NAICS 211130 Natural Gas Extraction,scope3-spend,3,1,naics-211130,0.405,kg CO2e / USD2022,,,,US-national,US-Federal,"{GHG-Protocol,SB-253}",AR5,1,6.9,EPA Supply Chain GHG Emission Factors v1.3.0,https://www.epa.gov/climateleadership/supply-chain-ghg-emission-factors-us-industry-and-commodities,2022,2024-01-01,2024-01-01,,,methodologies/scope-3-cat1-spend-based,2026-04-24
scope3-spend-naics212111-epa-scghg-v130,Scope 3 Cat 1 Spend-Based — NAICS 212111 Bituminous Coal and Lignite Surface Mining,scope3-spend,3,1,naics-212111,0.841,kg CO2e / USD2022,,,,US-national,US-Federal,"{GHG-Protocol,SB-253}",AR5,1,11.2,EPA Supply Chain GHG Emission Factors v1.3.0,https://www.epa.gov/climateleadership/supply-chain-ghg-emission-factors-us-industry-and-commodities,2022,2024-01-01,2024-01-01,,,methodologies/scope-3-cat1-spend-based,2026-04-24
scope3-spend-naics212112-epa-scghg-v130,Scope 3 Cat 1 Spend-Based — NAICS 212112 Bituminous Coal Underground Mining,scope3-spend,3,1,naics-212112,0.841,kg CO2e / USD2022,,,,US-national,US-Federal,"{GHG-Protocol,SB-253}",AR5,1,11.2,EPA Supply Chain GHG Emission Factors v1.3.0,https://www.epa.gov/climateleadership/supply-chain-ghg-emission-factors-us-industry-and-commodities,2022,2024-01-01,2024-01-01,,,methodologies/scope-3-cat1-spend-based,2026-04-24
scope3-spend-naics212113-epa-scghg-v130,Scope 3 Cat 1 Spend-Based — NAICS 212113 Anthracite Mining,scope3-spend,3,1,naics-212113,0.841,kg CO2e / USD2022,,,,US-national,US-Federal,"{GHG-Protocol,SB-253}",AR5,1,11.2,EPA Supply Chain GHG Emission Factors v1.3.0,https://www.epa.gov/climateleadership/supply-chain-ghg-emission-factors-us-industry-and-commodities,2022,2024-01-01,2024-01-01,,,methodologies/scope-3-cat1-spend-based,2026-04-24
scope3-spend-naics212210-epa-scghg-v130,Scope 3 Cat 1 Spend-Based — NAICS 212210 Iron Ore Mining,scope3-spend,3,1,naics-212210,0.593,kg CO2e / USD2022,,,,US-national,US-Federal,"{GHG-Protocol,SB-253}",AR5,1,9.1,EPA Supply Chain GHG Emission Factors v1.3.0,https://www.epa.gov/climateleadership/supply-chain-ghg-emission-factors-us-industry-and-commodities,2022,2024-01-01,2024-01-01,,,methodologies/scope-3-cat1-spend-based,2026-04-24
scope3-spend-naics212221-epa-scghg-v130,Scope 3 Cat 1 Spend-Based — NAICS 212221 Gold Ore Mining,scope3-spend,3,1,naics-212221,0.593,kg CO2e / USD2022,,,,US-national,US-Federal,"{GHG-Protocol,SB-253}",AR5,1,9.1,EPA Supply Chain GHG Emission Factors v1.3.0,https://www.epa.gov/climateleadership/supply-chain-ghg-emission-factors-us-industry-and-commodities,2022,2024-01-01,2024-01-01,,,methodologies/scope-3-cat1-spend-based,2026-04-24
scope3-spend-naics212222-epa-scghg-v130,Scope 3 Cat 1 Spend-Based — NAICS 212222 Silver Ore Mining,scope3-spend,3,1,naics-212222,0.593,kg CO2e / USD2022,,,,US-national,US-Federal,"{GHG-Protocol,SB-253}",AR5,1,9.1,EPA Supply Chain GHG Emission Factors v1.3.0,https://www.epa.gov/climateleadership/supply-chain-ghg-emission-factors-us-industry-and-commodities,2022,2024-01-01,2024-01-01,,,methodologies/scope-3-cat1-spend-based,2026-04-24
scope3-spend-naics212230-epa-scghg-v130,"Scope 3 Cat 1 Spend-Based — NAICS 212230 Copper, Nickel, Lead, and Zinc Mining",scope3-spend,3,1,naics-212230,0.324,kg CO2e / USD2022,,,,US-national,US-Federal,"{GHG-Protocol,SB-253}",AR5,1,16.4,EPA Supply Chain GHG Emission Factors v1.3.0,https://www.epa.gov/climateleadership/supply-chain-ghg-emission-factors-us-industry-and-commodities,2022,2024-01-01,2024-01-01,,,methodologies/scope-3-cat1-spend-based,2026-04-24
scope3-spend-naics212291-epa-scghg-v130,Scope 3 Cat 1 Spend-Based — NAICS 212291 Uranium-Radium-Vanadium Ore Mining,scope3-spend,3,1,naics-212291,0.593,kg CO2e / USD2022,,,,US-national,US-Federal,"{GHG-Protocol,SB-253}",AR5,1,9.1,EPA Supply Chain GHG Emission Factors v1.3.0,https://www.epa.gov/climateleadership/supply-chain-ghg-emission-factors-us-industry-and-commodities,2022,2024-01-01,2024-01-01,,,methodologies/scope-3-cat1-spend-based,2026-04-24
scope3-spend-naics212299-epa-scghg-v130,Scope 3 Cat 1 Spend-Based — NAICS 212299 All Other Metal Ore Mining,scope3-spend,3,1,naics-212299,0.593,kg CO2e / USD2022,,,,US-national,US-Federal,"{GHG-Protocol,SB-253}",AR5,1,9.1,EPA Supply Chain GHG Emission Factors v1.3.0,https://www.epa.gov/climateleadership/supply-chain-ghg-emission-factors-us-industry-and-commodities,2022,2024-01-01,2024-01-01,,,methodologies/scope-3-cat1-spend-based,2026-04-24
scope3-spend-naics212311-epa-scghg-v130,Scope 3 Cat 1 Spend-Based — NAICS 212311 Dimension Stone Mining and Quarrying,scope3-spend,3,1,naics-212311,0.279,kg CO2e / USD2022,,,,US-national,US-Federal,"{GHG-Protocol,SB-253}",AR5,1,30.8,EPA Supply Chain GHG Emission Factors v1.3.0,https://www.epa.gov/climateleadership/supply-chain-ghg-emission-factors-us-industry-and-commodities,2022,2024-01-01,2024-01-01,,,methodologies/scope-3-cat1-spend-based,2026-04-24
scope3-spend-naics212312-epa-scghg-v130,Scope 3 Cat 1 Spend-Based — NAICS 212312 Crushed and Broken Limestone Mining and Quarrying,scope3-spend,3,1,naics-212312,0.279,kg CO2e / USD2022,,,,US-national,US-Federal,"{GHG-Protocol,SB-253}",AR5,1,30.8,EPA Supply Chain GHG Emission Factors v1.3.0,https://www.epa.gov/climateleadership/supply-chain-ghg-emission-factors-us-industry-and-commodities,2022,2024-01-01,2024-01-01,,,methodologies/scope-3-cat1-spend-based,2026-04-24
scope3-spend-naics212313-epa-scghg-v130,Scope 3 Cat 1 Spend-Based — NAICS 212313 Crushed and Broken Granite Mining and Quarrying,scope3-spend,3,1,naics-212313,0.279,kg CO2e / USD2022,,,,US-national,US-Federal,"{GHG-Protocol,SB-253}",AR5,1,30.8,EPA Supply Chain GHG Emission Factors v1.3.0,https://www.epa.gov/climateleadership/supply-chain-ghg-emission-factors-us-industry-and-commodities,2022,2024-01-01,2024-01-01,,,methodologies/scope-3-cat1-spend-based,2026-04-24
scope3-spend-naics212319-epa-scghg-v130,Scope 3 Cat 1 Spend-Based — NAICS 212319 Other Crushed and Broken Stone Mining and Quarrying,scope3-spend,3,1,naics-212319,0.279,kg CO2e / USD2022,,,,US-national,US-Federal,"{GHG-Protocol,SB-253}",AR5,1,30.8,EPA Supply Chain GHG Emission Factors v1.3.0,https://www.epa.gov/climateleadership/supply-chain-ghg-emission-factors-us-industry-and-commodities,2022,2024-01-01,2024-01-01,,,methodologies/scope-3-cat1-spend-based,2026-04-24
scope3-spend-naics212321-epa-scghg-v130,Scope 3 Cat 1 Spend-Based — NAICS 212321 Construction Sand and Gravel Mining,scope3-spend,3,1,naics-212321,0.309,kg CO2e / USD2022,,,,US-national,US-Federal,"{GHG-Protocol,SB-253}",AR5,1,40.5,EPA Supply Chain GHG Emission Factors v1.3.0,https://www.epa.gov/climateleadership/supply-chain-ghg-emission-factors-us-industry-and-commodities,2022,2024-01-01,2024-01-01,,,methodologies/scope-3-cat1-spend-based,2026-04-24
scope3-spend-naics212322-epa-scghg-v130,Scope 3 Cat 1 Spend-Based — NAICS 212322 Industrial Sand Mining,scope3-spend,3,1,naics-212322,0.309,kg CO2e / USD2022,,,,US-national,US-Federal,"{GHG-Protocol,SB-253}",AR5,1,40.5,EPA Supply Chain GHG Emission Factors v1.3.0,https://www.epa.gov/climateleadership/supply-chain-ghg-emission-factors-us-industry-and-commodities,2022,2024-01-01,2024-01-01,,,methodologies/scope-3-cat1-spend-based,2026-04-24
scope3-spend-naics212324-epa-scghg-v130,Scope 3 Cat 1 Spend-Based — NAICS 212324 Kaolin and Ball Clay Mining,scope3-spend,3,1,naics-212324,0.309,kg CO2e / USD2022,,,,US-national,US-Federal,"{GHG-Protocol,SB-253}",AR5,1,40.5,EPA Supply Chain GHG Emission Factors v1.3.0,https://www.epa.gov/climateleadership/supply-chain-ghg-emission-factors-us-industry-and-commodities,2022,2024-01-01,2024-01-01,,,methodologies/scope-3-cat1-spend-based,2026-04-24
scope3-spend-naics212325-epa-scghg-v130,Scope 3 Cat 1 Spend-Based — NAICS 212325 Clay and Ceramic and Refractory Minerals Mining,scope3-spend,3,1,naics-212325,0.309,kg CO2e / USD2022,,,,US-national,US-Federal,"{GHG-Protocol,SB-253}",AR5,1,40.5,EPA Supply Chain GHG Emission Factors v1.3.0,https://www.epa.gov/climateleadership/supply-chain-ghg-emission-factors-us-industry-and-commodities,2022,2024-01-01,2024-01-01,,,methodologies/scope-3-cat1-spend-based,2026-04-24
scope3-spend-naics212391-epa-scghg-v130,"Scope 3 Cat 1 Spend-Based — NAICS 212391 Potash, Soda, and Borate Mineral Mining",scope3-spend,3,1,naics-212391,0.309,kg CO2e / USD2022,,,,US-national,US-Federal,"{GHG-Protocol,SB-253}",AR5,1,40.5,EPA Supply Chain GHG Emission Factors v1.3.0,https://www.epa.gov/climateleadership/supply-chain-ghg-emission-factors-us-industry-and-commodities,2022,2024-01-01,2024-01-01,,,methodologies/scope-3-cat1-spend-based,2026-04-24
scope3-spend-naics212392-epa-scghg-v130,Scope 3 Cat 1 Spend-Based — NAICS 212392 Phosphate Rock Mining,scope3-spend,3,1,naics-212392,0.309,kg CO2e / USD2022,,,,US-national,US-Federal,"{GHG-Protocol,SB-253}",AR5,1,40.5,EPA Supply Chain GHG Emission Factors v1.3.0,https://www.epa.gov/climateleadership/supply-chain-ghg-emission-factors-us-industry-and-commodities,2022,2024-01-01,2024-01-01,,,methodologies/scope-3-cat1-spend-based,2026-04-24
scope3-spend-naics212393-epa-scghg-v130,Scope 3 Cat 1 Spend-Based — NAICS 212393 Other Chemical and Fertilizer Mineral Mining,scope3-spend,3,1,naics-212393,0.309,kg CO2e / USD2022,,,,US-national,US-Federal,"{GHG-Protocol,SB-253}",AR5,1,40.5,EPA Supply Chain GHG Emission Factors v1.3.0,https://www.epa.gov/climateleadership/supply-chain-ghg-emission-factors-us-industry-and-commodities,2022,2024-01-01,2024-01-01,,,methodologies/scope-3-cat1-spend-based,2026-04-24
scope3-spend-naics212399-epa-scghg-v130,Scope 3 Cat 1 Spend-Based — NAICS 212399 All Other Nonmetallic Mineral Mining,scope3-spend,3,1,naics-212399,0.309,kg CO2e / USD2022,,,,US-national,US-Federal,"{GHG-Protocol,SB-253}",AR5,1,40.5,EPA Supply Chain GHG Emission Factors v1.3.0,https://www.epa.gov/climateleadership/supply-chain-ghg-emission-factors-us-industry-and-commodities,2022,2024-01-01,2024-01-01,,,methodologies/scope-3-cat1-spend-based,2026-04-24
scope3-spend-naics213111-epa-scghg-v130,Scope 3 Cat 1 Spend-Based — NAICS 213111 Drilling Oil and Gas Wells,scope3-spend,3,1,naics-213111,0.407,kg CO2e / USD2022,,,,US-national,US-Federal,"{GHG-Protocol,SB-253}",AR5,1,0.0,EPA Supply Chain GHG Emission Factors v1.3.0,https://www.epa.gov/climateleadership/supply-chain-ghg-emission-factors-us-industry-and-commodities,2022,2024-01-01,2024-01-01,,,methodologies/scope-3-cat1-spend-based,2026-04-24
scope3-spend-naics213112-epa-scghg-v130,Scope 3 Cat 1 Spend-Based — NAICS 213112 Support Activities for Oil and Gas Operations,scope3-spend,3,1,naics-213112,0.372,kg CO2e / USD2022,,,,US-national,US-Federal,"{GHG-Protocol,SB-253}",AR5,1,0.0,EPA Supply Chain GHG Emission Factors v1.3.0,https://www.epa.gov/climateleadership/supply-chain-ghg-emission-factors-us-industry-and-commodities,2022,2024-01-01,2024-01-01,,,methodologies/scope-3-cat1-spend-based,2026-04-24
scope3-spend-naics213113-epa-scghg-v130,Scope 3 Cat 1 Spend-Based — NAICS 213113 Support Activities for Coal Mining,scope3-spend,3,1,naics-213113,0.372,kg CO2e / USD2022,,,,US-national,US-Federal,"{GHG-Protocol,SB-253}",AR5,1,0.0,EPA Supply Chain GHG Emission Factors v1.3.0,https://www.epa.gov/climateleadership/supply-chain-ghg-emission-factors-us-industry-and-commodities,2022,2024-01-01,2024-01-01,,,methodologies/scope-3-cat1-spend-based,2026-04-24
scope3-spend-naics213114-epa-scghg-v130,Scope 3 Cat 1 Spend-Based — NAICS 213114 Support Activities for Metal Mining,scope3-spend,3,1,naics-213114,0.372,kg CO2e / USD2022,,,,US-national,US-Federal,"{GHG-Protocol,SB-253}",AR5,1,0.0,EPA Supply Chain GHG Emission Factors v1.3.0,https://www.epa.gov/climateleadership/supply-chain-ghg-emission-factors-us-industry-and-commodities,2022,2024-01-01,2024-01-01,,,methodologies/scope-3-cat1-spend-based,2026-04-24
scope3-spend-naics213115-epa-scghg-v130,Scope 3 Cat 1 Spend-Based — NAICS 213115 Support Activities for Nonmetallic Minerals (except Fuels) Mining,scope3-spend,3,1,naics-213115,0.372,kg CO2e / USD2022,,,,US-national,US-Federal,"{GHG-Protocol,SB-253}",AR5,1,0.0,EPA Supply Chain GHG Emission Factors v1.3.0,https://www.epa.gov/climateleadership/supply-chain-ghg-emission-factors-us-industry-and-commodities,2022,2024-01-01,2024-01-01,,,methodologies/scope-3-cat1-spend-based,2026-04-24
scope3-spend-naics221210-epa-scghg-v130,Scope 3 Cat 1 Spend-Based — NAICS 221210 Natural Gas Distribution,scope3-spend,3,1,naics-221210,0.532,kg CO2e / USD2022,,,,US-national,US-Federal,"{GHG-Protocol,SB-253}",AR5,1,0.0,EPA Supply Chain GHG Emission Factors v1.3.0,https://www.epa.gov/climateleadership/supply-chain-ghg-emission-factors-us-industry-and-commodities,2022,2024-01-01,2024-01-01,,,methodologies/scope-3-cat1-spend-based,2026-04-24
scope3-spend-naics221310-epa-scghg-v130,Scope 3 Cat 1 Spend-Based — NAICS 221310 Water Supply and Irrigation Systems,scope3-spend,3,1,naics-221310,0.578,kg CO2e / USD2022,,,,US-national,US-Federal,"{GHG-Protocol,SB-253}",AR5,1,0.0,EPA Supply Chain GHG Emission Factors v1.3.0,https://www.epa.gov/climateleadership/supply-chain-ghg-emission-factors-us-industry-and-commodities,2022,2024-01-01,2024-01-01,,,methodologies/scope-3-cat1-spend-based,2026-04-24
scope3-spend-naics221320-epa-scghg-v130,Scope 3 Cat 1 Spend-Based — NAICS 221320 Sewage Treatment Facilities,scope3-spend,3,1,naics-221320,0.578,kg CO2e / USD2022,,,,US-national,US-Federal,"{GHG-Protocol,SB-253}",AR5,1,0.0,EPA Supply Chain GHG Emission Factors v1.3.0,https://www.epa.gov/climateleadership/supply-chain-ghg-emission-factors-us-industry-and-commodities,2022,2024-01-01,2024-01-01,,,methodologies/scope-3-cat1-spend-based,2026-04-24
scope3-spend-naics221330-epa-scghg-v130,Scope 3 Cat 1 Spend-Based — NAICS 221330 Steam and Air-Conditioning Supply,scope3-spend,3,1,naics-221330,0.578,kg CO2e / USD2022,,,,US-national,US-Federal,"{GHG-Protocol,SB-253}",AR5,1,0.0,EPA Supply Chain GHG Emission Factors v1.3.0,https://www.epa.gov/climateleadership/supply-chain-ghg-emission-factors-us-industry-and-commodities,2022,2024-01-01,2024-01-01,,,methodologies/scope-3-cat1-spend-based,2026-04-24
scope3-spend-naics236115-epa-scghg-v130,Scope 3 Cat 1 Spend-Based — NAICS 236115 New Single-Family Housing Construction (except For-Sale Builders),scope3-spend,3,1,naics-236115,0.194,kg CO2e / USD2022,,,,US-national,US-Federal,"{GHG-Protocol,SB-253}",AR5,1,0.0,EPA Supply Chain GHG Emission Factors v1.3.0,https://www.epa.gov/climateleadership/supply-chain-ghg-emission-factors-us-industry-and-commodities,2022,2024-01-01,2024-01-01,,,methodologies/scope-3-cat1-spend-based,2026-04-24
scope3-spend-naics236116-epa-scghg-v130,Scope 3 Cat 1 Spend-Based — NAICS 236116 New Multifamily Housing Construction (except For-Sale Builders),scope3-spend,3,1,naics-236116,0.221,kg CO2e / USD2022,,,,US-national,US-Federal,"{GHG-Protocol,SB-253}",AR5,1,0.0,EPA Supply Chain GHG Emission Factors v1.3.0,https://www.epa.gov/climateleadership/supply-chain-ghg-emission-factors-us-industry-and-commodities,2022,2024-01-01,2024-01-01,,,methodologies/scope-3-cat1-spend-based,2026-04-24
scope3-spend-naics236117-epa-scghg-v130,Scope 3 Cat 1 Spend-Based — NAICS 236117 New Housing For-Sale Builders,scope3-spend,3,1,naics-236117,0.216,kg CO2e / USD2022,,,,US-national,US-Federal,"{GHG-Protocol,SB-253}",AR5,1,0.0,EPA Supply Chain GHG Emission Factors v1.3.0,https://www.epa.gov/climateleadership/supply-chain-ghg-emission-factors-us-industry-and-commodities,2022,2024-01-01,2024-01-01,,,methodologies/scope-3-cat1-spend-based,2026-04-24
scope3-spend-naics236118-epa-scghg-v130,Scope 3 Cat 1 Spend-Based — NAICS 236118 Residential Remodelers,scope3-spend,3,1,naics-236118,0.211,kg CO2e / USD2022,,,,US-national,US-Federal,"{GHG-Protocol,SB-253}",AR5,1,0.0,EPA Supply Chain GHG Emission Factors v1.3.0,https://www.epa.gov/climateleadership/supply-chain-ghg-emission-factors-us-industry-and-commodities,2022,2024-01-01,2024-01-01,,,methodologies/scope-3-cat1-spend-based,2026-04-24
scope3-spend-naics236210-epa-scghg-v130,Scope 3 Cat 1 Spend-Based — NAICS 236210 Industrial Building Construction,scope3-spend,3,1,naics-236210,0.239,kg CO2e / USD2022,,,,US-national,US-Federal,"{GHG-Protocol,SB-253}",AR5,1,0.0,EPA Supply Chain GHG Emission Factors v1.3.0,https://www.epa.gov/climateleadership/supply-chain-ghg-emission-factors-us-industry-and-commodities,2022,2024-01-01,2024-01-01,,,methodologies/scope-3-cat1-spend-based,2026-04-24
scope3-spend-naics236220-epa-scghg-v130,Scope 3 Cat 1 Spend-Based — NAICS 236220 Commercial and Institutional Building Construction,scope3-spend,3,1,naics-236220,0.224,kg CO2e / USD2022,,,,US-national,US-Federal,"{GHG-Protocol,SB-253}",AR5,1,0.0,EPA Supply Chain GHG Emission Factors v1.3.0,https://www.epa.gov/climateleadership/supply-chain-ghg-emission-factors-us-industry-and-commodities,2022,2024-01-01,2024-01-01,,,methodologies/scope-3-cat1-spend-based,2026-04-24
scope3-spend-naics237110-epa-scghg-v130,Scope 3 Cat 1 Spend-Based — NAICS 237110 Water and Sewer Line and Related Structures Construction,scope3-spend,3,1,naics-237110,0.277,kg CO2e / USD2022,,,,US-national,US-Federal,"{GHG-Protocol,SB-253}",AR5,1,0.0,EPA Supply Chain GHG Emission Factors v1.3.0,https://www.epa.gov/climateleadership/supply-chain-ghg-emission-factors-us-industry-and-commodities,2022,2024-01-01,2024-01-01,,,methodologies/scope-3-cat1-spend-based,2026-04-24
scope3-spend-naics237120-epa-scghg-v130,Scope 3 Cat 1 Spend-Based — NAICS 237120 Oil and Gas Pipeline and Related Structures Construction,scope3-spend,3,1,naics-237120,0.277,kg CO2e / USD2022,,,,US-national,US-Federal,"{GHG-Protocol,SB-253}",AR5,1,0.0,EPA Supply Chain GHG Emission Factors v1.3.0,https://www.epa.gov/climateleadership/supply-chain-ghg-emission-factors-us-industry-and-commodities,2022,2024-01-01,2024-01-01,,,methodologies/scope-3-cat1-spend-based,2026-04-24
scope3-spend-naics237130-epa-scghg-v130,Scope 3 Cat 1 Spend-Based — NAICS 237130 Power and Communication Line and Related Structures Construction,scope3-spend,3,1,naics-237130,0.277,kg CO2e / USD2022,,,,US-national,US-Federal,"{GHG-Protocol,SB-253}",AR5,1,0.0,EPA Supply Chain GHG Emission Factors v1.3.0,https://www.epa.gov/climateleadership/supply-chain-ghg-emission-factors-us-industry-and-commodities,2022,2024-01-01,2024-01-01,,,methodologies/scope-3-cat1-spend-based,2026-04-24
scope3-spend-naics237210-epa-scghg-v130,Scope 3 Cat 1 Spend-Based — NAICS 237210 Land Subdivision,scope3-spend,3,1,naics-237210,0.221,kg CO2e / USD2022,,,,US-national,US-Federal,"{GHG-Protocol,SB-253}",AR5,1,0.0,EPA Supply Chain GHG Emission Factors v1.3.0,https://www.epa.gov/climateleadership/supply-chain-ghg-emission-factors-us-industry-and-commodities,2022,2024-01-01,2024-01-01,,,methodologies/scope-3-cat1-spend-based,2026-04-24
scope3-spend-naics237310-epa-scghg-v130,"Scope 3 Cat 1 Spend-Based — NAICS 237310 Highway, Street, and Bridge Construction",scope3-spend,3,1,naics-237310,0.255,kg CO2e / USD2022,,,,US-national,US-Federal,"{GHG-Protocol,SB-253}",AR5,1,0.0,EPA Supply Chain GHG Emission Factors v1.3.0,https://www.epa.gov/climateleadership/supply-chain-ghg-emission-factors-us-industry-and-commodities,2022,2024-01-01,2024-01-01,,,methodologies/scope-3-cat1-spend-based,2026-04-24
scope3-spend-naics237990-epa-scghg-v130,Scope 3 Cat 1 Spend-Based — NAICS 237990 Other Heavy and Civil Engineering Construction,scope3-spend,3,1,naics-237990,0.202,kg CO2e / USD2022,,,,US-national,US-Federal,"{GHG-Protocol,SB-253}",AR5,1,0.0,EPA Supply Chain GHG Emission Factors v1.3.0,https://www.epa.gov/climateleadership/supply-chain-ghg-emission-factors-us-industry-and-commodities,2022,2024-01-01,2024-01-01,,,methodologies/scope-3-cat1-spend-based,2026-04-24
scope3-spend-naics238110-epa-scghg-v130,Scope 3 Cat 1 Spend-Based — NAICS 238110 Poured Concrete Foundation and Structure Contractors,scope3-spend,3,1,naics-238110,0.221,kg CO2e / USD2022,,,,US-national,US-Federal,"{GHG-Protocol,SB-253}",AR5,1,0.0,EPA Supply Chain GHG Emission Factors v1.3.0,https://www.epa.gov/climateleadership/supply-chain-ghg-emission-factors-us-industry-and-commodities,2022,2024-01-01,2024-01-01,,,methodologies/scope-3-cat1-spend-based,2026-04-24
scope3-spend-naics238120-epa-scghg-v130,Scope 3 Cat 1 Spend-Based — NAICS 238120 Structural Steel and Precast Concrete Contractors,scope3-spend,3,1,naics-238120,0.221,kg CO2e / USD2022,,,,US-national,US-Federal,"{GHG-Protocol,SB-253}",AR5,1,0.0,EPA Supply Chain GHG Emission Factors v1.3.0,https://www.epa.gov/climateleadership/supply-chain-ghg-emission-factors-us-industry-and-commodities,2022,2024-01-01,2024-01-01,,,methodologies/scope-3-cat1-spend-based,2026-04-24
scope3-spend-naics238130-epa-scghg-v130,Scope 3 Cat 1 Spend-Based — NAICS 238130 Framing Contractors,scope3-spend,3,1,naics-238130,0.221,kg CO2e / USD2022,,,,US-national,US-Federal,"{GHG-Protocol,SB-253}",AR5,1,0.0,EPA Supply Chain GHG Emission Factors v1.3.0,https://www.epa.gov/climateleadership/supply-chain-ghg-emission-factors-us-industry-and-commodities,2022,2024-01-01,2024-01-01,,,methodologies/scope-3-cat1-spend-based,2026-04-24
scope3-spend-naics238140-epa-scghg-v130,Scope 3 Cat 1 Spend-Based — NAICS 238140 Masonry Contractors,scope3-spend,3,1,naics-238140,0.221,kg CO2e / USD2022,,,,US-national,US-Federal,"{GHG-Protocol,SB-253}",AR5,1,0.0,EPA Supply Chain GHG Emission Factors v1.3.0,https://www.epa.gov/climateleadership/supply-chain-ghg-emission-factors-us-industry-and-commodities,2022,2024-01-01,2024-01-01,,,methodologies/scope-3-cat1-spend-based,2026-04-24
scope3-spend-naics238150-epa-scghg-v130,Scope 3 Cat 1 Spend-Based — NAICS 238150 Glass and Glazing Contractors,scope3-spend,3,1,naics-238150,0.221,kg CO2e / USD2022,,,,US-national,US-Federal,"{GHG-Protocol,SB-253}",AR5,1,0.0,EPA Supply Chain GHG Emission Factors v1.3.0,https://www.epa.gov/climateleadership/supply-chain-ghg-emission-factors-us-industry-and-commodities,2022,2024-01-01,2024-01-01,,,methodologies/scope-3-cat1-spend-based,2026-04-24
scope3-spend-naics238160-epa-scghg-v130,Scope 3 Cat 1 Spend-Based — NAICS 238160 Roofing Contractors,scope3-spend,3,1,naics-238160,0.221,kg CO2e / USD2022,,,,US-national,US-Federal,"{GHG-Protocol,SB-253}",AR5,1,0.0,EPA Supply Chain GHG Emission Factors v1.3.0,https://www.epa.gov/climateleadership/supply-chain-ghg-emission-factors-us-industry-and-commodities,2022,2024-01-01,2024-01-01,,,methodologies/scope-3-cat1-spend-based,2026-04-24
scope3-spend-naics238170-epa-scghg-v130,Scope 3 Cat 1 Spend-Based — NAICS 238170 Siding Contractors,scope3-spend,3,1,naics-238170,0.221,kg CO2e / USD2022,,,,US-national,US-Federal,"{GHG-Protocol,SB-253}",AR5,1,0.0,EPA Supply Chain GHG Emission Factors v1.3.0,https://www.epa.gov/climateleadership/supply-chain-ghg-emission-factors-us-industry-and-commodities,2022,2024-01-01,2024-01-01,,,methodologies/scope-3-cat1-spend-based,2026-04-24
scope3-spend-naics238190-epa-scghg-v130,"Scope 3 Cat 1 Spend-Based — NAICS 238190 Other Foundation, Structure, and Building Exterior Contractors",scope3-spend,3,1,naics-238190,0.221,kg CO2e / USD2022,,,,US-national,US-Federal,"{GHG-Protocol,SB-253}",AR5,1,0.0,EPA Supply Chain GHG Emission Factors v1.3.0,https://www.epa.gov/climateleadership/supply-chain-ghg-emission-factors-us-industry-and-commodities,2022,2024-01-01,2024-01-01,,,methodologies/scope-3-cat1-spend-based,2026-04-24
scope3-spend-naics238210-epa-scghg-v130,Scope 3 Cat 1 Spend-Based — NAICS 238210 Electrical Contractors and Other Wiring Installation Contractors,scope3-spend,3,1,naics-238210,0.221,kg CO2e / USD2022,,,,US-national,US-Federal,"{GHG-Protocol,SB-253}",AR5,1,0.0,EPA Supply Chain GHG Emission Factors v1.3.0,https://www.epa.gov/climateleadership/supply-chain-ghg-emission-factors-us-industry-and-commodities,2022,2024-01-01,2024-01-01,,,methodologies/scope-3-cat1-spend-based,2026-04-24
scope3-spend-naics238220-epa-scghg-v130,"Scope 3 Cat 1 Spend-Based — NAICS 238220 Plumbing, Heating, and Air-Conditioning Contractors",scope3-spend,3,1,naics-238220,0.221,kg CO2e / USD2022,,,,US-national,US-Federal,"{GHG-Protocol,SB-253}",AR5,1,0.0,EPA Supply Chain GHG Emission Factors v1.3.0,https://www.epa.gov/climateleadership/supply-chain-ghg-emission-factors-us-industry-and-commodities,2022,2024-01-01,2024-01-01,,,methodologies/scope-3-cat1-spend-based,2026-04-24
scope3-spend-naics238290-epa-scghg-v130,Scope 3 Cat 1 Spend-Based — NAICS 238290 Other Building Equipment Contractors,scope3-spend,3,1,naics-238290,0.221,kg CO2e / USD2022,,,,US-national,US-Federal,"{GHG-Protocol,SB-253}",AR5,1,0.0,EPA Supply Chain GHG Emission Factors v1.3.0,https://www.epa.gov/climateleadership/supply-chain-ghg-emission-factors-us-industry-and-commodities,2022,2024-01-01,2024-01-01,,,methodologies/scope-3-cat1-spend-based,2026-04-24
scope3-spend-naics238310-epa-scghg-v130,Scope 3 Cat 1 Spend-Based — NAICS 238310 Drywall and Insulation Contractors,scope3-spend,3,1,naics-238310,0.221,kg CO2e / USD2022,,,,US-national,US-Federal,"{GHG-Protocol,SB-253}",AR5,1,0.0,EPA Supply Chain GHG Emission Factors v1.3.0,https://www.epa.gov/climateleadership/supply-chain-ghg-emission-factors-us-industry-and-commodities,2022,2024-01-01,2024-01-01,,,methodologies/scope-3-cat1-spend-based,2026-04-24
scope3-spend-naics238320-epa-scghg-v130,Scope 3 Cat 1 Spend-Based — NAICS 238320 Painting and Wall Covering Contractors,scope3-spend,3,1,naics-238320,0.221,kg CO2e / USD2022,,,,US-national,US-Federal,"{GHG-Protocol,SB-253}",AR5,1,0.0,EPA Supply Chain GHG Emission Factors v1.3.0,https://www.epa.gov/climateleadership/supply-chain-ghg-emission-factors-us-industry-and-commodities,2022,2024-01-01,2024-01-01,,,methodologies/scope-3-cat1-spend-based,2026-04-24
scope3-spend-naics238330-epa-scghg-v130,Scope 3 Cat 1 Spend-Based — NAICS 238330 Flooring Contractors,scope3-spend,3,1,naics-238330,0.221,kg CO2e / USD2022,,,,US-national,US-Federal,"{GHG-Protocol,SB-253}",AR5,1,0.0,EPA Supply Chain GHG Emission Factors v1.3.0,https://www.epa.gov/climateleadership/supply-chain-ghg-emission-factors-us-industry-and-commodities,2022,2024-01-01,2024-01-01,,,methodologies/scope-3-cat1-spend-based,2026-04-24
scope3-spend-naics238340-epa-scghg-v130,Scope 3 Cat 1 Spend-Based — NAICS 238340 Tile and Terrazzo Contractors,scope3-spend,3,1,naics-238340,0.221,kg CO2e / USD2022,,,,US-national,US-Federal,"{GHG-Protocol,SB-253}",AR5,1,0.0,EPA Supply Chain GHG Emission Factors v1.3.0,https://www.epa.gov/climateleadership/supply-chain-ghg-emission-factors-us-industry-and-commodities,2022,2024-01-01,2024-01-01,,,methodologies/scope-3-cat1-spend-based,2026-04-24
scope3-spend-naics238350-epa-scghg-v130,Scope 3 Cat 1 Spend-Based — NAICS 238350 Finish Carpentry Contractors,scope3-spend,3,1,naics-238350,0.221,kg CO2e / USD2022,,,,US-national,US-Federal,"{GHG-Protocol,SB-253}",AR5,1,0.0,EPA Supply Chain GHG Emission Factors v1.3.0,https://www.epa.gov/climateleadership/supply-chain-ghg-emission-factors-us-industry-and-commodities,2022,2024-01-01,2024-01-01,,,methodologies/scope-3-cat1-spend-based,2026-04-24
scope3-spend-naics238390-epa-scghg-v130,Scope 3 Cat 1 Spend-Based — NAICS 238390 Other Building Finishing Contractors,scope3-spend,3,1,naics-238390,0.221,kg CO2e / USD2022,,,,US-national,US-Federal,"{GHG-Protocol,SB-253}",AR5,1,0.0,EPA Supply Chain GHG Emission Factors v1.3.0,https://www.epa.gov/climateleadership/supply-chain-ghg-emission-factors-us-industry-and-commodities,2022,2024-01-01,2024-01-01,,,methodologies/scope-3-cat1-spend-based,2026-04-24
scope3-spend-naics238910-epa-scghg-v130,Scope 3 Cat 1 Spend-Based — NAICS 238910 Site Preparation Contractors,scope3-spend,3,1,naics-238910,0.221,kg CO2e / USD2022,,,,US-national,US-Federal,"{GHG-Protocol,SB-253}",AR5,1,0.0,EPA Supply Chain GHG Emission Factors v1.3.0,https://www.epa.gov/climateleadership/supply-chain-ghg-emission-factors-us-industry-and-commodities,2022,2024-01-01,2024-01-01,,,methodologies/scope-3-cat1-spend-based,2026-04-24
scope3-spend-naics238990-epa-scghg-v130,Scope 3 Cat 1 Spend-Based — NAICS 238990 All Other Specialty Trade Contractors,scope3-spend,3,1,naics-238990,0.221,kg CO2e / USD2022,,,,US-national,US-Federal,"{GHG-Protocol,SB-253}",AR5,1,0.0,EPA Supply Chain GHG Emission Factors v1.3.0,https://www.epa.gov/climateleadership/supply-chain-ghg-emission-factors-us-industry-and-commodities,2022,2024-01-01,2024-01-01,,,methodologies/scope-3-cat1-spend-based,2026-04-24
scope3-spend-naics311111-epa-scghg-v130,Scope 3 Cat 1 Spend-Based — NAICS 311111 Dog and Cat Food Manufacturing,scope3-spend,3,1,naics-311111,0.333,kg CO2e / USD2022,,,,US-national,US-Federal,"{GHG-Protocol,SB-253}",AR5,1,15.3,EPA Supply Chain GHG Emission Factors v1.3.0,https://www.epa.gov/climateleadership/supply-chain-ghg-emission-factors-us-industry-and-commodities,2022,2024-01-01,2024-01-01,,,methodologies/scope-3-cat1-spend-based,2026-04-24
scope3-spend-naics311119-epa-scghg-v130,Scope 3 Cat 1 Spend-Based — NAICS 311119 Other Animal Food Manufacturing,scope3-spend,3,1,naics-311119,0.459,kg CO2e / USD2022,,,,US-national,US-Federal,"{GHG-Protocol,SB-253}",AR5,1,6.8,EPA Supply Chain GHG Emission Factors v1.3.0,https://www.epa.gov/climateleadership/supply-chain-ghg-emission-factors-us-industry-and-commodities,2022,2024-01-01,2024-01-01,,,methodologies/scope-3-cat1-spend-based,2026-04-24
scope3-spend-naics311211-epa-scghg-v130,Scope 3 Cat 1 Spend-Based — NAICS 311211 Flour Milling,scope3-spend,3,1,naics-311211,0.769,kg CO2e / USD2022,,,,US-national,US-Federal,"{GHG-Protocol,SB-253}",AR5,1,4.8,EPA Supply Chain GHG Emission Factors v1.3.0,https://www.epa.gov/climateleadership/supply-chain-ghg-emission-factors-us-industry-and-commodities,2022,2024-01-01,2024-01-01,,,methodologies/scope-3-cat1-spend-based,2026-04-24
scope3-spend-naics311212-epa-scghg-v130,Scope 3 Cat 1 Spend-Based — NAICS 311212 Rice Milling,scope3-spend,3,1,naics-311212,0.769,kg CO2e / USD2022,,,,US-national,US-Federal,"{GHG-Protocol,SB-253}",AR5,1,4.8,EPA Supply Chain GHG Emission Factors v1.3.0,https://www.epa.gov/climateleadership/supply-chain-ghg-emission-factors-us-industry-and-commodities,2022,2024-01-01,2024-01-01,,,methodologies/scope-3-cat1-spend-based,2026-04-24
scope3-spend-naics311213-epa-scghg-v130,Scope 3 Cat 1 Spend-Based — NAICS 311213 Malt Manufacturing,scope3-spend,3,1,naics-311213,0.769,kg CO2e / USD2022,,,,US-national,US-Federal,"{GHG-Protocol,SB-253}",AR5,1,4.8,EPA Supply Chain GHG Emission Factors v1.3.0,https://www.epa.gov/climateleadership/supply-chain-ghg-emission-factors-us-industry-and-commodities,2022,2024-01-01,2024-01-01,,,methodologies/scope-3-cat1-spend-based,2026-04-24
scope3-spend-naics311221-epa-scghg-v130,Scope 3 Cat 1 Spend-Based — NAICS 311221 Wet Corn Milling,scope3-spend,3,1,naics-311221,0.993,kg CO2e / USD2022,,,,US-national,US-Federal,"{GHG-Protocol,SB-253}",AR5,1,3.7,EPA Supply Chain GHG Emission Factors v1.3.0,https://www.epa.gov/climateleadership/supply-chain-ghg-emission-factors-us-industry-and-commodities,2022,2024-01-01,2024-01-01,,,methodologies/scope-3-cat1-spend-based,2026-04-24
scope3-spend-naics311224-epa-scghg-v130,Scope 3 Cat 1 Spend-Based — NAICS 311224 Soybean and Other Oilseed Processing,scope3-spend,3,1,naics-311224,0.511,kg CO2e / USD2022,,,,US-national,US-Federal,"{GHG-Protocol,SB-253}",AR5,1,5.9,EPA Supply Chain GHG Emission Factors v1.3.0,https://www.epa.gov/climateleadership/supply-chain-ghg-emission-factors-us-industry-and-commodities,2022,2024-01-01,2024-01-01,,,methodologies/scope-3-cat1-spend-based,2026-04-24
scope3-spend-naics311225-epa-scghg-v130,Scope 3 Cat 1 Spend-Based — NAICS 311225 Fats and Oils Refining and Blending,scope3-spend,3,1,naics-311225,0.385,kg CO2e / USD2022,,,,US-national,US-Federal,"{GHG-Protocol,SB-253}",AR5,1,6.5,EPA Supply Chain GHG Emission Factors v1.3.0,https://www.epa.gov/climateleadership/supply-chain-ghg-emission-factors-us-industry-and-commodities,2022,2024-01-01,2024-01-01,,,methodologies/scope-3-cat1-spend-based,2026-04-24
scope3-spend-naics311230-epa-scghg-v130,Scope 3 Cat 1 Spend-Based — NAICS 311230 Breakfast Cereal Manufacturing,scope3-spend,3,1,naics-311230,0.473,kg CO2e / USD2022,,,,US-national,US-Federal,"{GHG-Protocol,SB-253}",AR5,1,10.6,EPA Supply Chain GHG Emission Factors v1.3.0,https://www.epa.gov/climateleadership/supply-chain-ghg-emission-factors-us-industry-and-commodities,2022,2024-01-01,2024-01-01,,,methodologies/scope-3-cat1-spend-based,2026-04-24
scope3-spend-naics311313-epa-scghg-v130,Scope 3 Cat 1 Spend-Based — NAICS 311313 Beet Sugar Manufacturing,scope3-spend,3,1,naics-311313,0.482,kg CO2e / USD2022,,,,US-national,US-Federal,"{GHG-Protocol,SB-253}",AR5,1,8.3,EPA Supply Chain GHG Emission Factors v1.3.0,https://www.epa.gov/climateleadership/supply-chain-ghg-emission-factors-us-industry-and-commodities,2022,2024-01-01,2024-01-01,,,methodologies/scope-3-cat1-spend-based,2026-04-24
scope3-spend-naics311314-epa-scghg-v130,Scope 3 Cat 1 Spend-Based — NAICS 311314 Cane Sugar Manufacturing,scope3-spend,3,1,naics-311314,0.482,kg CO2e / USD2022,,,,US-national,US-Federal,"{GHG-Protocol,SB-253}",AR5,1,8.3,EPA Supply Chain GHG Emission Factors v1.3.0,https://www.epa.gov/climateleadership/supply-chain-ghg-emission-factors-us-industry-and-commodities,2022,2024-01-01,2024-01-01,,,methodologies/scope-3-cat1-spend-based,2026-04-24
scope3-spend-naics311340-epa-scghg-v130,Scope 3 Cat 1 Spend-Based — NAICS 311340 Nonchocolate Confectionery Manufacturing,scope3-spend,3,1,naics-311340,0.482,kg CO2e / USD2022,,,,US-national,US-Federal,"{GHG-Protocol,SB-253}",AR5,1,8.3,EPA Supply Chain GHG Emission Factors v1.3.0,https://www.epa.gov/climateleadership/supply-chain-ghg-emission-factors-us-industry-and-commodities,2022,2024-01-01,2024-01-01,,,methodologies/scope-3-cat1-spend-based,2026-04-24
scope3-spend-naics311351-epa-scghg-v130,Scope 3 Cat 1 Spend-Based — NAICS 311351 Chocolate and Confectionery Manufacturing from Cacao Beans,scope3-spend,3,1,naics-311351,0.482,kg CO2e / USD2022,,,,US-national,US-Federal,"{GHG-Protocol,SB-253}",AR5,1,8.3,EPA Supply Chain GHG Emission Factors v1.3.0,https://www.epa.gov/climateleadership/supply-chain-ghg-emission-factors-us-industry-and-commodities,2022,2024-01-01,2024-01-01,,,methodologies/scope-3-cat1-spend-based,2026-04-24
scope3-spend-naics311352-epa-scghg-v130,Scope 3 Cat 1 Spend-Based — NAICS 311352 Confectionery Manufacturing from Purchased Chocolate,scope3-spend,3,1,naics-311352,0.482,kg CO2e / USD2022,,,,US-national,US-Federal,"{GHG-Protocol,SB-253}",AR5,1,8.3,EPA Supply Chain GHG Emission Factors v1.3.0,https://www.epa.gov/climateleadership/supply-chain-ghg-emission-factors-us-industry-and-commodities,2022,2024-01-01,2024-01-01,,,methodologies/scope-3-cat1-spend-based,2026-04-24
scope3-spend-naics311411-epa-scghg-v130,"Scope 3 Cat 1 Spend-Based — NAICS 311411 Frozen Fruit, Juice, and Vegetable Manufacturing",scope3-spend,3,1,naics-311411,0.485,kg CO2e / USD2022,,,,US-national,US-Federal,"{GHG-Protocol,SB-253}",AR5,1,9.7,EPA Supply Chain GHG Emission Factors v1.3.0,https://www.epa.gov/climateleadership/supply-chain-ghg-emission-factors-us-industry-and-commodities,2022,2024-01-01,2024-01-01,,,methodologies/scope-3-cat1-spend-based,2026-04-24
scope3-spend-naics311412-epa-scghg-v130,Scope 3 Cat 1 Spend-Based — NAICS 311412 Frozen Specialty Food Manufacturing,scope3-spend,3,1,naics-311412,0.485,kg CO2e / USD2022,,,,US-national,US-Federal,"{GHG-Protocol,SB-253}",AR5,1,9.7,EPA Supply Chain GHG Emission Factors v1.3.0,https://www.epa.gov/climateleadership/supply-chain-ghg-emission-factors-us-industry-and-commodities,2022,2024-01-01,2024-01-01,,,methodologies/scope-3-cat1-spend-based,2026-04-24
scope3-spend-naics311421-epa-scghg-v130,Scope 3 Cat 1 Spend-Based — NAICS 311421 Fruit and Vegetable Canning,scope3-spend,3,1,naics-311421,0.381,kg CO2e / USD2022,,,,US-national,US-Federal,"{GHG-Protocol,SB-253}",AR5,1,10.0,EPA Supply Chain GHG Emission Factors v1.3.0,https://www.epa.gov/climateleadership/supply-chain-ghg-emission-factors-us-industry-and-commodities,2022,2024-01-01,2024-01-01,,,methodologies/scope-3-cat1-spend-based,2026-04-24
scope3-spend-naics311422-epa-scghg-v130,Scope 3 Cat 1 Spend-Based — NAICS 311422 Specialty Canning,scope3-spend,3,1,naics-311422,0.381,kg CO2e / USD2022,,,,US-national,US-Federal,"{GHG-Protocol,SB-253}",AR5,1,10.0,EPA Supply Chain GHG Emission Factors v1.3.0,https://www.epa.gov/climateleadership/supply-chain-ghg-emission-factors-us-industry-and-commodities,2022,2024-01-01,2024-01-01,,,methodologies/scope-3-cat1-spend-based,2026-04-24
scope3-spend-naics311423-epa-scghg-v130,Scope 3 Cat 1 Spend-Based — NAICS 311423 Dried and Dehydrated Food Manufacturing,scope3-spend,3,1,naics-311423,0.381,kg CO2e / USD2022,,,,US-national,US-Federal,"{GHG-Protocol,SB-253}",AR5,1,10.0,EPA Supply Chain GHG Emission Factors v1.3.0,https://www.epa.gov/climateleadership/supply-chain-ghg-emission-factors-us-industry-and-commodities,2022,2024-01-01,2024-01-01,,,methodologies/scope-3-cat1-spend-based,2026-04-24
scope3-spend-naics311511-epa-scghg-v130,Scope 3 Cat 1 Spend-Based — NAICS 311511 Fluid Milk Manufacturing,scope3-spend,3,1,naics-311511,0.803,kg CO2e / USD2022,,,,US-national,US-Federal,"{GHG-Protocol,SB-253}",AR5,1,4.6,EPA Supply Chain GHG Emission Factors v1.3.0,https://www.epa.gov/climateleadership/supply-chain-ghg-emission-factors-us-industry-and-commodities,2022,2024-01-01,2024-01-01,,,methodologies/scope-3-cat1-spend-based,2026-04-24
scope3-spend-naics311512-epa-scghg-v130,Scope 3 Cat 1 Spend-Based — NAICS 311512 Creamery Butter Manufacturing,scope3-spend,3,1,naics-311512,0.803,kg CO2e / USD2022,,,,US-national,US-Federal,"{GHG-Protocol,SB-253}",AR5,1,4.6,EPA Supply Chain GHG Emission Factors v1.3.0,https://www.epa.gov/climateleadership/supply-chain-ghg-emission-factors-us-industry-and-commodities,2022,2024-01-01,2024-01-01,,,methodologies/scope-3-cat1-spend-based,2026-04-24
scope3-spend-naics311513-epa-scghg-v130,Scope 3 Cat 1 Spend-Based — NAICS 311513 Cheese Manufacturing,scope3-spend,3,1,naics-311513,0.969,kg CO2e / USD2022,,,,US-national,US-Federal,"{GHG-Protocol,SB-253}",AR5,1,3.5,EPA Supply Chain GHG Emission Factors v1.3.0,https://www.epa.gov/climateleadership/supply-chain-ghg-emission-factors-us-industry-and-commodities,2022,2024-01-01,2024-01-01,,,methodologies/scope-3-cat1-spend-based,2026-04-24
scope3-spend-naics311514-epa-scghg-v130,"Scope 3 Cat 1 Spend-Based — NAICS 311514 Dry, Condensed, and Evaporated Dairy Product Manufacturing",scope3-spend,3,1,naics-311514,0.642,kg CO2e / USD2022,,,,US-national,US-Federal,"{GHG-Protocol,SB-253}",AR5,1,5.8,EPA Supply Chain GHG Emission Factors v1.3.0,https://www.epa.gov/climateleadership/supply-chain-ghg-emission-factors-us-industry-and-commodities,2022,2024-01-01,2024-01-01,,,methodologies/scope-3-cat1-spend-based,2026-04-24
scope3-spend-naics311520-epa-scghg-v130,Scope 3 Cat 1 Spend-Based — NAICS 311520 Ice Cream and Frozen Dessert Manufacturing,scope3-spend,3,1,naics-311520,0.58,kg CO2e / USD2022,,,,US-national,US-Federal,"{GHG-Protocol,SB-253}",AR5,1,5.2,EPA Supply Chain GHG Emission Factors v1.3.0,https://www.epa.gov/climateleadership/supply-chain-ghg-emission-factors-us-industry-and-commodities,2022,2024-01-01,2024-01-01,,,methodologies/scope-3-cat1-spend-based,2026-04-24
scope3-spend-naics311611-epa-scghg-v130,Scope 3 Cat 1 Spend-Based — NAICS 311611 Animal (except Poultry) Slaughtering,scope3-spend,3,1,naics-311611,1.12,kg CO2e / USD2022,,,,US-national,US-Federal,"{GHG-Protocol,SB-253}",AR5,1,2.9,EPA Supply Chain GHG Emission Factors v1.3.0,https://www.epa.gov/climateleadership/supply-chain-ghg-emission-factors-us-industry-and-commodities,2022,2024-01-01,2024-01-01,,,methodologies/scope-3-cat1-spend-based,2026-04-24
scope3-spend-naics311612-epa-scghg-v130,Scope 3 Cat 1 Spend-Based — NAICS 311612 Meat Processed from Carcasses,scope3-spend,3,1,naics-311612,1.12,kg CO2e / USD2022,,,,US-national,US-Federal,"{GHG-Protocol,SB-253}",AR5,1,2.9,EPA Supply Chain GHG Emission Factors v1.3.0,https://www.epa.gov/climateleadership/supply-chain-ghg-emission-factors-us-industry-and-commodities,2022,2024-01-01,2024-01-01,,,methodologies/scope-3-cat1-spend-based,2026-04-24
scope3-spend-naics311613-epa-scghg-v130,Scope 3 Cat 1 Spend-Based — NAICS 311613 Rendering and Meat Byproduct Processing,scope3-spend,3,1,naics-311613,1.12,kg CO2e / USD2022,,,,US-national,US-Federal,"{GHG-Protocol,SB-253}",AR5,1,2.9,EPA Supply Chain GHG Emission Factors v1.3.0,https://www.epa.gov/climateleadership/supply-chain-ghg-emission-factors-us-industry-and-commodities,2022,2024-01-01,2024-01-01,,,methodologies/scope-3-cat1-spend-based,2026-04-24
scope3-spend-naics311615-epa-scghg-v130,Scope 3 Cat 1 Spend-Based — NAICS 311615 Poultry Processing,scope3-spend,3,1,naics-311615,0.391,kg CO2e / USD2022,,,,US-national,US-Federal,"{GHG-Protocol,SB-253}",AR5,1,7.9,EPA Supply Chain GHG Emission Factors v1.3.0,https://www.epa.gov/climateleadership/supply-chain-ghg-emission-factors-us-industry-and-commodities,2022,2024-01-01,2024-01-01,,,methodologies/scope-3-cat1-spend-based,2026-04-24
scope3-spend-naics311710-epa-scghg-v130,Scope 3 Cat 1 Spend-Based — NAICS 311710 Seafood Product Preparation and Packaging,scope3-spend,3,1,naics-311710,0.266,kg CO2e / USD2022,,,,US-national,US-Federal,"{GHG-Protocol,SB-253}",AR5,1,10.2,EPA Supply Chain GHG Emission Factors v1.3.0,https://www.epa.gov/climateleadership/supply-chain-ghg-emission-factors-us-industry-and-commodities,2022,2024-01-01,2024-01-01,,,methodologies/scope-3-cat1-spend-based,2026-04-24
scope3-spend-naics311811-epa-scghg-v130,Scope 3 Cat 1 Spend-Based — NAICS 311811 Retail Bakeries,scope3-spend,3,1,naics-311811,0.253,kg CO2e / USD2022,,,,US-national,US-Federal,"{GHG-Protocol,SB-253}",AR5,1,15.8,EPA Supply Chain GHG Emission Factors v1.3.0,https://www.epa.gov/climateleadership/supply-chain-ghg-emission-factors-us-industry-and-commodities,2022,2024-01-01,2024-01-01,,,methodologies/scope-3-cat1-spend-based,2026-04-24
scope3-spend-naics311812-epa-scghg-v130,Scope 3 Cat 1 Spend-Based — NAICS 311812 Commercial Bakeries,scope3-spend,3,1,naics-311812,0.253,kg CO2e / USD2022,,,,US-national,US-Federal,"{GHG-Protocol,SB-253}",AR5,1,15.8,EPA Supply Chain GHG Emission Factors v1.3.0,https://www.epa.gov/climateleadership/supply-chain-ghg-emission-factors-us-industry-and-commodities,2022,2024-01-01,2024-01-01,,,methodologies/scope-3-cat1-spend-based,2026-04-24
scope3-spend-naics311813-epa-scghg-v130,"Scope 3 Cat 1 Spend-Based — NAICS 311813 Frozen Cakes, Pies, and Other Pastries Manufacturing",scope3-spend,3,1,naics-311813,0.253,kg CO2e / USD2022,,,,US-national,US-Federal,"{GHG-Protocol,SB-253}",AR5,1,15.8,EPA Supply Chain GHG Emission Factors v1.3.0,https://www.epa.gov/climateleadership/supply-chain-ghg-emission-factors-us-industry-and-commodities,2022,2024-01-01,2024-01-01,,,methodologies/scope-3-cat1-spend-based,2026-04-24
scope3-spend-naics311821-epa-scghg-v130,Scope 3 Cat 1 Spend-Based — NAICS 311821 Cookie and Cracker Manufacturing,scope3-spend,3,1,naics-311821,0.356,kg CO2e / USD2022,,,,US-national,US-Federal,"{GHG-Protocol,SB-253}",AR5,1,13.2,EPA Supply Chain GHG Emission Factors v1.3.0,https://www.epa.gov/climateleadership/supply-chain-ghg-emission-factors-us-industry-and-commodities,2022,2024-01-01,2024-01-01,,,methodologies/scope-3-cat1-spend-based,2026-04-24
scope3-spend-naics311824-epa-scghg-v130,"Scope 3 Cat 1 Spend-Based — NAICS 311824 Dry Pasta, Dough, and Flour Mixes Manufacturing from Purchased Flour",scope3-spend,3,1,naics-311824,0.356,kg CO2e / USD2022,,,,US-national,US-Federal,"{GHG-Protocol,SB-253}",AR5,1,13.2,EPA Supply Chain GHG Emission Factors v1.3.0,https://www.epa.gov/climateleadership/supply-chain-ghg-emission-factors-us-industry-and-commodities,2022,2024-01-01,2024-01-01,,,methodologies/scope-3-cat1-spend-based,2026-04-24
scope3-spend-naics311830-epa-scghg-v130,Scope 3 Cat 1 Spend-Based — NAICS 311830 Tortilla Manufacturing,scope3-spend,3,1,naics-311830,0.356,kg CO2e / USD2022,,,,US-national,US-Federal,"{GHG-Protocol,SB-253}",AR5,1,13.2,EPA Supply Chain GHG Emission Factors v1.3.0,https://www.epa.gov/climateleadership/supply-chain-ghg-emission-factors-us-industry-and-commodities,2022,2024-01-01,2024-01-01,,,methodologies/scope-3-cat1-spend-based,2026-04-24
scope3-spend-naics311911-epa-scghg-v130,Scope 3 Cat 1 Spend-Based — NAICS 311911 Roasted Nuts and Peanut Butter Manufacturing,scope3-spend,3,1,naics-311911,0.372,kg CO2e / USD2022,,,,US-national,US-Federal,"{GHG-Protocol,SB-253}",AR5,1,11.8,EPA Supply Chain GHG Emission Factors v1.3.0,https://www.epa.gov/climateleadership/supply-chain-ghg-emission-factors-us-industry-and-commodities,2022,2024-01-01,2024-01-01,,,methodologies/scope-3-cat1-spend-based,2026-04-24
scope3-spend-naics311919-epa-scghg-v130,Scope 3 Cat 1 Spend-Based — NAICS 311919 Other Snack Food Manufacturing,scope3-spend,3,1,naics-311919,0.372,kg CO2e / USD2022,,,,US-national,US-Federal,"{GHG-Protocol,SB-253}",AR5,1,11.8,EPA Supply Chain GHG Emission Factors v1.3.0,https://www.epa.gov/climateleadership/supply-chain-ghg-emission-factors-us-industry-and-commodities,2022,2024-01-01,2024-01-01,,,methodologies/scope-3-cat1-spend-based,2026-04-24
scope3-spend-naics311920-epa-scghg-v130,Scope 3 Cat 1 Spend-Based — NAICS 311920 Coffee and Tea Manufacturing,scope3-spend,3,1,naics-311920,0.353,kg CO2e / USD2022,,,,US-national,US-Federal,"{GHG-Protocol,SB-253}",AR5,1,11.3,EPA Supply Chain GHG Emission Factors v1.3.0,https://www.epa.gov/climateleadership/supply-chain-ghg-emission-factors-us-industry-and-commodities,2022,2024-01-01,2024-01-01,,,methodologies/scope-3-cat1-spend-based,2026-04-24
scope3-spend-naics311930-epa-scghg-v130,Scope 3 Cat 1 Spend-Based — NAICS 311930 Flavoring Syrup and Concentrate Manufacturing,scope3-spend,3,1,naics-311930,0.216,kg CO2e / USD2022,,,,US-national,US-Federal,"{GHG-Protocol,SB-253}",AR5,1,9.7,EPA Supply Chain GHG Emission Factors v1.3.0,https://www.epa.gov/climateleadership/supply-chain-ghg-emission-factors-us-industry-and-commodities,2022,2024-01-01,2024-01-01,,,methodologies/scope-3-cat1-spend-based,2026-04-24
scope3-spend-naics311941-epa-scghg-v130,"Scope 3 Cat 1 Spend-Based — NAICS 311941 Mayonnaise, Dressing, and Other Prepared Sauce Manufacturing",scope3-spend,3,1,naics-311941,0.344,kg CO2e / USD2022,,,,US-national,US-Federal,"{GHG-Protocol,SB-253}",AR5,1,11.6,EPA Supply Chain GHG Emission Factors v1.3.0,https://www.epa.gov/climateleadership/supply-chain-ghg-emission-factors-us-industry-and-commodities,2022,2024-01-01,2024-01-01,,,methodologies/scope-3-cat1-spend-based,2026-04-24
scope3-spend-naics311942-epa-scghg-v130,Scope 3 Cat 1 Spend-Based — NAICS 311942 Spice and Extract Manufacturing,scope3-spend,3,1,naics-311942,0.344,kg CO2e / USD2022,,,,US-national,US-Federal,"{GHG-Protocol,SB-253}",AR5,1,11.6,EPA Supply Chain GHG Emission Factors v1.3.0,https://www.epa.gov/climateleadership/supply-chain-ghg-emission-factors-us-industry-and-commodities,2022,2024-01-01,2024-01-01,,,methodologies/scope-3-cat1-spend-based,2026-04-24
scope3-spend-naics311991-epa-scghg-v130,Scope 3 Cat 1 Spend-Based — NAICS 311991 Perishable Prepared Food Manufacturing,scope3-spend,3,1,naics-311991,0.401,kg CO2e / USD2022,,,,US-national,US-Federal,"{GHG-Protocol,SB-253}",AR5,1,10.5,EPA Supply Chain GHG Emission Factors v1.3.0,https://www.epa.gov/climateleadership/supply-chain-ghg-emission-factors-us-industry-and-commodities,2022,2024-01-01,2024-01-01,,,methodologies/scope-3-cat1-spend-based,2026-04-24
scope3-spend-naics311999-epa-scghg-v130,Scope 3 Cat 1 Spend-Based — NAICS 311999 All Other Miscellaneous Food Manufacturing,scope3-spend,3,1,naics-311999,0.401,kg CO2e / USD2022,,,,US-national,US-Federal,"{GHG-Protocol,SB-253}",AR5,1,10.5,EPA Supply Chain GHG Emission Factors v1.3.0,https://www.epa.gov/climateleadership/supply-chain-ghg-emission-factors-us-industry-and-commodities,2022,2024-01-01,2024-01-01,,,methodologies/scope-3-cat1-spend-based,2026-04-24
scope3-spend-naics312111-epa-scghg-v130,Scope 3 Cat 1 Spend-Based — NAICS 312111 Soft Drink Manufacturing,scope3-spend,3,1,naics-312111,0.214,kg CO2e / USD2022,,,,US-national,US-Federal,"{GHG-Protocol,SB-253}",AR5,1,19.6,EPA Supply Chain GHG Emission Factors v1.3.0,https://www.epa.gov/climateleadership/supply-chain-ghg-emission-factors-us-industry-and-commodities,2022,2024-01-01,2024-01-01,,,methodologies/scope-3-cat1-spend-based,2026-04-24
scope3-spend-naics312112-epa-scghg-v130,Scope 3 Cat 1 Spend-Based — NAICS 312112 Bottled Water Manufacturing,scope3-spend,3,1,naics-312112,0.214,kg CO2e / USD2022,,,,US-national,US-Federal,"{GHG-Protocol,SB-253}",AR5,1,19.6,EPA Supply Chain GHG Emission Factors v1.3.0,https://www.epa.gov/climateleadership/supply-chain-ghg-emission-factors-us-industry-and-commodities,2022,2024-01-01,2024-01-01,,,methodologies/scope-3-cat1-spend-based,2026-04-24
scope3-spend-naics312113-epa-scghg-v130,Scope 3 Cat 1 Spend-Based — NAICS 312113 Ice Manufacturing,scope3-spend,3,1,naics-312113,0.214,kg CO2e / USD2022,,,,US-national,US-Federal,"{GHG-Protocol,SB-253}",AR5,1,19.6,EPA Supply Chain GHG Emission Factors v1.3.0,https://www.epa.gov/climateleadership/supply-chain-ghg-emission-factors-us-industry-and-commodities,2022,2024-01-01,2024-01-01,,,methodologies/scope-3-cat1-spend-based,2026-04-24
scope3-spend-naics312120-epa-scghg-v130,Scope 3 Cat 1 Spend-Based — NAICS 312120 Breweries,scope3-spend,3,1,naics-312120,0.274,kg CO2e / USD2022,,,,US-national,US-Federal,"{GHG-Protocol,SB-253}",AR5,1,24.1,EPA Supply Chain GHG Emission Factors v1.3.0,https://www.epa.gov/climateleadership/supply-chain-ghg-emission-factors-us-industry-and-commodities,2022,2024-01-01,2024-01-01,,,methodologies/scope-3-cat1-spend-based,2026-04-24
scope3-spend-naics312130-epa-scghg-v130,Scope 3 Cat 1 Spend-Based — NAICS 312130 Wineries,scope3-spend,3,1,naics-312130,0.182,kg CO2e / USD2022,,,,US-national,US-Federal,"{GHG-Protocol,SB-253}",AR5,1,32.4,EPA Supply Chain GHG Emission Factors v1.3.0,https://www.epa.gov/climateleadership/supply-chain-ghg-emission-factors-us-industry-and-commodities,2022,2024-01-01,2024-01-01,,,methodologies/scope-3-cat1-spend-based,2026-04-24
scope3-spend-naics312140-epa-scghg-v130,Scope 3 Cat 1 Spend-Based — NAICS 312140 Distilleries,scope3-spend,3,1,naics-312140,0.305,kg CO2e / USD2022,,,,US-national,US-Federal,"{GHG-Protocol,SB-253}",AR5,1,20.3,EPA Supply Chain GHG Emission Factors v1.3.0,https://www.epa.gov/climateleadership/supply-chain-ghg-emission-factors-us-industry-and-commodities,2022,2024-01-01,2024-01-01,,,methodologies/scope-3-cat1-spend-based,2026-04-24
scope3-spend-naics312230-epa-scghg-v130,Scope 3 Cat 1 Spend-Based — NAICS 312230 Tobacco Manufacturing,scope3-spend,3,1,naics-312230,0.101,kg CO2e / USD2022,,,,US-national,US-Federal,"{GHG-Protocol,SB-253}",AR5,1,45.5,EPA Supply Chain GHG Emission Factors v1.3.0,https://www.epa.gov/climateleadership/supply-chain-ghg-emission-factors-us-industry-and-commodities,2022,2024-01-01,2024-01-01,,,methodologies/scope-3-cat1-spend-based,2026-04-24
scope3-spend-naics313110-epa-scghg-v130,"Scope 3 Cat 1 Spend-Based — NAICS 313110 Fiber, Yarn, and Thread Mills",scope3-spend,3,1,naics-313110,0.659,kg CO2e / USD2022,,,,US-national,US-Federal,"{GHG-Protocol,SB-253}",AR5,1,3.5,EPA Supply Chain GHG Emission Factors v1.3.0,https://www.epa.gov/climateleadership/supply-chain-ghg-emission-factors-us-industry-and-commodities,2022,2024-01-01,2024-01-01,,,methodologies/scope-3-cat1-spend-based,2026-04-24
scope3-spend-naics313210-epa-scghg-v130,Scope 3 Cat 1 Spend-Based — NAICS 313210 Broadwoven Fabric Mills,scope3-spend,3,1,naics-313210,0.507,kg CO2e / USD2022,,,,US-national,US-Federal,"{GHG-Protocol,SB-253}",AR5,1,5.3,EPA Supply Chain GHG Emission Factors v1.3.0,https://www.epa.gov/climateleadership/supply-chain-ghg-emission-factors-us-industry-and-commodities,2022,2024-01-01,2024-01-01,,,methodologies/scope-3-cat1-spend-based,2026-04-24
scope3-spend-naics313220-epa-scghg-v130,Scope 3 Cat 1 Spend-Based — NAICS 313220 Narrow Fabric Mills and Schiffli Machine Embroidery,scope3-spend,3,1,naics-313220,0.507,kg CO2e / USD2022,,,,US-national,US-Federal,"{GHG-Protocol,SB-253}",AR5,1,5.3,EPA Supply Chain GHG Emission Factors v1.3.0,https://www.epa.gov/climateleadership/supply-chain-ghg-emission-factors-us-industry-and-commodities,2022,2024-01-01,2024-01-01,,,methodologies/scope-3-cat1-spend-based,2026-04-24
scope3-spend-naics313230-epa-scghg-v130,Scope 3 Cat 1 Spend-Based — NAICS 313230 Nonwoven Fabric Mills,scope3-spend,3,1,naics-313230,0.507,kg CO2e / USD2022,,,,US-national,US-Federal,"{GHG-Protocol,SB-253}",AR5,1,5.3,EPA Supply Chain GHG Emission Factors v1.3.0,https://www.epa.gov/climateleadership/supply-chain-ghg-emission-factors-us-industry-and-commodities,2022,2024-01-01,2024-01-01,,,methodologies/scope-3-cat1-spend-based,2026-04-24
scope3-spend-naics313240-epa-scghg-v130,Scope 3 Cat 1 Spend-Based — NAICS 313240 Knit Fabric Mills,scope3-spend,3,1,naics-313240,0.507,kg CO2e / USD2022,,,,US-national,US-Federal,"{GHG-Protocol,SB-253}",AR5,1,5.3,EPA Supply Chain GHG Emission Factors v1.3.0,https://www.epa.gov/climateleadership/supply-chain-ghg-emission-factors-us-industry-and-commodities,2022,2024-01-01,2024-01-01,,,methodologies/scope-3-cat1-spend-based,2026-04-24
scope3-spend-naics313310-epa-scghg-v130,Scope 3 Cat 1 Spend-Based — NAICS 313310 Textile and Fabric Finishing Mills,scope3-spend,3,1,naics-313310,0.396,kg CO2e / USD2022,,,,US-national,US-Federal,"{GHG-Protocol,SB-253}",AR5,1,6.6,EPA Supply Chain GHG Emission Factors v1.3.0,https://www.epa.gov/climateleadership/supply-chain-ghg-emission-factors-us-industry-and-commodities,2022,2024-01-01,2024-01-01,,,methodologies/scope-3-cat1-spend-based,2026-04-24
scope3-spend-naics313320-epa-scghg-v130,Scope 3 Cat 1 Spend-Based — NAICS 313320 Fabric Coating Mills,scope3-spend,3,1,naics-313320,0.396,kg CO2e / USD2022,,,,US-national,US-Federal,"{GHG-Protocol,SB-253}",AR5,1,6.6,EPA Supply Chain GHG Emission Factors v1.3.0,https://www.epa.gov/climateleadership/supply-chain-ghg-emission-factors-us-industry-and-commodities,2022,2024-01-01,2024-01-01,,,methodologies/scope-3-cat1-spend-based,2026-04-24
scope3-spend-naics314110-epa-scghg-v130,Scope 3 Cat 1 Spend-Based — NAICS 314110 Carpet and Rug Mills,scope3-spend,3,1,naics-314110,0.292,kg CO2e / USD2022,,,,US-national,US-Federal,"{GHG-Protocol,SB-253}",AR5,1,23.3,EPA Supply Chain GHG Emission Factors v1.3.0,https://www.epa.gov/climateleadership/supply-chain-ghg-emission-factors-us-industry-and-commodities,2022,2024-01-01,2024-01-01,,,methodologies/scope-3-cat1-spend-based,2026-04-24
scope3-spend-naics314120-epa-scghg-v130,Scope 3 Cat 1 Spend-Based — NAICS 314120 Curtain and Linen Mills,scope3-spend,3,1,naics-314120,0.267,kg CO2e / USD2022,,,,US-national,US-Federal,"{GHG-Protocol,SB-253}",AR5,1,22.8,EPA Supply Chain GHG Emission Factors v1.3.0,https://www.epa.gov/climateleadership/supply-chain-ghg-emission-factors-us-industry-and-commodities,2022,2024-01-01,2024-01-01,,,methodologies/scope-3-cat1-spend-based,2026-04-24
scope3-spend-naics314910-epa-scghg-v130,Scope 3 Cat 1 Spend-Based — NAICS 314910 Textile Bag and Canvas Mills,scope3-spend,3,1,naics-314910,0.243,kg CO2e / USD2022,,,,US-national,US-Federal,"{GHG-Protocol,SB-253}",AR5,1,18.9,EPA Supply Chain GHG Emission Factors v1.3.0,https://www.epa.gov/climateleadership/supply-chain-ghg-emission-factors-us-industry-and-commodities,2022,2024-01-01,2024-01-01,,,methodologies/scope-3-cat1-spend-based,2026-04-24
scope3-spend-naics314994-epa-scghg-v130,"Scope 3 Cat 1 Spend-Based — NAICS 314994 Rope, Cordage, Twine, Tire Cord, and Tire Fabric Mills",scope3-spend,3,1,naics-314994,0.243,kg CO2e / USD2022,,,,US-national,US-Federal,"{GHG-Protocol,SB-253}",AR5,1,18.9,EPA Supply Chain GHG Emission Factors v1.3.0,https://www.epa.gov/climateleadership/supply-chain-ghg-emission-factors-us-industry-and-commodities,2022,2024-01-01,2024-01-01,,,methodologies/scope-3-cat1-spend-based,2026-04-24
scope3-spend-naics314999-epa-scghg-v130,Scope 3 Cat 1 Spend-Based — NAICS 314999 All Other Miscellaneous Textile Product Mills,scope3-spend,3,1,naics-314999,0.243,kg CO2e / USD2022,,,,US-national,US-Federal,"{GHG-Protocol,SB-253}",AR5,1,18.9,EPA Supply Chain GHG Emission Factors v1.3.0,https://www.epa.gov/climateleadership/supply-chain-ghg-emission-factors-us-industry-and-commodities,2022,2024-01-01,2024-01-01,,,methodologies/scope-3-cat1-spend-based,2026-04-24
scope3-spend-naics315110-epa-scghg-v130,Scope 3 Cat 1 Spend-Based — NAICS 315110 Hosiery and Sock Mills,scope3-spend,3,1,naics-315110,0.12,kg CO2e / USD2022,,,,US-national,US-Federal,"{GHG-Protocol,SB-253}",AR5,1,50.0,EPA Supply Chain GHG Emission Factors v1.3.0,https://www.epa.gov/climateleadership/supply-chain-ghg-emission-factors-us-industry-and-commodities,2022,2024-01-01,2024-01-01,,,methodologies/scope-3-cat1-spend-based,2026-04-24
scope3-spend-naics315190-epa-scghg-v130,Scope 3 Cat 1 Spend-Based — NAICS 315190 Other Apparel Knitting Mills,scope3-spend,3,1,naics-315190,0.12,kg CO2e / USD2022,,,,US-national,US-Federal,"{GHG-Protocol,SB-253}",AR5,1,50.0,EPA Supply Chain GHG Emission Factors v1.3.0,https://www.epa.gov/climateleadership/supply-chain-ghg-emission-factors-us-industry-and-commodities,2022,2024-01-01,2024-01-01,,,methodologies/scope-3-cat1-spend-based,2026-04-24
scope3-spend-naics315210-epa-scghg-v130,Scope 3 Cat 1 Spend-Based — NAICS 315210 Cut and Sew Apparel Contractors,scope3-spend,3,1,naics-315210,0.12,kg CO2e / USD2022,,,,US-national,US-Federal,"{GHG-Protocol,SB-253}",AR5,1,50.0,EPA Supply Chain GHG Emission Factors v1.3.0,https://www.epa.gov/climateleadership/supply-chain-ghg-emission-factors-us-industry-and-commodities,2022,2024-01-01,2024-01-01,,,methodologies/scope-3-cat1-spend-based,2026-04-24
scope3-spend-naics315220-epa-scghg-v130,Scope 3 Cat 1 Spend-Based — NAICS 315220 Men's and Boys' Cut and Sew Apparel Manufacturing,scope3-spend,3,1,naics-315220,0.12,kg CO2e / USD2022,,,,US-national,US-Federal,"{GHG-Protocol,SB-253}",AR5,1,50.0,EPA Supply Chain GHG Emission Factors v1.3.0,https://www.epa.gov/climateleadership/supply-chain-ghg-emission-factors-us-industry-and-commodities,2022,2024-01-01,2024-01-01,,,methodologies/scope-3-cat1-spend-based,2026-04-24
scope3-spend-naics315240-epa-scghg-v130,"Scope 3 Cat 1 Spend-Based — NAICS 315240 Women's, Girls', and Infants' Cut and Sew Apparel Manufacturing",scope3-spend,3,1,naics-315240,0.12,kg CO2e / USD2022,,,,US-national,US-Federal,"{GHG-Protocol,SB-253}",AR5,1,50.0,EPA Supply Chain GHG Emission Factors v1.3.0,https://www.epa.gov/climateleadership/supply-chain-ghg-emission-factors-us-industry-and-commodities,2022,2024-01-01,2024-01-01,,,methodologies/scope-3-cat1-spend-based,2026-04-24
scope3-spend-naics315280-epa-scghg-v130,Scope 3 Cat 1 Spend-Based — NAICS 315280 Other Cut and Sew Apparel Manufacturing,scope3-spend,3,1,naics-315280,0.12,kg CO2e / USD2022,,,,US-national,US-Federal,"{GHG-Protocol,SB-253}",AR5,1,50.0,EPA Supply Chain GHG Emission Factors v1.3.0,https://www.epa.gov/climateleadership/supply-chain-ghg-emission-factors-us-industry-and-commodities,2022,2024-01-01,2024-01-01,,,methodologies/scope-3-cat1-spend-based,2026-04-24
scope3-spend-naics315990-epa-scghg-v130,Scope 3 Cat 1 Spend-Based — NAICS 315990 Apparel Accessories and Other Apparel Manufacturing,scope3-spend,3,1,naics-315990,0.12,kg CO2e / USD2022,,,,US-national,US-Federal,"{GHG-Protocol,SB-253}",AR5,1,50.0,EPA Supply Chain GHG Emission Factors v1.3.0,https://www.epa.gov/climateleadership/supply-chain-ghg-emission-factors-us-industry-and-commodities,2022,2024-01-01,2024-01-01,,,methodologies/scope-3-cat1-spend-based,2026-04-24
scope3-spend-naics316110-epa-scghg-v130,Scope 3 Cat 1 Spend-Based — NAICS 316110 Leather and Hide Tanning and Finishing,scope3-spend,3,1,naics-316110,0.282,kg CO2e / USD2022,,,,US-national,US-Federal,"{GHG-Protocol,SB-253}",AR5,1,21.3,EPA Supply Chain GHG Emission Factors v1.3.0,https://www.epa.gov/climateleadership/supply-chain-ghg-emission-factors-us-industry-and-commodities,2022,2024-01-01,2024-01-01,,,methodologies/scope-3-cat1-spend-based,2026-04-24
scope3-spend-naics316210-epa-scghg-v130,Scope 3 Cat 1 Spend-Based — NAICS 316210 Footwear Manufacturing,scope3-spend,3,1,naics-316210,0.282,kg CO2e / USD2022,,,,US-national,US-Federal,"{GHG-Protocol,SB-253}",AR5,1,21.3,EPA Supply Chain GHG Emission Factors v1.3.0,https://www.epa.gov/climateleadership/supply-chain-ghg-emission-factors-us-industry-and-commodities,2022,2024-01-01,2024-01-01,,,methodologies/scope-3-cat1-spend-based,2026-04-24
scope3-spend-naics316992-epa-scghg-v130,Scope 3 Cat 1 Spend-Based — NAICS 316992 Women's Handbag and Purse Manufacturing,scope3-spend,3,1,naics-316992,0.282,kg CO2e / USD2022,,,,US-national,US-Federal,"{GHG-Protocol,SB-253}",AR5,1,21.3,EPA Supply Chain GHG Emission Factors v1.3.0,https://www.epa.gov/climateleadership/supply-chain-ghg-emission-factors-us-industry-and-commodities,2022,2024-01-01,2024-01-01,,,methodologies/scope-3-cat1-spend-based,2026-04-24
scope3-spend-naics316998-epa-scghg-v130,Scope 3 Cat 1 Spend-Based — NAICS 316998 All Other Leather Good and Allied Product Manufacturing,scope3-spend,3,1,naics-316998,0.282,kg CO2e / USD2022,,,,US-national,US-Federal,"{GHG-Protocol,SB-253}",AR5,1,21.3,EPA Supply Chain GHG Emission Factors v1.3.0,https://www.epa.gov/climateleadership/supply-chain-ghg-emission-factors-us-industry-and-commodities,2022,2024-01-01,2024-01-01,,,methodologies/scope-3-cat1-spend-based,2026-04-24
scope3-spend-naics321113-epa-scghg-v130,Scope 3 Cat 1 Spend-Based — NAICS 321113 Sawmills,scope3-spend,3,1,naics-321113,0.264,kg CO2e / USD2022,,,,US-national,US-Federal,"{GHG-Protocol,SB-253}",AR5,1,14.0,EPA Supply Chain GHG Emission Factors v1.3.0,https://www.epa.gov/climateleadership/supply-chain-ghg-emission-factors-us-industry-and-commodities,2022,2024-01-01,2024-01-01,,,methodologies/scope-3-cat1-spend-based,2026-04-24
scope3-spend-naics321114-epa-scghg-v130,Scope 3 Cat 1 Spend-Based — NAICS 321114 Wood Preservation,scope3-spend,3,1,naics-321114,0.264,kg CO2e / USD2022,,,,US-national,US-Federal,"{GHG-Protocol,SB-253}",AR5,1,14.0,EPA Supply Chain GHG Emission Factors v1.3.0,https://www.epa.gov/climateleadership/supply-chain-ghg-emission-factors-us-industry-and-commodities,2022,2024-01-01,2024-01-01,,,methodologies/scope-3-cat1-spend-based,2026-04-24
scope3-spend-naics321211-epa-scghg-v130,Scope 3 Cat 1 Spend-Based — NAICS 321211 Hardwood Veneer and Plywood Manufacturing,scope3-spend,3,1,naics-321211,0.208,kg CO2e / USD2022,,,,US-national,US-Federal,"{GHG-Protocol,SB-253}",AR5,1,10.1,EPA Supply Chain GHG Emission Factors v1.3.0,https://www.epa.gov/climateleadership/supply-chain-ghg-emission-factors-us-industry-and-commodities,2022,2024-01-01,2024-01-01,,,methodologies/scope-3-cat1-spend-based,2026-04-24
scope3-spend-naics321212-epa-scghg-v130,Scope 3 Cat 1 Spend-Based — NAICS 321212 Softwood Veneer and Plywood Manufacturing,scope3-spend,3,1,naics-321212,0.208,kg CO2e / USD2022,,,,US-national,US-Federal,"{GHG-Protocol,SB-253}",AR5,1,10.1,EPA Supply Chain GHG Emission Factors v1.3.0,https://www.epa.gov/climateleadership/supply-chain-ghg-emission-factors-us-industry-and-commodities,2022,2024-01-01,2024-01-01,,,methodologies/scope-3-cat1-spend-based,2026-04-24
scope3-spend-naics321213-epa-scghg-v130,Scope 3 Cat 1 Spend-Based — NAICS 321213 Engineered Wood Member (except Truss) Manufacturing,scope3-spend,3,1,naics-321213,0.208,kg CO2e / USD2022,,,,US-national,US-Federal,"{GHG-Protocol,SB-253}",AR5,1,10.1,EPA Supply Chain GHG Emission Factors v1.3.0,https://www.epa.gov/climateleadership/supply-chain-ghg-emission-factors-us-industry-and-commodities,2022,2024-01-01,2024-01-01,,,methodologies/scope-3-cat1-spend-based,2026-04-24
scope3-spend-naics321214-epa-scghg-v130,Scope 3 Cat 1 Spend-Based — NAICS 321214 Truss Manufacturing,scope3-spend,3,1,naics-321214,0.208,kg CO2e / USD2022,,,,US-national,US-Federal,"{GHG-Protocol,SB-253}",AR5,1,10.1,EPA Supply Chain GHG Emission Factors v1.3.0,https://www.epa.gov/climateleadership/supply-chain-ghg-emission-factors-us-industry-and-commodities,2022,2024-01-01,2024-01-01,,,methodologies/scope-3-cat1-spend-based,2026-04-24
scope3-spend-naics321219-epa-scghg-v130,Scope 3 Cat 1 Spend-Based — NAICS 321219 Reconstituted Wood Product Manufacturing,scope3-spend,3,1,naics-321219,0.208,kg CO2e / USD2022,,,,US-national,US-Federal,"{GHG-Protocol,SB-253}",AR5,1,10.1,EPA Supply Chain GHG Emission Factors v1.3.0,https://www.epa.gov/climateleadership/supply-chain-ghg-emission-factors-us-industry-and-commodities,2022,2024-01-01,2024-01-01,,,methodologies/scope-3-cat1-spend-based,2026-04-24
scope3-spend-naics321911-epa-scghg-v130,Scope 3 Cat 1 Spend-Based — NAICS 321911 Wood Window and Door Manufacturing,scope3-spend,3,1,naics-321911,0.154,kg CO2e / USD2022,,,,US-national,US-Federal,"{GHG-Protocol,SB-253}",AR5,1,20.1,EPA Supply Chain GHG Emission Factors v1.3.0,https://www.epa.gov/climateleadership/supply-chain-ghg-emission-factors-us-industry-and-commodities,2022,2024-01-01,2024-01-01,,,methodologies/scope-3-cat1-spend-based,2026-04-24
scope3-spend-naics321912-epa-scghg-v130,"Scope 3 Cat 1 Spend-Based — NAICS 321912 Cut Stock, Resawing Lumber, and Planing",scope3-spend,3,1,naics-321912,0.154,kg CO2e / USD2022,,,,US-national,US-Federal,"{GHG-Protocol,SB-253}",AR5,1,20.1,EPA Supply Chain GHG Emission Factors v1.3.0,https://www.epa.gov/climateleadership/supply-chain-ghg-emission-factors-us-industry-and-commodities,2022,2024-01-01,2024-01-01,,,methodologies/scope-3-cat1-spend-based,2026-04-24
scope3-spend-naics321918-epa-scghg-v130,Scope 3 Cat 1 Spend-Based — NAICS 321918 Other Millwork (including Flooring),scope3-spend,3,1,naics-321918,0.154,kg CO2e / USD2022,,,,US-national,US-Federal,"{GHG-Protocol,SB-253}",AR5,1,20.1,EPA Supply Chain GHG Emission Factors v1.3.0,https://www.epa.gov/climateleadership/supply-chain-ghg-emission-factors-us-industry-and-commodities,2022,2024-01-01,2024-01-01,,,methodologies/scope-3-cat1-spend-based,2026-04-24
scope3-spend-naics321920-epa-scghg-v130,Scope 3 Cat 1 Spend-Based — NAICS 321920 Wood Container and Pallet Manufacturing,scope3-spend,3,1,naics-321920,0.164,kg CO2e / USD2022,,,,US-national,US-Federal,"{GHG-Protocol,SB-253}",AR5,1,17.7,EPA Supply Chain GHG Emission Factors v1.3.0,https://www.epa.gov/climateleadership/supply-chain-ghg-emission-factors-us-industry-and-commodities,2022,2024-01-01,2024-01-01,,,methodologies/scope-3-cat1-spend-based,2026-04-24
scope3-spend-naics321991-epa-scghg-v130,Scope 3 Cat 1 Spend-Based — NAICS 321991 Manufactured Home (Mobile Home) Manufacturing,scope3-spend,3,1,naics-321991,0.164,kg CO2e / USD2022,,,,US-national,US-Federal,"{GHG-Protocol,SB-253}",AR5,1,17.7,EPA Supply Chain GHG Emission Factors v1.3.0,https://www.epa.gov/climateleadership/supply-chain-ghg-emission-factors-us-industry-and-commodities,2022,2024-01-01,2024-01-01,,,methodologies/scope-3-cat1-spend-based,2026-04-24
scope3-spend-naics321992-epa-scghg-v130,Scope 3 Cat 1 Spend-Based — NAICS 321992 Prefabricated Wood Building Manufacturing,scope3-spend,3,1,naics-321992,0.164,kg CO2e / USD2022,,,,US-national,US-Federal,"{GHG-Protocol,SB-253}",AR5,1,17.7,EPA Supply Chain GHG Emission Factors v1.3.0,https://www.epa.gov/climateleadership/supply-chain-ghg-emission-factors-us-industry-and-commodities,2022,2024-01-01,2024-01-01,,,methodologies/scope-3-cat1-spend-based,2026-04-24
scope3-spend-naics321999-epa-scghg-v130,Scope 3 Cat 1 Spend-Based — NAICS 321999 All Other Miscellaneous Wood Product Manufacturing,scope3-spend,3,1,naics-321999,0.164,kg CO2e / USD2022,,,,US-national,US-Federal,"{GHG-Protocol,SB-253}",AR5,1,17.7,EPA Supply Chain GHG Emission Factors v1.3.0,https://www.epa.gov/climateleadership/supply-chain-ghg-emission-factors-us-industry-and-commodities,2022,2024-01-01,2024-01-01,,,methodologies/scope-3-cat1-spend-based,2026-04-24
scope3-spend-naics322110-epa-scghg-v130,Scope 3 Cat 1 Spend-Based — NAICS 322110 Pulp Mills,scope3-spend,3,1,naics-322110,1.002,kg CO2e / USD2022,,,,US-national,US-Federal,"{GHG-Protocol,SB-253}",AR5,1,2.5,EPA Supply Chain GHG Emission Factors v1.3.0,https://www.epa.gov/climateleadership/supply-chain-ghg-emission-factors-us-industry-and-commodities,2022,2024-01-01,2024-01-01,,,methodologies/scope-3-cat1-spend-based,2026-04-24
scope3-spend-naics322121-epa-scghg-v130,Scope 3 Cat 1 Spend-Based — NAICS 322121 Paper (except Newsprint) Mills,scope3-spend,3,1,naics-322121,0.649,kg CO2e / USD2022,,,,US-national,US-Federal,"{GHG-Protocol,SB-253}",AR5,1,7.2,EPA Supply Chain GHG Emission Factors v1.3.0,https://www.epa.gov/climateleadership/supply-chain-ghg-emission-factors-us-industry-and-commodities,2022,2024-01-01,2024-01-01,,,methodologies/scope-3-cat1-spend-based,2026-04-24
scope3-spend-naics322122-epa-scghg-v130,Scope 3 Cat 1 Spend-Based — NAICS 322122 Newsprint Mills,scope3-spend,3,1,naics-322122,0.649,kg CO2e / USD2022,,,,US-national,US-Federal,"{GHG-Protocol,SB-253}",AR5,1,7.2,EPA Supply Chain GHG Emission Factors v1.3.0,https://www.epa.gov/climateleadership/supply-chain-ghg-emission-factors-us-industry-and-commodities,2022,2024-01-01,2024-01-01,,,methodologies/scope-3-cat1-spend-based,2026-04-24
scope3-spend-naics322130-epa-scghg-v130,Scope 3 Cat 1 Spend-Based — NAICS 322130 Paperboard Mills,scope3-spend,3,1,naics-322130,0.829,kg CO2e / USD2022,,,,US-national,US-Federal,"{GHG-Protocol,SB-253}",AR5,1,4.8,EPA Supply Chain GHG Emission Factors v1.3.0,https://www.epa.gov/climateleadership/supply-chain-ghg-emission-factors-us-industry-and-commodities,2022,2024-01-01,2024-01-01,,,methodologies/scope-3-cat1-spend-based,2026-04-24
scope3-spend-naics322211-epa-scghg-v130,Scope 3 Cat 1 Spend-Based — NAICS 322211 Corrugated and Solid Fiber Box Manufacturing,scope3-spend,3,1,naics-322211,0.479,kg CO2e / USD2022,,,,US-national,US-Federal,"{GHG-Protocol,SB-253}",AR5,1,6.3,EPA Supply Chain GHG Emission Factors v1.3.0,https://www.epa.gov/climateleadership/supply-chain-ghg-emission-factors-us-industry-and-commodities,2022,2024-01-01,2024-01-01,,,methodologies/scope-3-cat1-spend-based,2026-04-24
scope3-spend-naics322212-epa-scghg-v130,Scope 3 Cat 1 Spend-Based — NAICS 322212 Folding Paperboard Box Manufacturing,scope3-spend,3,1,naics-322212,0.479,kg CO2e / USD2022,,,,US-national,US-Federal,"{GHG-Protocol,SB-253}",AR5,1,6.3,EPA Supply Chain GHG Emission Factors v1.3.0,https://www.epa.gov/climateleadership/supply-chain-ghg-emission-factors-us-industry-and-commodities,2022,2024-01-01,2024-01-01,,,methodologies/scope-3-cat1-spend-based,2026-04-24
scope3-spend-naics322219-epa-scghg-v130,Scope 3 Cat 1 Spend-Based — NAICS 322219 Other Paperboard Container Manufacturing,scope3-spend,3,1,naics-322219,0.479,kg CO2e / USD2022,,,,US-national,US-Federal,"{GHG-Protocol,SB-253}",AR5,1,6.3,EPA Supply Chain GHG Emission Factors v1.3.0,https://www.epa.gov/climateleadership/supply-chain-ghg-emission-factors-us-industry-and-commodities,2022,2024-01-01,2024-01-01,,,methodologies/scope-3-cat1-spend-based,2026-04-24
scope3-spend-naics322220-epa-scghg-v130,Scope 3 Cat 1 Spend-Based — NAICS 322220 Paper Bag and Coated and Treated Paper Manufacturing,scope3-spend,3,1,naics-322220,0.364,kg CO2e / USD2022,,,,US-national,US-Federal,"{GHG-Protocol,SB-253}",AR5,1,9.3,EPA Supply Chain GHG Emission Factors v1.3.0,https://www.epa.gov/climateleadership/supply-chain-ghg-emission-factors-us-industry-and-commodities,2022,2024-01-01,2024-01-01,,,methodologies/scope-3-cat1-spend-based,2026-04-24
scope3-spend-naics322230-epa-scghg-v130,Scope 3 Cat 1 Spend-Based — NAICS 322230 Stationery Product Manufacturing,scope3-spend,3,1,naics-322230,0.296,kg CO2e / USD2022,,,,US-national,US-Federal,"{GHG-Protocol,SB-253}",AR5,1,10.5,EPA Supply Chain GHG Emission Factors v1.3.0,https://www.epa.gov/climateleadership/supply-chain-ghg-emission-factors-us-industry-and-commodities,2022,2024-01-01,2024-01-01,,,methodologies/scope-3-cat1-spend-based,2026-04-24
scope3-spend-naics322291-epa-scghg-v130,Scope 3 Cat 1 Spend-Based — NAICS 322291 Sanitary Paper Product Manufacturing,scope3-spend,3,1,naics-322291,0.34,kg CO2e / USD2022,,,,US-national,US-Federal,"{GHG-Protocol,SB-253}",AR5,1,19.1,EPA Supply Chain GHG Emission Factors v1.3.0,https://www.epa.gov/climateleadership/supply-chain-ghg-emission-factors-us-industry-and-commodities,2022,2024-01-01,2024-01-01,,,methodologies/scope-3-cat1-spend-based,2026-04-24
scope3-spend-naics322299-epa-scghg-v130,Scope 3 Cat 1 Spend-Based — NAICS 322299 All Other Converted Paper Product Manufacturing,scope3-spend,3,1,naics-322299,0.343,kg CO2e / USD2022,,,,US-national,US-Federal,"{GHG-Protocol,SB-253}",AR5,1,11.1,EPA Supply Chain GHG Emission Factors v1.3.0,https://www.epa.gov/climateleadership/supply-chain-ghg-emission-factors-us-industry-and-commodities,2022,2024-01-01,2024-01-01,,,methodologies/scope-3-cat1-spend-based,2026-04-24
scope3-spend-naics323111-epa-scghg-v130,Scope 3 Cat 1 Spend-Based — NAICS 323111 Commercial Printing (except Screen and Books),scope3-spend,3,1,naics-323111,0.236,kg CO2e / USD2022,,,,US-national,US-Federal,"{GHG-Protocol,SB-253}",AR5,1,14.4,EPA Supply Chain GHG Emission Factors v1.3.0,https://www.epa.gov/climateleadership/supply-chain-ghg-emission-factors-us-industry-and-commodities,2022,2024-01-01,2024-01-01,,,methodologies/scope-3-cat1-spend-based,2026-04-24
scope3-spend-naics323113-epa-scghg-v130,Scope 3 Cat 1 Spend-Based — NAICS 323113 Commercial Screen Printing,scope3-spend,3,1,naics-323113,0.236,kg CO2e / USD2022,,,,US-national,US-Federal,"{GHG-Protocol,SB-253}",AR5,1,14.4,EPA Supply Chain GHG Emission Factors v1.3.0,https://www.epa.gov/climateleadership/supply-chain-ghg-emission-factors-us-industry-and-commodities,2022,2024-01-01,2024-01-01,,,methodologies/scope-3-cat1-spend-based,2026-04-24
scope3-spend-naics323117-epa-scghg-v130,Scope 3 Cat 1 Spend-Based — NAICS 323117 Books Printing,scope3-spend,3,1,naics-323117,0.236,kg CO2e / USD2022,,,,US-national,US-Federal,"{GHG-Protocol,SB-253}",AR5,1,14.4,EPA Supply Chain GHG Emission Factors v1.3.0,https://www.epa.gov/climateleadership/supply-chain-ghg-emission-factors-us-industry-and-commodities,2022,2024-01-01,2024-01-01,,,methodologies/scope-3-cat1-spend-based,2026-04-24
scope3-spend-naics323120-epa-scghg-v130,Scope 3 Cat 1 Spend-Based — NAICS 323120 Support Activites for Printing,scope3-spend,3,1,naics-323120,0.237,kg CO2e / USD2022,,,,US-national,US-Federal,"{GHG-Protocol,SB-253}",AR5,1,9.7,EPA Supply Chain GHG Emission Factors v1.3.0,https://www.epa.gov/climateleadership/supply-chain-ghg-emission-factors-us-industry-and-commodities,2022,2024-01-01,2024-01-01,,,methodologies/scope-3-cat1-spend-based,2026-04-24
scope3-spend-naics324110-epa-scghg-v130,Scope 3 Cat 1 Spend-Based — NAICS 324110 Petroleum Refineries,scope3-spend,3,1,naics-324110,0.27,kg CO2e / USD2022,,,,US-national,US-Federal,"{GHG-Protocol,SB-253}",AR5,1,8.1,EPA Supply Chain GHG Emission Factors v1.3.0,https://www.epa.gov/climateleadership/supply-chain-ghg-emission-factors-us-industry-and-commodities,2022,2024-01-01,2024-01-01,,,methodologies/scope-3-cat1-spend-based,2026-04-24
scope3-spend-naics324121-epa-scghg-v130,Scope 3 Cat 1 Spend-Based — NAICS 324121 Asphalt Paving Mixture and Block Manufacturing,scope3-spend,3,1,naics-324121,1.121,kg CO2e / USD2022,,,,US-national,US-Federal,"{GHG-Protocol,SB-253}",AR5,1,2.5,EPA Supply Chain GHG Emission Factors v1.3.0,https://www.epa.gov/climateleadership/supply-chain-ghg-emission-factors-us-industry-and-commodities,2022,2024-01-01,2024-01-01,,,methodologies/scope-3-cat1-spend-based,2026-04-24
scope3-spend-naics324122-epa-scghg-v130,Scope 3 Cat 1 Spend-Based — NAICS 324122 Asphalt Shingle and Coating Materials Manufacturing,scope3-spend,3,1,naics-324122,0.608,kg CO2e / USD2022,,,,US-national,US-Federal,"{GHG-Protocol,SB-253}",AR5,1,5.3,EPA Supply Chain GHG Emission Factors v1.3.0,https://www.epa.gov/climateleadership/supply-chain-ghg-emission-factors-us-industry-and-commodities,2022,2024-01-01,2024-01-01,,,methodologies/scope-3-cat1-spend-based,2026-04-24
scope3-spend-naics324191-epa-scghg-v130,Scope 3 Cat 1 Spend-Based — NAICS 324191 Petroleum Lubricating Oil and Grease Manufacturing,scope3-spend,3,1,naics-324191,0.391,kg CO2e / USD2022,,,,US-national,US-Federal,"{GHG-Protocol,SB-253}",AR5,1,8.2,EPA Supply Chain GHG Emission Factors v1.3.0,https://www.epa.gov/climateleadership/supply-chain-ghg-emission-factors-us-industry-and-commodities,2022,2024-01-01,2024-01-01,,,methodologies/scope-3-cat1-spend-based,2026-04-24
scope3-spend-naics324199-epa-scghg-v130,Scope 3 Cat 1 Spend-Based — NAICS 324199 All Other Petroleum and Coal Products Manufacturing,scope3-spend,3,1,naics-324199,0.391,kg CO2e / USD2022,,,,US-national,US-Federal,"{GHG-Protocol,SB-253}",AR5,1,8.2,EPA Supply Chain GHG Emission Factors v1.3.0,https://www.epa.gov/climateleadership/supply-chain-ghg-emission-factors-us-industry-and-commodities,2022,2024-01-01,2024-01-01,,,methodologies/scope-3-cat1-spend-based,2026-04-24
scope3-spend-naics325110-epa-scghg-v130,Scope 3 Cat 1 Spend-Based — NAICS 325110 Petrochemical Manufacturing,scope3-spend,3,1,naics-325110,0.811,kg CO2e / USD2022,,,,US-national,US-Federal,"{GHG-Protocol,SB-253}",AR5,1,2.0,EPA Supply Chain GHG Emission Factors v1.3.0,https://www.epa.gov/climateleadership/supply-chain-ghg-emission-factors-us-industry-and-commodities,2022,2024-01-01,2024-01-01,,,methodologies/scope-3-cat1-spend-based,2026-04-24
scope3-spend-naics325120-epa-scghg-v130,Scope 3 Cat 1 Spend-Based — NAICS 325120 Industrial Gas Manufacturing,scope3-spend,3,1,naics-325120,1.211,kg CO2e / USD2022,,,,US-national,US-Federal,"{GHG-Protocol,SB-253}",AR5,1,4.0,EPA Supply Chain GHG Emission Factors v1.3.0,https://www.epa.gov/climateleadership/supply-chain-ghg-emission-factors-us-industry-and-commodities,2022,2024-01-01,2024-01-01,,,methodologies/scope-3-cat1-spend-based,2026-04-24
scope3-spend-naics325130-epa-scghg-v130,Scope 3 Cat 1 Spend-Based — NAICS 325130 Synthetic Dye and Pigment Manufacturing,scope3-spend,3,1,naics-325130,0.432,kg CO2e / USD2022,,,,US-national,US-Federal,"{GHG-Protocol,SB-253}",AR5,1,6.2,EPA Supply Chain GHG Emission Factors v1.3.0,https://www.epa.gov/climateleadership/supply-chain-ghg-emission-factors-us-industry-and-commodities,2022,2024-01-01,2024-01-01,,,methodologies/scope-3-cat1-spend-based,2026-04-24
scope3-spend-naics325180-epa-scghg-v130,Scope 3 Cat 1 Spend-Based — NAICS 325180 Other Basic Inorganic Chemical Manufacturing,scope3-spend,3,1,naics-325180,1.01,kg CO2e / USD2022,,,,US-national,US-Federal,"{GHG-Protocol,SB-253}",AR5,1,3.6,EPA Supply Chain GHG Emission Factors v1.3.0,https://www.epa.gov/climateleadership/supply-chain-ghg-emission-factors-us-industry-and-commodities,2022,2024-01-01,2024-01-01,,,methodologies/scope-3-cat1-spend-based,2026-04-24
scope3-spend-naics325193-epa-scghg-v130,Scope 3 Cat 1 Spend-Based — NAICS 325193 Ethyl Alcohol Manufacturing,scope3-spend,3,1,naics-325193,1.184,kg CO2e / USD2022,,,,US-national,US-Federal,"{GHG-Protocol,SB-253}",AR5,1,1.5,EPA Supply Chain GHG Emission Factors v1.3.0,https://www.epa.gov/climateleadership/supply-chain-ghg-emission-factors-us-industry-and-commodities,2022,2024-01-01,2024-01-01,,,methodologies/scope-3-cat1-spend-based,2026-04-24
scope3-spend-naics325194-epa-scghg-v130,"Scope 3 Cat 1 Spend-Based — NAICS 325194 Cyclic Crude, Intermediate, and Gum and Wood Chemical Manufacturing",scope3-spend,3,1,naics-325194,1.184,kg CO2e / USD2022,,,,US-national,US-Federal,"{GHG-Protocol,SB-253}",AR5,1,1.5,EPA Supply Chain GHG Emission Factors v1.3.0,https://www.epa.gov/climateleadership/supply-chain-ghg-emission-factors-us-industry-and-commodities,2022,2024-01-01,2024-01-01,,,methodologies/scope-3-cat1-spend-based,2026-04-24
scope3-spend-naics325199-epa-scghg-v130,Scope 3 Cat 1 Spend-Based — NAICS 325199 All Other Basic Organic Chemical Manufacturing,scope3-spend,3,1,naics-325199,1.184,kg CO2e / USD2022,,,,US-national,US-Federal,"{GHG-Protocol,SB-253}",AR5,1,1.5,EPA Supply Chain GHG Emission Factors v1.3.0,https://www.epa.gov/climateleadership/supply-chain-ghg-emission-factors-us-industry-and-commodities,2022,2024-01-01,2024-01-01,,,methodologies/scope-3-cat1-spend-based,2026-04-24
scope3-spend-naics325211-epa-scghg-v130,Scope 3 Cat 1 Spend-Based — NAICS 325211 Plastics Material and Resin Manufacturing,scope3-spend,3,1,naics-325211,1.045,kg CO2e / USD2022,,,,US-national,US-Federal,"{GHG-Protocol,SB-253}",AR5,1,2.3,EPA Supply Chain GHG Emission Factors v1.3.0,https://www.epa.gov/climateleadership/supply-chain-ghg-emission-factors-us-industry-and-commodities,2022,2024-01-01,2024-01-01,,,methodologies/scope-3-cat1-spend-based,2026-04-24
scope3-spend-naics325212-epa-scghg-v130,Scope 3 Cat 1 Spend-Based — NAICS 325212 Synthetic Rubber Manufacturing,scope3-spend,3,1,naics-325212,0.902,kg CO2e / USD2022,,,,US-national,US-Federal,"{GHG-Protocol,SB-253}",AR5,1,1.8,EPA Supply Chain GHG Emission Factors v1.3.0,https://www.epa.gov/climateleadership/supply-chain-ghg-emission-factors-us-industry-and-commodities,2022,2024-01-01,2024-01-01,,,methodologies/scope-3-cat1-spend-based,2026-04-24
scope3-spend-naics325220-epa-scghg-v130,Scope 3 Cat 1 Spend-Based — NAICS 325220 Artificial and Synthetic Fibers and Filaments Manufacturing,scope3-spend,3,1,naics-325220,0.902,kg CO2e / USD2022,,,,US-national,US-Federal,"{GHG-Protocol,SB-253}",AR5,1,1.8,EPA Supply Chain GHG Emission Factors v1.3.0,https://www.epa.gov/climateleadership/supply-chain-ghg-emission-factors-us-industry-and-commodities,2022,2024-01-01,2024-01-01,,,methodologies/scope-3-cat1-spend-based,2026-04-24
scope3-spend-naics325311-epa-scghg-v130,Scope 3 Cat 1 Spend-Based — NAICS 325311 Nitrogenous Fertilizer Manufacturing,scope3-spend,3,1,naics-325311,1.137,kg CO2e / USD2022,,,,US-national,US-Federal,"{GHG-Protocol,SB-253}",AR5,1,2.0,EPA Supply Chain GHG Emission Factors v1.3.0,https://www.epa.gov/climateleadership/supply-chain-ghg-emission-factors-us-industry-and-commodities,2022,2024-01-01,2024-01-01,,,methodologies/scope-3-cat1-spend-based,2026-04-24
scope3-spend-naics325312-epa-scghg-v130,Scope 3 Cat 1 Spend-Based — NAICS 325312 Phosphatic Fertilizer Manufacturing,scope3-spend,3,1,naics-325312,1.137,kg CO2e / USD2022,,,,US-national,US-Federal,"{GHG-Protocol,SB-253}",AR5,1,2.0,EPA Supply Chain GHG Emission Factors v1.3.0,https://www.epa.gov/climateleadership/supply-chain-ghg-emission-factors-us-industry-and-commodities,2022,2024-01-01,2024-01-01,,,methodologies/scope-3-cat1-spend-based,2026-04-24
scope3-spend-naics325314-epa-scghg-v130,Scope 3 Cat 1 Spend-Based — NAICS 325314 Fertilizer (Mixing Only) Manufacturing,scope3-spend,3,1,naics-325314,1.137,kg CO2e / USD2022,,,,US-national,US-Federal,"{GHG-Protocol,SB-253}",AR5,1,2.0,EPA Supply Chain GHG Emission Factors v1.3.0,https://www.epa.gov/climateleadership/supply-chain-ghg-emission-factors-us-industry-and-commodities,2022,2024-01-01,2024-01-01,,,methodologies/scope-3-cat1-spend-based,2026-04-24
scope3-spend-naics325320-epa-scghg-v130,Scope 3 Cat 1 Spend-Based — NAICS 325320 Pesticide and Other Agricultural Chemical Manufacturing,scope3-spend,3,1,naics-325320,0.463,kg CO2e / USD2022,,,,US-national,US-Federal,"{GHG-Protocol,SB-253}",AR5,1,6.7,EPA Supply Chain GHG Emission Factors v1.3.0,https://www.epa.gov/climateleadership/supply-chain-ghg-emission-factors-us-industry-and-commodities,2022,2024-01-01,2024-01-01,,,methodologies/scope-3-cat1-spend-based,2026-04-24
scope3-spend-naics325411-epa-scghg-v130,Scope 3 Cat 1 Spend-Based — NAICS 325411 Medicinal and Botanical Manufacturing,scope3-spend,3,1,naics-325411,0.189,kg CO2e / USD2022,,,,US-national,US-Federal,"{GHG-Protocol,SB-253}",AR5,1,19.6,EPA Supply Chain GHG Emission Factors v1.3.0,https://www.epa.gov/climateleadership/supply-chain-ghg-emission-factors-us-industry-and-commodities,2022,2024-01-01,2024-01-01,,,methodologies/scope-3-cat1-spend-based,2026-04-24
scope3-spend-naics325412-epa-scghg-v130,Scope 3 Cat 1 Spend-Based — NAICS 325412 Pharmaceutical Preparation Manufacturing,scope3-spend,3,1,naics-325412,0.099,kg CO2e / USD2022,,,,US-national,US-Federal,"{GHG-Protocol,SB-253}",AR5,1,53.5,EPA Supply Chain GHG Emission Factors v1.3.0,https://www.epa.gov/climateleadership/supply-chain-ghg-emission-factors-us-industry-and-commodities,2022,2024-01-01,2024-01-01,,,methodologies/scope-3-cat1-spend-based,2026-04-24
scope3-spend-naics325413-epa-scghg-v130,Scope 3 Cat 1 Spend-Based — NAICS 325413 In-Vitro Diagnostic Substance Manufacturing,scope3-spend,3,1,naics-325413,0.183,kg CO2e / USD2022,,,,US-national,US-Federal,"{GHG-Protocol,SB-253}",AR5,1,12.0,EPA Supply Chain GHG Emission Factors v1.3.0,https://www.epa.gov/climateleadership/supply-chain-ghg-emission-factors-us-industry-and-commodities,2022,2024-01-01,2024-01-01,,,methodologies/scope-3-cat1-spend-based,2026-04-24
scope3-spend-naics325414-epa-scghg-v130,Scope 3 Cat 1 Spend-Based — NAICS 325414 Biological Product (except Diagnostic) Manufacturing,scope3-spend,3,1,naics-325414,0.15,kg CO2e / USD2022,,,,US-national,US-Federal,"{GHG-Protocol,SB-253}",AR5,1,16.7,EPA Supply Chain GHG Emission Factors v1.3.0,https://www.epa.gov/climateleadership/supply-chain-ghg-emission-factors-us-industry-and-commodities,2022,2024-01-01,2024-01-01,,,methodologies/scope-3-cat1-spend-based,2026-04-24
scope3-spend-naics325510-epa-scghg-v130,Scope 3 Cat 1 Spend-Based — NAICS 325510 Paint and Coating Manufacturing,scope3-spend,3,1,naics-325510,0.291,kg CO2e / USD2022,,,,US-national,US-Federal,"{GHG-Protocol,SB-253}",AR5,1,9.3,EPA Supply Chain GHG Emission Factors v1.3.0,https://www.epa.gov/climateleadership/supply-chain-ghg-emission-factors-us-industry-and-commodities,2022,2024-01-01,2024-01-01,,,methodologies/scope-3-cat1-spend-based,2026-04-24
scope3-spend-naics325520-epa-scghg-v130,Scope 3 Cat 1 Spend-Based — NAICS 325520 Adhesive Manufacturing,scope3-spend,3,1,naics-325520,0.531,kg CO2e / USD2022,,,,US-national,US-Federal,"{GHG-Protocol,SB-253}",AR5,1,5.5,EPA Supply Chain GHG Emission Factors v1.3.0,https://www.epa.gov/climateleadership/supply-chain-ghg-emission-factors-us-industry-and-commodities,2022,2024-01-01,2024-01-01,,,methodologies/scope-3-cat1-spend-based,2026-04-24
scope3-spend-naics325611-epa-scghg-v130,Scope 3 Cat 1 Spend-Based — NAICS 325611 Soap and Other Detergent Manufacturing,scope3-spend,3,1,naics-325611,0.355,kg CO2e / USD2022,,,,US-national,US-Federal,"{GHG-Protocol,SB-253}",AR5,1,11.3,EPA Supply Chain GHG Emission Factors v1.3.0,https://www.epa.gov/climateleadership/supply-chain-ghg-emission-factors-us-industry-and-commodities,2022,2024-01-01,2024-01-01,,,methodologies/scope-3-cat1-spend-based,2026-04-24
scope3-spend-naics325612-epa-scghg-v130,Scope 3 Cat 1 Spend-Based — NAICS 325612 Polish and Other Sanitation Good Manufacturing,scope3-spend,3,1,naics-325612,0.355,kg CO2e / USD2022,,,,US-national,US-Federal,"{GHG-Protocol,SB-253}",AR5,1,11.3,EPA Supply Chain GHG Emission Factors v1.3.0,https://www.epa.gov/climateleadership/supply-chain-ghg-emission-factors-us-industry-and-commodities,2022,2024-01-01,2024-01-01,,,methodologies/scope-3-cat1-spend-based,2026-04-24
scope3-spend-naics325613-epa-scghg-v130,Scope 3 Cat 1 Spend-Based — NAICS 325613 Surface Active Agent Manufacturing,scope3-spend,3,1,naics-325613,0.355,kg CO2e / USD2022,,,,US-national,US-Federal,"{GHG-Protocol,SB-253}",AR5,1,11.3,EPA Supply Chain GHG Emission Factors v1.3.0,https://www.epa.gov/climateleadership/supply-chain-ghg-emission-factors-us-industry-and-commodities,2022,2024-01-01,2024-01-01,,,methodologies/scope-3-cat1-spend-based,2026-04-24
scope3-spend-naics325620-epa-scghg-v130,Scope 3 Cat 1 Spend-Based — NAICS 325620 Toilet Preparation Manufacturing,scope3-spend,3,1,naics-325620,0.194,kg CO2e / USD2022,,,,US-national,US-Federal,"{GHG-Protocol,SB-253}",AR5,1,29.9,EPA Supply Chain GHG Emission Factors v1.3.0,https://www.epa.gov/climateleadership/supply-chain-ghg-emission-factors-us-industry-and-commodities,2022,2024-01-01,2024-01-01,,,methodologies/scope-3-cat1-spend-based,2026-04-24
scope3-spend-naics325910-epa-scghg-v130,Scope 3 Cat 1 Spend-Based — NAICS 325910 Printing Ink Manufacturing,scope3-spend,3,1,naics-325910,0.386,kg CO2e / USD2022,,,,US-national,US-Federal,"{GHG-Protocol,SB-253}",AR5,1,8.0,EPA Supply Chain GHG Emission Factors v1.3.0,https://www.epa.gov/climateleadership/supply-chain-ghg-emission-factors-us-industry-and-commodities,2022,2024-01-01,2024-01-01,,,methodologies/scope-3-cat1-spend-based,2026-04-24
scope3-spend-naics325920-epa-scghg-v130,Scope 3 Cat 1 Spend-Based — NAICS 325920 Explosives Manufacturing,scope3-spend,3,1,naics-325920,0.5,kg CO2e / USD2022,,,,US-national,US-Federal,"{GHG-Protocol,SB-253}",AR5,1,5.6,EPA Supply Chain GHG Emission Factors v1.3.0,https://www.epa.gov/climateleadership/supply-chain-ghg-emission-factors-us-industry-and-commodities,2022,2024-01-01,2024-01-01,,,methodologies/scope-3-cat1-spend-based,2026-04-24
scope3-spend-naics325991-epa-scghg-v130,Scope 3 Cat 1 Spend-Based — NAICS 325991 Custom Compounding of Purchased Resins,scope3-spend,3,1,naics-325991,0.5,kg CO2e / USD2022,,,,US-national,US-Federal,"{GHG-Protocol,SB-253}",AR5,1,5.6,EPA Supply Chain GHG Emission Factors v1.3.0,https://www.epa.gov/climateleadership/supply-chain-ghg-emission-factors-us-industry-and-commodities,2022,2024-01-01,2024-01-01,,,methodologies/scope-3-cat1-spend-based,2026-04-24
scope3-spend-naics325992-epa-scghg-v130,"Scope 3 Cat 1 Spend-Based — NAICS 325992 Photographic Film, Paper, Plate, and Chemical Manufacturing",scope3-spend,3,1,naics-325992,0.5,kg CO2e / USD2022,,,,US-national,US-Federal,"{GHG-Protocol,SB-253}",AR5,1,5.6,EPA Supply Chain GHG Emission Factors v1.3.0,https://www.epa.gov/climateleadership/supply-chain-ghg-emission-factors-us-industry-and-commodities,2022,2024-01-01,2024-01-01,,,methodologies/scope-3-cat1-spend-based,2026-04-24
scope3-spend-naics325998-epa-scghg-v130,Scope 3 Cat 1 Spend-Based — NAICS 325998 All Other Miscellaneous Chemical Product and Preparation Manufacturing,scope3-spend,3,1,naics-325998,0.5,kg CO2e / USD2022,,,,US-national,US-Federal,"{GHG-Protocol,SB-253}",AR5,1,5.6,EPA Supply Chain GHG Emission Factors v1.3.0,https://www.epa.gov/climateleadership/supply-chain-ghg-emission-factors-us-industry-and-commodities,2022,2024-01-01,2024-01-01,,,methodologies/scope-3-cat1-spend-based,2026-04-24
scope3-spend-naics326111-epa-scghg-v130,Scope 3 Cat 1 Spend-Based — NAICS 326111 Plastics Bag and Pouch Manufacturing,scope3-spend,3,1,naics-326111,0.544,kg CO2e / USD2022,,,,US-national,US-Federal,"{GHG-Protocol,SB-253}",AR5,1,4.2,EPA Supply Chain GHG Emission Factors v1.3.0,https://www.epa.gov/climateleadership/supply-chain-ghg-emission-factors-us-industry-and-commodities,2022,2024-01-01,2024-01-01,,,methodologies/scope-3-cat1-spend-based,2026-04-24
scope3-spend-naics326112-epa-scghg-v130,Scope 3 Cat 1 Spend-Based — NAICS 326112 Plastics Packaging Film and Sheet (including Laminated) Manufacturing,scope3-spend,3,1,naics-326112,0.544,kg CO2e / USD2022,,,,US-national,US-Federal,"{GHG-Protocol,SB-253}",AR5,1,4.2,EPA Supply Chain GHG Emission Factors v1.3.0,https://www.epa.gov/climateleadership/supply-chain-ghg-emission-factors-us-industry-and-commodities,2022,2024-01-01,2024-01-01,,,methodologies/scope-3-cat1-spend-based,2026-04-24
scope3-spend-naics326113-epa-scghg-v130,Scope 3 Cat 1 Spend-Based — NAICS 326113 Unlaminated Plastics Film and Sheet (except Packaging) Manufacturing,scope3-spend,3,1,naics-326113,0.544,kg CO2e / USD2022,,,,US-national,US-Federal,"{GHG-Protocol,SB-253}",AR5,1,4.2,EPA Supply Chain GHG Emission Factors v1.3.0,https://www.epa.gov/climateleadership/supply-chain-ghg-emission-factors-us-industry-and-commodities,2022,2024-01-01,2024-01-01,,,methodologies/scope-3-cat1-spend-based,2026-04-24
scope3-spend-naics326121-epa-scghg-v130,Scope 3 Cat 1 Spend-Based — NAICS 326121 Unlaminated Plastics Profile Shape Manufacturing,scope3-spend,3,1,naics-326121,0.351,kg CO2e / USD2022,,,,US-national,US-Federal,"{GHG-Protocol,SB-253}",AR5,1,5.4,EPA Supply Chain GHG Emission Factors v1.3.0,https://www.epa.gov/climateleadership/supply-chain-ghg-emission-factors-us-industry-and-commodities,2022,2024-01-01,2024-01-01,,,methodologies/scope-3-cat1-spend-based,2026-04-24
scope3-spend-naics326122-epa-scghg-v130,Scope 3 Cat 1 Spend-Based — NAICS 326122 Plastics Pipe and Pipe Fitting Manufacturing,scope3-spend,3,1,naics-326122,0.351,kg CO2e / USD2022,,,,US-national,US-Federal,"{GHG-Protocol,SB-253}",AR5,1,5.4,EPA Supply Chain GHG Emission Factors v1.3.0,https://www.epa.gov/climateleadership/supply-chain-ghg-emission-factors-us-industry-and-commodities,2022,2024-01-01,2024-01-01,,,methodologies/scope-3-cat1-spend-based,2026-04-24
scope3-spend-naics326130-epa-scghg-v130,"Scope 3 Cat 1 Spend-Based — NAICS 326130 Laminated Plastics Plate, Sheet (except Packaging), and Shape Manufacturing",scope3-spend,3,1,naics-326130,0.46,kg CO2e / USD2022,,,,US-national,US-Federal,"{GHG-Protocol,SB-253}",AR5,1,4.1,EPA Supply Chain GHG Emission Factors v1.3.0,https://www.epa.gov/climateleadership/supply-chain-ghg-emission-factors-us-industry-and-commodities,2022,2024-01-01,2024-01-01,,,methodologies/scope-3-cat1-spend-based,2026-04-24
scope3-spend-naics326140-epa-scghg-v130,Scope 3 Cat 1 Spend-Based — NAICS 326140 Polystyrene Foam Product Manufacturing,scope3-spend,3,1,naics-326140,0.271,kg CO2e / USD2022,,,,US-national,US-Federal,"{GHG-Protocol,SB-253}",AR5,1,8.9,EPA Supply Chain GHG Emission Factors v1.3.0,https://www.epa.gov/climateleadership/supply-chain-ghg-emission-factors-us-industry-and-commodities,2022,2024-01-01,2024-01-01,,,methodologies/scope-3-cat1-spend-based,2026-04-24
scope3-spend-naics326150-epa-scghg-v130,Scope 3 Cat 1 Spend-Based — NAICS 326150 Urethane and Other Foam Product (except Polystyrene) Manufacturing,scope3-spend,3,1,naics-326150,0.36,kg CO2e / USD2022,,,,US-national,US-Federal,"{GHG-Protocol,SB-253}",AR5,1,11.7,EPA Supply Chain GHG Emission Factors v1.3.0,https://www.epa.gov/climateleadership/supply-chain-ghg-emission-factors-us-industry-and-commodities,2022,2024-01-01,2024-01-01,,,methodologies/scope-3-cat1-spend-based,2026-04-24
scope3-spend-naics326160-epa-scghg-v130,Scope 3 Cat 1 Spend-Based — NAICS 326160 Plastics Bottle Manufacturing,scope3-spend,3,1,naics-326160,0.579,kg CO2e / USD2022,,,,US-national,US-Federal,"{GHG-Protocol,SB-253}",AR5,1,4.3,EPA Supply Chain GHG Emission Factors v1.3.0,https://www.epa.gov/climateleadership/supply-chain-ghg-emission-factors-us-industry-and-commodities,2022,2024-01-01,2024-01-01,,,methodologies/scope-3-cat1-spend-based,2026-04-24
scope3-spend-naics326191-epa-scghg-v130,Scope 3 Cat 1 Spend-Based — NAICS 326191 Plastics Plumbing Fixture Manufacturing,scope3-spend,3,1,naics-326191,0.371,kg CO2e / USD2022,,,,US-national,US-Federal,"{GHG-Protocol,SB-253}",AR5,1,7.3,EPA Supply Chain GHG Emission Factors v1.3.0,https://www.epa.gov/climateleadership/supply-chain-ghg-emission-factors-us-industry-and-commodities,2022,2024-01-01,2024-01-01,,,methodologies/scope-3-cat1-spend-based,2026-04-24
scope3-spend-naics326199-epa-scghg-v130,Scope 3 Cat 1 Spend-Based — NAICS 326199 All Other Plastics Product Manufacturing,scope3-spend,3,1,naics-326199,0.371,kg CO2e / USD2022,,,,US-national,US-Federal,"{GHG-Protocol,SB-253}",AR5,1,7.3,EPA Supply Chain GHG Emission Factors v1.3.0,https://www.epa.gov/climateleadership/supply-chain-ghg-emission-factors-us-industry-and-commodities,2022,2024-01-01,2024-01-01,,,methodologies/scope-3-cat1-spend-based,2026-04-24
scope3-spend-naics326211-epa-scghg-v130,Scope 3 Cat 1 Spend-Based — NAICS 326211 Tire Manufacturing (except Retreading),scope3-spend,3,1,naics-326211,0.276,kg CO2e / USD2022,,,,US-national,US-Federal,"{GHG-Protocol,SB-253}",AR5,1,15.6,EPA Supply Chain GHG Emission Factors v1.3.0,https://www.epa.gov/climateleadership/supply-chain-ghg-emission-factors-us-industry-and-commodities,2022,2024-01-01,2024-01-01,,,methodologies/scope-3-cat1-spend-based,2026-04-24
scope3-spend-naics326212-epa-scghg-v130,Scope 3 Cat 1 Spend-Based — NAICS 326212 Tire Retreading,scope3-spend,3,1,naics-326212,0.276,kg CO2e / USD2022,,,,US-national,US-Federal,"{GHG-Protocol,SB-253}",AR5,1,15.6,EPA Supply Chain GHG Emission Factors v1.3.0,https://www.epa.gov/climateleadership/supply-chain-ghg-emission-factors-us-industry-and-commodities,2022,2024-01-01,2024-01-01,,,methodologies/scope-3-cat1-spend-based,2026-04-24
scope3-spend-naics326220-epa-scghg-v130,Scope 3 Cat 1 Spend-Based — NAICS 326220 Rubber and Plastics Hoses and Belting Manufacturing,scope3-spend,3,1,naics-326220,0.309,kg CO2e / USD2022,,,,US-national,US-Federal,"{GHG-Protocol,SB-253}",AR5,1,9.1,EPA Supply Chain GHG Emission Factors v1.3.0,https://www.epa.gov/climateleadership/supply-chain-ghg-emission-factors-us-industry-and-commodities,2022,2024-01-01,2024-01-01,,,methodologies/scope-3-cat1-spend-based,2026-04-24
scope3-spend-naics326291-epa-scghg-v130,Scope 3 Cat 1 Spend-Based — NAICS 326291 Rubber Product Manufacturing for Mechanical Use,scope3-spend,3,1,naics-326291,0.343,kg CO2e / USD2022,,,,US-national,US-Federal,"{GHG-Protocol,SB-253}",AR5,1,8.7,EPA Supply Chain GHG Emission Factors v1.3.0,https://www.epa.gov/climateleadership/supply-chain-ghg-emission-factors-us-industry-and-commodities,2022,2024-01-01,2024-01-01,,,methodologies/scope-3-cat1-spend-based,2026-04-24
scope3-spend-naics326299-epa-scghg-v130,Scope 3 Cat 1 Spend-Based — NAICS 326299 All Other Rubber Product Manufacturing,scope3-spend,3,1,naics-326299,0.343,kg CO2e / USD2022,,,,US-national,US-Federal,"{GHG-Protocol,SB-253}",AR5,1,8.7,EPA Supply Chain GHG Emission Factors v1.3.0,https://www.epa.gov/climateleadership/supply-chain-ghg-emission-factors-us-industry-and-commodities,2022,2024-01-01,2024-01-01,,,methodologies/scope-3-cat1-spend-based,2026-04-24
scope3-spend-naics327110-epa-scghg-v130,"Scope 3 Cat 1 Spend-Based — NAICS 327110 Pottery, Ceramics, and Plumbing Fixture Manufacturing",scope3-spend,3,1,naics-327110,0.451,kg CO2e / USD2022,,,,US-national,US-Federal,"{GHG-Protocol,SB-253}",AR5,1,11.5,EPA Supply Chain GHG Emission Factors v1.3.0,https://www.epa.gov/climateleadership/supply-chain-ghg-emission-factors-us-industry-and-commodities,2022,2024-01-01,2024-01-01,,,methodologies/scope-3-cat1-spend-based,2026-04-24
scope3-spend-naics327120-epa-scghg-v130,Scope 3 Cat 1 Spend-Based — NAICS 327120 Clay Building Material and Refractories Manufacturing,scope3-spend,3,1,naics-327120,0.451,kg CO2e / USD2022,,,,US-national,US-Federal,"{GHG-Protocol,SB-253}",AR5,1,11.5,EPA Supply Chain GHG Emission Factors v1.3.0,https://www.epa.gov/climateleadership/supply-chain-ghg-emission-factors-us-industry-and-commodities,2022,2024-01-01,2024-01-01,,,methodologies/scope-3-cat1-spend-based,2026-04-24
scope3-spend-naics327211-epa-scghg-v130,Scope 3 Cat 1 Spend-Based — NAICS 327211 Flat Glass Manufacturing,scope3-spend,3,1,naics-327211,0.597,kg CO2e / USD2022,,,,US-national,US-Federal,"{GHG-Protocol,SB-253}",AR5,1,10.1,EPA Supply Chain GHG Emission Factors v1.3.0,https://www.epa.gov/climateleadership/supply-chain-ghg-emission-factors-us-industry-and-commodities,2022,2024-01-01,2024-01-01,,,methodologies/scope-3-cat1-spend-based,2026-04-24
scope3-spend-naics327212-epa-scghg-v130,Scope 3 Cat 1 Spend-Based — NAICS 327212 Other Pressed and Blown Glass and Glassware Manufacturing,scope3-spend,3,1,naics-327212,0.597,kg CO2e / USD2022,,,,US-national,US-Federal,"{GHG-Protocol,SB-253}",AR5,1,10.1,EPA Supply Chain GHG Emission Factors v1.3.0,https://www.epa.gov/climateleadership/supply-chain-ghg-emission-factors-us-industry-and-commodities,2022,2024-01-01,2024-01-01,,,methodologies/scope-3-cat1-spend-based,2026-04-24
scope3-spend-naics327213-epa-scghg-v130,Scope 3 Cat 1 Spend-Based — NAICS 327213 Glass Container Manufacturing,scope3-spend,3,1,naics-327213,0.597,kg CO2e / USD2022,,,,US-national,US-Federal,"{GHG-Protocol,SB-253}",AR5,1,10.1,EPA Supply Chain GHG Emission Factors v1.3.0,https://www.epa.gov/climateleadership/supply-chain-ghg-emission-factors-us-industry-and-commodities,2022,2024-01-01,2024-01-01,,,methodologies/scope-3-cat1-spend-based,2026-04-24
scope3-spend-naics327215-epa-scghg-v130,Scope 3 Cat 1 Spend-Based — NAICS 327215 Glass Product Manufacturing Made of Purchased Glass,scope3-spend,3,1,naics-327215,0.597,kg CO2e / USD2022,,,,US-national,US-Federal,"{GHG-Protocol,SB-253}",AR5,1,10.1,EPA Supply Chain GHG Emission Factors v1.3.0,https://www.epa.gov/climateleadership/supply-chain-ghg-emission-factors-us-industry-and-commodities,2022,2024-01-01,2024-01-01,,,methodologies/scope-3-cat1-spend-based,2026-04-24
scope3-spend-naics327310-epa-scghg-v130,Scope 3 Cat 1 Spend-Based — NAICS 327310 Cement Manufacturing,scope3-spend,3,1,naics-327310,3.924,kg CO2e / USD2022,,,,US-national,US-Federal,"{GHG-Protocol,SB-253}",AR5,1,2.0,EPA Supply Chain GHG Emission Factors v1.3.0,https://www.epa.gov/climateleadership/supply-chain-ghg-emission-factors-us-industry-and-commodities,2022,2024-01-01,2024-01-01,,,methodologies/scope-3-cat1-spend-based,2026-04-24
scope3-spend-naics327320-epa-scghg-v130,Scope 3 Cat 1 Spend-Based — NAICS 327320 Ready-Mix Concrete Manufacturing,scope3-spend,3,1,naics-327320,0.606,kg CO2e / USD2022,,,,US-national,US-Federal,"{GHG-Protocol,SB-253}",AR5,1,11.1,EPA Supply Chain GHG Emission Factors v1.3.0,https://www.epa.gov/climateleadership/supply-chain-ghg-emission-factors-us-industry-and-commodities,2022,2024-01-01,2024-01-01,,,methodologies/scope-3-cat1-spend-based,2026-04-24
scope3-spend-naics327331-epa-scghg-v130,Scope 3 Cat 1 Spend-Based — NAICS 327331 Concrete Block and Brick Manufacturing,scope3-spend,3,1,naics-327331,0.328,kg CO2e / USD2022,,,,US-national,US-Federal,"{GHG-Protocol,SB-253}",AR5,1,19.2,EPA Supply Chain GHG Emission Factors v1.3.0,https://www.epa.gov/climateleadership/supply-chain-ghg-emission-factors-us-industry-and-commodities,2022,2024-01-01,2024-01-01,,,methodologies/scope-3-cat1-spend-based,2026-04-24
scope3-spend-naics327332-epa-scghg-v130,Scope 3 Cat 1 Spend-Based — NAICS 327332 Concrete Pipe Manufacturing,scope3-spend,3,1,naics-327332,0.328,kg CO2e / USD2022,,,,US-national,US-Federal,"{GHG-Protocol,SB-253}",AR5,1,19.2,EPA Supply Chain GHG Emission Factors v1.3.0,https://www.epa.gov/climateleadership/supply-chain-ghg-emission-factors-us-industry-and-commodities,2022,2024-01-01,2024-01-01,,,methodologies/scope-3-cat1-spend-based,2026-04-24
scope3-spend-naics327390-epa-scghg-v130,Scope 3 Cat 1 Spend-Based — NAICS 327390 Other Concrete Product Manufacturing,scope3-spend,3,1,naics-327390,0.317,kg CO2e / USD2022,,,,US-national,US-Federal,"{GHG-Protocol,SB-253}",AR5,1,15.8,EPA Supply Chain GHG Emission Factors v1.3.0,https://www.epa.gov/climateleadership/supply-chain-ghg-emission-factors-us-industry-and-commodities,2022,2024-01-01,2024-01-01,,,methodologies/scope-3-cat1-spend-based,2026-04-24
scope3-spend-naics327410-epa-scghg-v130,Scope 3 Cat 1 Spend-Based — NAICS 327410 Lime Manufacturing,scope3-spend,3,1,naics-327410,1.623,kg CO2e / USD2022,,,,US-national,US-Federal,"{GHG-Protocol,SB-253}",AR5,1,3.9,EPA Supply Chain GHG Emission Factors v1.3.0,https://www.epa.gov/climateleadership/supply-chain-ghg-emission-factors-us-industry-and-commodities,2022,2024-01-01,2024-01-01,,,methodologies/scope-3-cat1-spend-based,2026-04-24
scope3-spend-naics327420-epa-scghg-v130,Scope 3 Cat 1 Spend-Based — NAICS 327420 Gypsum Product Manufacturing,scope3-spend,3,1,naics-327420,1.623,kg CO2e / USD2022,,,,US-national,US-Federal,"{GHG-Protocol,SB-253}",AR5,1,3.9,EPA Supply Chain GHG Emission Factors v1.3.0,https://www.epa.gov/climateleadership/supply-chain-ghg-emission-factors-us-industry-and-commodities,2022,2024-01-01,2024-01-01,,,methodologies/scope-3-cat1-spend-based,2026-04-24
scope3-spend-naics327910-epa-scghg-v130,Scope 3 Cat 1 Spend-Based — NAICS 327910 Abrasive Product Manufacturing,scope3-spend,3,1,naics-327910,0.187,kg CO2e / USD2022,,,,US-national,US-Federal,"{GHG-Protocol,SB-253}",AR5,1,28.3,EPA Supply Chain GHG Emission Factors v1.3.0,https://www.epa.gov/climateleadership/supply-chain-ghg-emission-factors-us-industry-and-commodities,2022,2024-01-01,2024-01-01,,,methodologies/scope-3-cat1-spend-based,2026-04-24
scope3-spend-naics327991-epa-scghg-v130,Scope 3 Cat 1 Spend-Based — NAICS 327991 Cut Stone and Stone Product Manufacturing,scope3-spend,3,1,naics-327991,0.195,kg CO2e / USD2022,,,,US-national,US-Federal,"{GHG-Protocol,SB-253}",AR5,1,24.1,EPA Supply Chain GHG Emission Factors v1.3.0,https://www.epa.gov/climateleadership/supply-chain-ghg-emission-factors-us-industry-and-commodities,2022,2024-01-01,2024-01-01,,,methodologies/scope-3-cat1-spend-based,2026-04-24
scope3-spend-naics327992-epa-scghg-v130,Scope 3 Cat 1 Spend-Based — NAICS 327992 Ground or Treated Mineral and Earth Manufacturing,scope3-spend,3,1,naics-327992,0.497,kg CO2e / USD2022,,,,US-national,US-Federal,"{GHG-Protocol,SB-253}",AR5,1,24.3,EPA Supply Chain GHG Emission Factors v1.3.0,https://www.epa.gov/climateleadership/supply-chain-ghg-emission-factors-us-industry-and-commodities,2022,2024-01-01,2024-01-01,,,methodologies/scope-3-cat1-spend-based,2026-04-24
scope3-spend-naics327993-epa-scghg-v130,Scope 3 Cat 1 Spend-Based — NAICS 327993 Mineral Wool Manufacturing,scope3-spend,3,1,naics-327993,0.393,kg CO2e / USD2022,,,,US-national,US-Federal,"{GHG-Protocol,SB-253}",AR5,1,13.5,EPA Supply Chain GHG Emission Factors v1.3.0,https://www.epa.gov/climateleadership/supply-chain-ghg-emission-factors-us-industry-and-commodities,2022,2024-01-01,2024-01-01,,,methodologies/scope-3-cat1-spend-based,2026-04-24
scope3-spend-naics327999-epa-scghg-v130,Scope 3 Cat 1 Spend-Based — NAICS 327999 All Other Miscellaneous Nonmetallic Mineral Product Manufacturing,scope3-spend,3,1,naics-327999,0.787,kg CO2e / USD2022,,,,US-national,US-Federal,"{GHG-Protocol,SB-253}",AR5,1,8.6,EPA Supply Chain GHG Emission Factors v1.3.0,https://www.epa.gov/climateleadership/supply-chain-ghg-emission-factors-us-industry-and-commodities,2022,2024-01-01,2024-01-01,,,methodologies/scope-3-cat1-spend-based,2026-04-24
scope3-spend-naics331110-epa-scghg-v130,Scope 3 Cat 1 Spend-Based — NAICS 331110 Iron and Steel Mills and Ferroalloy Manufacturing,scope3-spend,3,1,naics-331110,0.787,kg CO2e / USD2022,,,,US-national,US-Federal,"{GHG-Protocol,SB-253}",AR5,1,2.3,EPA Supply Chain GHG Emission Factors v1.3.0,https://www.epa.gov/climateleadership/supply-chain-ghg-emission-factors-us-industry-and-commodities,2022,2024-01-01,2024-01-01,,,methodologies/scope-3-cat1-spend-based,2026-04-24
scope3-spend-naics331210-epa-scghg-v130,Scope 3 Cat 1 Spend-Based — NAICS 331210 Iron and Steel Pipe and Tube Manufacturing from Purchased Steel,scope3-spend,3,1,naics-331210,0.36,kg CO2e / USD2022,,,,US-national,US-Federal,"{GHG-Protocol,SB-253}",AR5,1,4.7,EPA Supply Chain GHG Emission Factors v1.3.0,https://www.epa.gov/climateleadership/supply-chain-ghg-emission-factors-us-industry-and-commodities,2022,2024-01-01,2024-01-01,,,methodologies/scope-3-cat1-spend-based,2026-04-24
scope3-spend-naics331221-epa-scghg-v130,Scope 3 Cat 1 Spend-Based — NAICS 331221 Rolled Steel Shape Manufacturing,scope3-spend,3,1,naics-331221,0.36,kg CO2e / USD2022,,,,US-national,US-Federal,"{GHG-Protocol,SB-253}",AR5,1,4.7,EPA Supply Chain GHG Emission Factors v1.3.0,https://www.epa.gov/climateleadership/supply-chain-ghg-emission-factors-us-industry-and-commodities,2022,2024-01-01,2024-01-01,,,methodologies/scope-3-cat1-spend-based,2026-04-24
scope3-spend-naics331222-epa-scghg-v130,Scope 3 Cat 1 Spend-Based — NAICS 331222 Steel Wire Drawing,scope3-spend,3,1,naics-331222,0.36,kg CO2e / USD2022,,,,US-national,US-Federal,"{GHG-Protocol,SB-253}",AR5,1,4.7,EPA Supply Chain GHG Emission Factors v1.3.0,https://www.epa.gov/climateleadership/supply-chain-ghg-emission-factors-us-industry-and-commodities,2022,2024-01-01,2024-01-01,,,methodologies/scope-3-cat1-spend-based,2026-04-24
scope3-spend-naics331313-epa-scghg-v130,Scope 3 Cat 1 Spend-Based — NAICS 331313 Alumina Refining and Primary Aluminum Production,scope3-spend,3,1,naics-331313,1.018,kg CO2e / USD2022,,,,US-national,US-Federal,"{GHG-Protocol,SB-253}",AR5,1,1.4,EPA Supply Chain GHG Emission Factors v1.3.0,https://www.epa.gov/climateleadership/supply-chain-ghg-emission-factors-us-industry-and-commodities,2022,2024-01-01,2024-01-01,,,methodologies/scope-3-cat1-spend-based,2026-04-24
scope3-spend-naics331315-epa-scghg-v130,"Scope 3 Cat 1 Spend-Based — NAICS 331315 Aluminum Sheet, Plate, and Foil Manufacturing",scope3-spend,3,1,naics-331315,0.721,kg CO2e / USD2022,,,,US-national,US-Federal,"{GHG-Protocol,SB-253}",AR5,1,2.9,EPA Supply Chain GHG Emission Factors v1.3.0,https://www.epa.gov/climateleadership/supply-chain-ghg-emission-factors-us-industry-and-commodities,2022,2024-01-01,2024-01-01,,,methodologies/scope-3-cat1-spend-based,2026-04-24
scope3-spend-naics331318-epa-scghg-v130,"Scope 3 Cat 1 Spend-Based — NAICS 331318 Other Aluminum Rolling, Drawing, and Extruding",scope3-spend,3,1,naics-331318,0.721,kg CO2e / USD2022,,,,US-national,US-Federal,"{GHG-Protocol,SB-253}",AR5,1,2.9,EPA Supply Chain GHG Emission Factors v1.3.0,https://www.epa.gov/climateleadership/supply-chain-ghg-emission-factors-us-industry-and-commodities,2022,2024-01-01,2024-01-01,,,methodologies/scope-3-cat1-spend-based,2026-04-24
scope3-spend-naics331410-epa-scghg-v130,Scope 3 Cat 1 Spend-Based — NAICS 331410 Nonferrous Metal (except Aluminum) Smelting and Refining,scope3-spend,3,1,naics-331410,0.423,kg CO2e / USD2022,,,,US-national,US-Federal,"{GHG-Protocol,SB-253}",AR5,1,3.8,EPA Supply Chain GHG Emission Factors v1.3.0,https://www.epa.gov/climateleadership/supply-chain-ghg-emission-factors-us-industry-and-commodities,2022,2024-01-01,2024-01-01,,,methodologies/scope-3-cat1-spend-based,2026-04-24
scope3-spend-naics331420-epa-scghg-v130,"Scope 3 Cat 1 Spend-Based — NAICS 331420 Copper Rolling, Drawing, Extruding, and Alloying",scope3-spend,3,1,naics-331420,0.334,kg CO2e / USD2022,,,,US-national,US-Federal,"{GHG-Protocol,SB-253}",AR5,1,5.7,EPA Supply Chain GHG Emission Factors v1.3.0,https://www.epa.gov/climateleadership/supply-chain-ghg-emission-factors-us-industry-and-commodities,2022,2024-01-01,2024-01-01,,,methodologies/scope-3-cat1-spend-based,2026-04-24
scope3-spend-naics331491-epa-scghg-v130,"Scope 3 Cat 1 Spend-Based — NAICS 331491 Nonferrous Metal (except Copper and Aluminum) Rolling, Drawing, and Extruding",scope3-spend,3,1,naics-331491,0.431,kg CO2e / USD2022,,,,US-national,US-Federal,"{GHG-Protocol,SB-253}",AR5,1,4.2,EPA Supply Chain GHG Emission Factors v1.3.0,https://www.epa.gov/climateleadership/supply-chain-ghg-emission-factors-us-industry-and-commodities,2022,2024-01-01,2024-01-01,,,methodologies/scope-3-cat1-spend-based,2026-04-24
scope3-spend-naics331492-epa-scghg-v130,"Scope 3 Cat 1 Spend-Based — NAICS 331492 Secondary Smelting, Refining, and Alloying of Nonferrous Metal (except Copper and Aluminum)",scope3-spend,3,1,naics-331492,0.431,kg CO2e / USD2022,,,,US-national,US-Federal,"{GHG-Protocol,SB-253}",AR5,1,4.2,EPA Supply Chain GHG Emission Factors v1.3.0,https://www.epa.gov/climateleadership/supply-chain-ghg-emission-factors-us-industry-and-commodities,2022,2024-01-01,2024-01-01,,,methodologies/scope-3-cat1-spend-based,2026-04-24
scope3-spend-naics331511-epa-scghg-v130,Scope 3 Cat 1 Spend-Based — NAICS 331511 Iron Foundries,scope3-spend,3,1,naics-331511,0.369,kg CO2e / USD2022,,,,US-national,US-Federal,"{GHG-Protocol,SB-253}",AR5,1,5.7,EPA Supply Chain GHG Emission Factors v1.3.0,https://www.epa.gov/climateleadership/supply-chain-ghg-emission-factors-us-industry-and-commodities,2022,2024-01-01,2024-01-01,,,methodologies/scope-3-cat1-spend-based,2026-04-24
scope3-spend-naics331512-epa-scghg-v130,Scope 3 Cat 1 Spend-Based — NAICS 331512 Steel Investment Foundries,scope3-spend,3,1,naics-331512,0.369,kg CO2e / USD2022,,,,US-national,US-Federal,"{GHG-Protocol,SB-253}",AR5,1,5.7,EPA Supply Chain GHG Emission Factors v1.3.0,https://www.epa.gov/climateleadership/supply-chain-ghg-emission-factors-us-industry-and-commodities,2022,2024-01-01,2024-01-01,,,methodologies/scope-3-cat1-spend-based,2026-04-24
scope3-spend-naics331513-epa-scghg-v130,Scope 3 Cat 1 Spend-Based — NAICS 331513 Steel Foundries (except Investment),scope3-spend,3,1,naics-331513,0.369,kg CO2e / USD2022,,,,US-national,US-Federal,"{GHG-Protocol,SB-253}",AR5,1,5.7,EPA Supply Chain GHG Emission Factors v1.3.0,https://www.epa.gov/climateleadership/supply-chain-ghg-emission-factors-us-industry-and-commodities,2022,2024-01-01,2024-01-01,,,methodologies/scope-3-cat1-spend-based,2026-04-24
scope3-spend-naics331523-epa-scghg-v130,Scope 3 Cat 1 Spend-Based — NAICS 331523 Nonferrous Metal Die-Casting Foundries,scope3-spend,3,1,naics-331523,0.462,kg CO2e / USD2022,,,,US-national,US-Federal,"{GHG-Protocol,SB-253}",AR5,1,5.4,EPA Supply Chain GHG Emission Factors v1.3.0,https://www.epa.gov/climateleadership/supply-chain-ghg-emission-factors-us-industry-and-commodities,2022,2024-01-01,2024-01-01,,,methodologies/scope-3-cat1-spend-based,2026-04-24
scope3-spend-naics331524-epa-scghg-v130,Scope 3 Cat 1 Spend-Based — NAICS 331524 Aluminum Foundries (except Die-Casting),scope3-spend,3,1,naics-331524,0.462,kg CO2e / USD2022,,,,US-national,US-Federal,"{GHG-Protocol,SB-253}",AR5,1,5.4,EPA Supply Chain GHG Emission Factors v1.3.0,https://www.epa.gov/climateleadership/supply-chain-ghg-emission-factors-us-industry-and-commodities,2022,2024-01-01,2024-01-01,,,methodologies/scope-3-cat1-spend-based,2026-04-24
scope3-spend-naics331529-epa-scghg-v130,Scope 3 Cat 1 Spend-Based — NAICS 331529 Other Nonferrous Metal Foundries (except Die-Casting),scope3-spend,3,1,naics-331529,0.462,kg CO2e / USD2022,,,,US-national,US-Federal,"{GHG-Protocol,SB-253}",AR5,1,5.4,EPA Supply Chain GHG Emission Factors v1.3.0,https://www.epa.gov/climateleadership/supply-chain-ghg-emission-factors-us-industry-and-commodities,2022,2024-01-01,2024-01-01,,,methodologies/scope-3-cat1-spend-based,2026-04-24
scope3-spend-naics332111-epa-scghg-v130,Scope 3 Cat 1 Spend-Based — NAICS 332111 Iron and Steel Forging,scope3-spend,3,1,naics-332111,0.493,kg CO2e / USD2022,,,,US-national,US-Federal,"{GHG-Protocol,SB-253}",AR5,1,4.7,EPA Supply Chain GHG Emission Factors v1.3.0,https://www.epa.gov/climateleadership/supply-chain-ghg-emission-factors-us-industry-and-commodities,2022,2024-01-01,2024-01-01,,,methodologies/scope-3-cat1-spend-based,2026-04-24
scope3-spend-naics332112-epa-scghg-v130,Scope 3 Cat 1 Spend-Based — NAICS 332112 Nonferrous Forging,scope3-spend,3,1,naics-332112,0.493,kg CO2e / USD2022,,,,US-national,US-Federal,"{GHG-Protocol,SB-253}",AR5,1,4.7,EPA Supply Chain GHG Emission Factors v1.3.0,https://www.epa.gov/climateleadership/supply-chain-ghg-emission-factors-us-industry-and-commodities,2022,2024-01-01,2024-01-01,,,methodologies/scope-3-cat1-spend-based,2026-04-24
scope3-spend-naics332114-epa-scghg-v130,Scope 3 Cat 1 Spend-Based — NAICS 332114 Custom Roll Forming,scope3-spend,3,1,naics-332114,0.362,kg CO2e / USD2022,,,,US-national,US-Federal,"{GHG-Protocol,SB-253}",AR5,1,3.6,EPA Supply Chain GHG Emission Factors v1.3.0,https://www.epa.gov/climateleadership/supply-chain-ghg-emission-factors-us-industry-and-commodities,2022,2024-01-01,2024-01-01,,,methodologies/scope-3-cat1-spend-based,2026-04-24
scope3-spend-naics332117-epa-scghg-v130,Scope 3 Cat 1 Spend-Based — NAICS 332117 Powder Metallurgy Part Manufacturing,scope3-spend,3,1,naics-332117,0.493,kg CO2e / USD2022,,,,US-national,US-Federal,"{GHG-Protocol,SB-253}",AR5,1,4.7,EPA Supply Chain GHG Emission Factors v1.3.0,https://www.epa.gov/climateleadership/supply-chain-ghg-emission-factors-us-industry-and-commodities,2022,2024-01-01,2024-01-01,,,methodologies/scope-3-cat1-spend-based,2026-04-24
scope3-spend-naics332119-epa-scghg-v130,"Scope 3 Cat 1 Spend-Based — NAICS 332119 Metal Crown, Closure, and Other Metal Stamping (except Automotive)",scope3-spend,3,1,naics-332119,0.319,kg CO2e / USD2022,,,,US-national,US-Federal,"{GHG-Protocol,SB-253}",AR5,1,8.2,EPA Supply Chain GHG Emission Factors v1.3.0,https://www.epa.gov/climateleadership/supply-chain-ghg-emission-factors-us-industry-and-commodities,2022,2024-01-01,2024-01-01,,,methodologies/scope-3-cat1-spend-based,2026-04-24
scope3-spend-naics332215-epa-scghg-v130,"Scope 3 Cat 1 Spend-Based — NAICS 332215 Metal Kitchen Cookware, Utensil, Cutlery, and Flatware (except Precious) Manufacturing",scope3-spend,3,1,naics-332215,0.223,kg CO2e / USD2022,,,,US-national,US-Federal,"{GHG-Protocol,SB-253}",AR5,1,22.0,EPA Supply Chain GHG Emission Factors v1.3.0,https://www.epa.gov/climateleadership/supply-chain-ghg-emission-factors-us-industry-and-commodities,2022,2024-01-01,2024-01-01,,,methodologies/scope-3-cat1-spend-based,2026-04-24
scope3-spend-naics332216-epa-scghg-v130,Scope 3 Cat 1 Spend-Based — NAICS 332216 Saw Blade and Handtool Manufacturing,scope3-spend,3,1,naics-332216,0.223,kg CO2e / USD2022,,,,US-national,US-Federal,"{GHG-Protocol,SB-253}",AR5,1,22.0,EPA Supply Chain GHG Emission Factors v1.3.0,https://www.epa.gov/climateleadership/supply-chain-ghg-emission-factors-us-industry-and-commodities,2022,2024-01-01,2024-01-01,,,methodologies/scope-3-cat1-spend-based,2026-04-24
scope3-spend-naics332311-epa-scghg-v130,Scope 3 Cat 1 Spend-Based — NAICS 332311 Prefabricated Metal Building and Component Manufacturing,scope3-spend,3,1,naics-332311,0.262,kg CO2e / USD2022,,,,US-national,US-Federal,"{GHG-Protocol,SB-253}",AR5,1,6.5,EPA Supply Chain GHG Emission Factors v1.3.0,https://www.epa.gov/climateleadership/supply-chain-ghg-emission-factors-us-industry-and-commodities,2022,2024-01-01,2024-01-01,,,methodologies/scope-3-cat1-spend-based,2026-04-24
scope3-spend-naics332312-epa-scghg-v130,Scope 3 Cat 1 Spend-Based — NAICS 332312 Fabricated Structural Metal Manufacturing,scope3-spend,3,1,naics-332312,0.262,kg CO2e / USD2022,,,,US-national,US-Federal,"{GHG-Protocol,SB-253}",AR5,1,6.5,EPA Supply Chain GHG Emission Factors v1.3.0,https://www.epa.gov/climateleadership/supply-chain-ghg-emission-factors-us-industry-and-commodities,2022,2024-01-01,2024-01-01,,,methodologies/scope-3-cat1-spend-based,2026-04-24
scope3-spend-naics332313-epa-scghg-v130,Scope 3 Cat 1 Spend-Based — NAICS 332313 Plate Work Manufacturing,scope3-spend,3,1,naics-332313,0.262,kg CO2e / USD2022,,,,US-national,US-Federal,"{GHG-Protocol,SB-253}",AR5,1,6.5,EPA Supply Chain GHG Emission Factors v1.3.0,https://www.epa.gov/climateleadership/supply-chain-ghg-emission-factors-us-industry-and-commodities,2022,2024-01-01,2024-01-01,,,methodologies/scope-3-cat1-spend-based,2026-04-24
scope3-spend-naics332321-epa-scghg-v130,Scope 3 Cat 1 Spend-Based — NAICS 332321 Metal Window and Door Manufacturing,scope3-spend,3,1,naics-332321,0.221,kg CO2e / USD2022,,,,US-national,US-Federal,"{GHG-Protocol,SB-253}",AR5,1,11.8,EPA Supply Chain GHG Emission Factors v1.3.0,https://www.epa.gov/climateleadership/supply-chain-ghg-emission-factors-us-industry-and-commodities,2022,2024-01-01,2024-01-01,,,methodologies/scope-3-cat1-spend-based,2026-04-24
scope3-spend-naics332322-epa-scghg-v130,Scope 3 Cat 1 Spend-Based — NAICS 332322 Sheet Metal Work Manufacturing,scope3-spend,3,1,naics-332322,0.221,kg CO2e / USD2022,,,,US-national,US-Federal,"{GHG-Protocol,SB-253}",AR5,1,11.8,EPA Supply Chain GHG Emission Factors v1.3.0,https://www.epa.gov/climateleadership/supply-chain-ghg-emission-factors-us-industry-and-commodities,2022,2024-01-01,2024-01-01,,,methodologies/scope-3-cat1-spend-based,2026-04-24
scope3-spend-naics332323-epa-scghg-v130,Scope 3 Cat 1 Spend-Based — NAICS 332323 Ornamental and Architectural Metal Work Manufacturing,scope3-spend,3,1,naics-332323,0.221,kg CO2e / USD2022,,,,US-national,US-Federal,"{GHG-Protocol,SB-253}",AR5,1,11.8,EPA Supply Chain GHG Emission Factors v1.3.0,https://www.epa.gov/climateleadership/supply-chain-ghg-emission-factors-us-industry-and-commodities,2022,2024-01-01,2024-01-01,,,methodologies/scope-3-cat1-spend-based,2026-04-24
scope3-spend-naics332410-epa-scghg-v130,Scope 3 Cat 1 Spend-Based — NAICS 332410 Power Boiler and Heat Exchanger Manufacturing,scope3-spend,3,1,naics-332410,0.209,kg CO2e / USD2022,,,,US-national,US-Federal,"{GHG-Protocol,SB-253}",AR5,1,12.9,EPA Supply Chain GHG Emission Factors v1.3.0,https://www.epa.gov/climateleadership/supply-chain-ghg-emission-factors-us-industry-and-commodities,2022,2024-01-01,2024-01-01,,,methodologies/scope-3-cat1-spend-based,2026-04-24
scope3-spend-naics332420-epa-scghg-v130,Scope 3 Cat 1 Spend-Based — NAICS 332420 Metal Tank (Heavy Gauge) Manufacturing,scope3-spend,3,1,naics-332420,0.279,kg CO2e / USD2022,,,,US-national,US-Federal,"{GHG-Protocol,SB-253}",AR5,1,4.3,EPA Supply Chain GHG Emission Factors v1.3.0,https://www.epa.gov/climateleadership/supply-chain-ghg-emission-factors-us-industry-and-commodities,2022,2024-01-01,2024-01-01,,,methodologies/scope-3-cat1-spend-based,2026-04-24
scope3-spend-naics332431-epa-scghg-v130,Scope 3 Cat 1 Spend-Based — NAICS 332431 Metal Can Manufacturing,scope3-spend,3,1,naics-332431,0.318,kg CO2e / USD2022,,,,US-national,US-Federal,"{GHG-Protocol,SB-253}",AR5,1,5.0,EPA Supply Chain GHG Emission Factors v1.3.0,https://www.epa.gov/climateleadership/supply-chain-ghg-emission-factors-us-industry-and-commodities,2022,2024-01-01,2024-01-01,,,methodologies/scope-3-cat1-spend-based,2026-04-24
scope3-spend-naics332439-epa-scghg-v130,Scope 3 Cat 1 Spend-Based — NAICS 332439 Other Metal Container Manufacturing,scope3-spend,3,1,naics-332439,0.318,kg CO2e / USD2022,,,,US-national,US-Federal,"{GHG-Protocol,SB-253}",AR5,1,5.0,EPA Supply Chain GHG Emission Factors v1.3.0,https://www.epa.gov/climateleadership/supply-chain-ghg-emission-factors-us-industry-and-commodities,2022,2024-01-01,2024-01-01,,,methodologies/scope-3-cat1-spend-based,2026-04-24
scope3-spend-naics332510-epa-scghg-v130,Scope 3 Cat 1 Spend-Based — NAICS 332510 Hardware Manufacturing,scope3-spend,3,1,naics-332510,0.191,kg CO2e / USD2022,,,,US-national,US-Federal,"{GHG-Protocol,SB-253}",AR5,1,17.8,EPA Supply Chain GHG Emission Factors v1.3.0,https://www.epa.gov/climateleadership/supply-chain-ghg-emission-factors-us-industry-and-commodities,2022,2024-01-01,2024-01-01,,,methodologies/scope-3-cat1-spend-based,2026-04-24
scope3-spend-naics332613-epa-scghg-v130,Scope 3 Cat 1 Spend-Based — NAICS 332613 Spring Manufacturing,scope3-spend,3,1,naics-332613,0.233,kg CO2e / USD2022,,,,US-national,US-Federal,"{GHG-Protocol,SB-253}",AR5,1,6.0,EPA Supply Chain GHG Emission Factors v1.3.0,https://www.epa.gov/climateleadership/supply-chain-ghg-emission-factors-us-industry-and-commodities,2022,2024-01-01,2024-01-01,,,methodologies/scope-3-cat1-spend-based,2026-04-24
scope3-spend-naics332618-epa-scghg-v130,Scope 3 Cat 1 Spend-Based — NAICS 332618 Other Fabricated Wire Product Manufacturing,scope3-spend,3,1,naics-332618,0.233,kg CO2e / USD2022,,,,US-national,US-Federal,"{GHG-Protocol,SB-253}",AR5,1,6.0,EPA Supply Chain GHG Emission Factors v1.3.0,https://www.epa.gov/climateleadership/supply-chain-ghg-emission-factors-us-industry-and-commodities,2022,2024-01-01,2024-01-01,,,methodologies/scope-3-cat1-spend-based,2026-04-24
scope3-spend-naics332710-epa-scghg-v130,Scope 3 Cat 1 Spend-Based — NAICS 332710 Machine Shops,scope3-spend,3,1,naics-332710,0.278,kg CO2e / USD2022,,,,US-national,US-Federal,"{GHG-Protocol,SB-253}",AR5,1,5.8,EPA Supply Chain GHG Emission Factors v1.3.0,https://www.epa.gov/climateleadership/supply-chain-ghg-emission-factors-us-industry-and-commodities,2022,2024-01-01,2024-01-01,,,methodologies/scope-3-cat1-spend-based,2026-04-24
scope3-spend-naics332721-epa-scghg-v130,Scope 3 Cat 1 Spend-Based — NAICS 332721 Precision Turned Product Manufacturing,scope3-spend,3,1,naics-332721,0.248,kg CO2e / USD2022,,,,US-national,US-Federal,"{GHG-Protocol,SB-253}",AR5,1,10.5,EPA Supply Chain GHG Emission Factors v1.3.0,https://www.epa.gov/climateleadership/supply-chain-ghg-emission-factors-us-industry-and-commodities,2022,2024-01-01,2024-01-01,,,methodologies/scope-3-cat1-spend-based,2026-04-24
scope3-spend-naics332722-epa-scghg-v130,"Scope 3 Cat 1 Spend-Based — NAICS 332722 Bolt, Nut, Screw, Rivet, and Washer Manufacturing",scope3-spend,3,1,naics-332722,0.248,kg CO2e / USD2022,,,,US-national,US-Federal,"{GHG-Protocol,SB-253}",AR5,1,10.5,EPA Supply Chain GHG Emission Factors v1.3.0,https://www.epa.gov/climateleadership/supply-chain-ghg-emission-factors-us-industry-and-commodities,2022,2024-01-01,2024-01-01,,,methodologies/scope-3-cat1-spend-based,2026-04-24
scope3-spend-naics332811-epa-scghg-v130,Scope 3 Cat 1 Spend-Based — NAICS 332811 Metal Heat Treating,scope3-spend,3,1,naics-332811,0.382,kg CO2e / USD2022,,,,US-national,US-Federal,"{GHG-Protocol,SB-253}",AR5,1,3.9,EPA Supply Chain GHG Emission Factors v1.3.0,https://www.epa.gov/climateleadership/supply-chain-ghg-emission-factors-us-industry-and-commodities,2022,2024-01-01,2024-01-01,,,methodologies/scope-3-cat1-spend-based,2026-04-24
scope3-spend-naics332812-epa-scghg-v130,"Scope 3 Cat 1 Spend-Based — NAICS 332812 Metal Coating, Engraving (except Jewelry and Silverware), and Allied Services to Manufacturers",scope3-spend,3,1,naics-332812,0.382,kg CO2e / USD2022,,,,US-national,US-Federal,"{GHG-Protocol,SB-253}",AR5,1,3.9,EPA Supply Chain GHG Emission Factors v1.3.0,https://www.epa.gov/climateleadership/supply-chain-ghg-emission-factors-us-industry-and-commodities,2022,2024-01-01,2024-01-01,,,methodologies/scope-3-cat1-spend-based,2026-04-24
scope3-spend-naics332813-epa-scghg-v130,"Scope 3 Cat 1 Spend-Based — NAICS 332813 Electroplating, Plating, Polishing, Anodizing, and Coloring",scope3-spend,3,1,naics-332813,0.382,kg CO2e / USD2022,,,,US-national,US-Federal,"{GHG-Protocol,SB-253}",AR5,1,3.9,EPA Supply Chain GHG Emission Factors v1.3.0,https://www.epa.gov/climateleadership/supply-chain-ghg-emission-factors-us-industry-and-commodities,2022,2024-01-01,2024-01-01,,,methodologies/scope-3-cat1-spend-based,2026-04-24
scope3-spend-naics332911-epa-scghg-v130,Scope 3 Cat 1 Spend-Based — NAICS 332911 Industrial Valve Manufacturing,scope3-spend,3,1,naics-332911,0.173,kg CO2e / USD2022,,,,US-national,US-Federal,"{GHG-Protocol,SB-253}",AR5,1,15.6,EPA Supply Chain GHG Emission Factors v1.3.0,https://www.epa.gov/climateleadership/supply-chain-ghg-emission-factors-us-industry-and-commodities,2022,2024-01-01,2024-01-01,,,methodologies/scope-3-cat1-spend-based,2026-04-24
scope3-spend-naics332912-epa-scghg-v130,Scope 3 Cat 1 Spend-Based — NAICS 332912 Fluid Power Valve and Hose Fitting Manufacturing,scope3-spend,3,1,naics-332912,0.173,kg CO2e / USD2022,,,,US-national,US-Federal,"{GHG-Protocol,SB-253}",AR5,1,15.6,EPA Supply Chain GHG Emission Factors v1.3.0,https://www.epa.gov/climateleadership/supply-chain-ghg-emission-factors-us-industry-and-commodities,2022,2024-01-01,2024-01-01,,,methodologies/scope-3-cat1-spend-based,2026-04-24
scope3-spend-naics332913-epa-scghg-v130,Scope 3 Cat 1 Spend-Based — NAICS 332913 Plumbing Fixture Fitting and Trim Manufacturing,scope3-spend,3,1,naics-332913,0.171,kg CO2e / USD2022,,,,US-national,US-Federal,"{GHG-Protocol,SB-253}",AR5,1,26.3,EPA Supply Chain GHG Emission Factors v1.3.0,https://www.epa.gov/climateleadership/supply-chain-ghg-emission-factors-us-industry-and-commodities,2022,2024-01-01,2024-01-01,,,methodologies/scope-3-cat1-spend-based,2026-04-24
scope3-spend-naics332919-epa-scghg-v130,Scope 3 Cat 1 Spend-Based — NAICS 332919 Other Metal Valve and Pipe Fitting Manufacturing,scope3-spend,3,1,naics-332919,0.173,kg CO2e / USD2022,,,,US-national,US-Federal,"{GHG-Protocol,SB-253}",AR5,1,15.6,EPA Supply Chain GHG Emission Factors v1.3.0,https://www.epa.gov/climateleadership/supply-chain-ghg-emission-factors-us-industry-and-commodities,2022,2024-01-01,2024-01-01,,,methodologies/scope-3-cat1-spend-based,2026-04-24
scope3-spend-naics332991-epa-scghg-v130,Scope 3 Cat 1 Spend-Based — NAICS 332991 Ball and Roller Bearing Manufacturing,scope3-spend,3,1,naics-332991,0.203,kg CO2e / USD2022,,,,US-national,US-Federal,"{GHG-Protocol,SB-253}",AR5,1,11.8,EPA Supply Chain GHG Emission Factors v1.3.0,https://www.epa.gov/climateleadership/supply-chain-ghg-emission-factors-us-industry-and-commodities,2022,2024-01-01,2024-01-01,,,methodologies/scope-3-cat1-spend-based,2026-04-24
scope3-spend-naics332992-epa-scghg-v130,Scope 3 Cat 1 Spend-Based — NAICS 332992 Small Arms Ammunition Manufacturing,scope3-spend,3,1,naics-332992,0.168,kg CO2e / USD2022,,,,US-national,US-Federal,"{GHG-Protocol,SB-253}",AR5,1,32.1,EPA Supply Chain GHG Emission Factors v1.3.0,https://www.epa.gov/climateleadership/supply-chain-ghg-emission-factors-us-industry-and-commodities,2022,2024-01-01,2024-01-01,,,methodologies/scope-3-cat1-spend-based,2026-04-24
scope3-spend-naics332993-epa-scghg-v130,Scope 3 Cat 1 Spend-Based — NAICS 332993 Ammunition (except Small Arms) Manufacturing,scope3-spend,3,1,naics-332993,0.168,kg CO2e / USD2022,,,,US-national,US-Federal,"{GHG-Protocol,SB-253}",AR5,1,32.1,EPA Supply Chain GHG Emission Factors v1.3.0,https://www.epa.gov/climateleadership/supply-chain-ghg-emission-factors-us-industry-and-commodities,2022,2024-01-01,2024-01-01,,,methodologies/scope-3-cat1-spend-based,2026-04-24
scope3-spend-naics332994-epa-scghg-v130,"Scope 3 Cat 1 Spend-Based — NAICS 332994 Small Arms, Ordnance, and Ordnance Accessories Manufacturing",scope3-spend,3,1,naics-332994,0.168,kg CO2e / USD2022,,,,US-national,US-Federal,"{GHG-Protocol,SB-253}",AR5,1,32.1,EPA Supply Chain GHG Emission Factors v1.3.0,https://www.epa.gov/climateleadership/supply-chain-ghg-emission-factors-us-industry-and-commodities,2022,2024-01-01,2024-01-01,,,methodologies/scope-3-cat1-spend-based,2026-04-24
scope3-spend-naics332996-epa-scghg-v130,Scope 3 Cat 1 Spend-Based — NAICS 332996 Fabricated Pipe and Pipe Fitting Manufacturing,scope3-spend,3,1,naics-332996,0.238,kg CO2e / USD2022,,,,US-national,US-Federal,"{GHG-Protocol,SB-253}",AR5,1,10.9,EPA Supply Chain GHG Emission Factors v1.3.0,https://www.epa.gov/climateleadership/supply-chain-ghg-emission-factors-us-industry-and-commodities,2022,2024-01-01,2024-01-01,,,methodologies/scope-3-cat1-spend-based,2026-04-24
scope3-spend-naics332999-epa-scghg-v130,Scope 3 Cat 1 Spend-Based — NAICS 332999 All Other Miscellaneous Fabricated Metal Product Manufacturing,scope3-spend,3,1,naics-332999,0.272,kg CO2e / USD2022,,,,US-national,US-Federal,"{GHG-Protocol,SB-253}",AR5,1,8.8,EPA Supply Chain GHG Emission Factors v1.3.0,https://www.epa.gov/climateleadership/supply-chain-ghg-emission-factors-us-industry-and-commodities,2022,2024-01-01,2024-01-01,,,methodologies/scope-3-cat1-spend-based,2026-04-24
scope3-spend-naics333111-epa-scghg-v130,Scope 3 Cat 1 Spend-Based — NAICS 333111 Farm Machinery and Equipment Manufacturing,scope3-spend,3,1,naics-333111,0.22,kg CO2e / USD2022,,,,US-national,US-Federal,"{GHG-Protocol,SB-253}",AR5,1,13.2,EPA Supply Chain GHG Emission Factors v1.3.0,https://www.epa.gov/climateleadership/supply-chain-ghg-emission-factors-us-industry-and-commodities,2022,2024-01-01,2024-01-01,,,methodologies/scope-3-cat1-spend-based,2026-04-24
scope3-spend-naics333112-epa-scghg-v130,Scope 3 Cat 1 Spend-Based — NAICS 333112 Lawn and Garden Tractor and Home Lawn and Garden Equipment Manufacturing,scope3-spend,3,1,naics-333112,0.12,kg CO2e / USD2022,,,,US-national,US-Federal,"{GHG-Protocol,SB-253}",AR5,1,56.7,EPA Supply Chain GHG Emission Factors v1.3.0,https://www.epa.gov/climateleadership/supply-chain-ghg-emission-factors-us-industry-and-commodities,2022,2024-01-01,2024-01-01,,,methodologies/scope-3-cat1-spend-based,2026-04-24
scope3-spend-naics333120-epa-scghg-v130,Scope 3 Cat 1 Spend-Based — NAICS 333120 Construction Machinery Manufacturing,scope3-spend,3,1,naics-333120,0.228,kg CO2e / USD2022,,,,US-national,US-Federal,"{GHG-Protocol,SB-253}",AR5,1,11.8,EPA Supply Chain GHG Emission Factors v1.3.0,https://www.epa.gov/climateleadership/supply-chain-ghg-emission-factors-us-industry-and-commodities,2022,2024-01-01,2024-01-01,,,methodologies/scope-3-cat1-spend-based,2026-04-24
scope3-spend-naics333131-epa-scghg-v130,Scope 3 Cat 1 Spend-Based — NAICS 333131 Mining Machinery and Equipment Manufacturing,scope3-spend,3,1,naics-333131,0.219,kg CO2e / USD2022,,,,US-national,US-Federal,"{GHG-Protocol,SB-253}",AR5,1,20.1,EPA Supply Chain GHG Emission Factors v1.3.0,https://www.epa.gov/climateleadership/supply-chain-ghg-emission-factors-us-industry-and-commodities,2022,2024-01-01,2024-01-01,,,methodologies/scope-3-cat1-spend-based,2026-04-24
scope3-spend-naics333132-epa-scghg-v130,Scope 3 Cat 1 Spend-Based — NAICS 333132 Oil and Gas Field Machinery and Equipment Manufacturing,scope3-spend,3,1,naics-333132,0.219,kg CO2e / USD2022,,,,US-national,US-Federal,"{GHG-Protocol,SB-253}",AR5,1,20.1,EPA Supply Chain GHG Emission Factors v1.3.0,https://www.epa.gov/climateleadership/supply-chain-ghg-emission-factors-us-industry-and-commodities,2022,2024-01-01,2024-01-01,,,methodologies/scope-3-cat1-spend-based,2026-04-24
scope3-spend-naics333241-epa-scghg-v130,Scope 3 Cat 1 Spend-Based — NAICS 333241 Food Product Machinery Manufacturing,scope3-spend,3,1,naics-333241,0.185,kg CO2e / USD2022,,,,US-national,US-Federal,"{GHG-Protocol,SB-253}",AR5,1,10.3,EPA Supply Chain GHG Emission Factors v1.3.0,https://www.epa.gov/climateleadership/supply-chain-ghg-emission-factors-us-industry-and-commodities,2022,2024-01-01,2024-01-01,,,methodologies/scope-3-cat1-spend-based,2026-04-24
scope3-spend-naics333242-epa-scghg-v130,Scope 3 Cat 1 Spend-Based — NAICS 333242 Semiconductor Machinery Manufacturing,scope3-spend,3,1,naics-333242,0.15,kg CO2e / USD2022,,,,US-national,US-Federal,"{GHG-Protocol,SB-253}",AR5,1,13.3,EPA Supply Chain GHG Emission Factors v1.3.0,https://www.epa.gov/climateleadership/supply-chain-ghg-emission-factors-us-industry-and-commodities,2022,2024-01-01,2024-01-01,,,methodologies/scope-3-cat1-spend-based,2026-04-24
scope3-spend-naics333243-epa-scghg-v130,"Scope 3 Cat 1 Spend-Based — NAICS 333243 Sawmill, Woodworking, and Paper Machinery Manufacturing",scope3-spend,3,1,naics-333243,0.185,kg CO2e / USD2022,,,,US-national,US-Federal,"{GHG-Protocol,SB-253}",AR5,1,10.3,EPA Supply Chain GHG Emission Factors v1.3.0,https://www.epa.gov/climateleadership/supply-chain-ghg-emission-factors-us-industry-and-commodities,2022,2024-01-01,2024-01-01,,,methodologies/scope-3-cat1-spend-based,2026-04-24
scope3-spend-naics333244-epa-scghg-v130,Scope 3 Cat 1 Spend-Based — NAICS 333244 Printing Machinery and Equipment Manufacturing,scope3-spend,3,1,naics-333244,0.185,kg CO2e / USD2022,,,,US-national,US-Federal,"{GHG-Protocol,SB-253}",AR5,1,10.3,EPA Supply Chain GHG Emission Factors v1.3.0,https://www.epa.gov/climateleadership/supply-chain-ghg-emission-factors-us-industry-and-commodities,2022,2024-01-01,2024-01-01,,,methodologies/scope-3-cat1-spend-based,2026-04-24
scope3-spend-naics333249-epa-scghg-v130,Scope 3 Cat 1 Spend-Based — NAICS 333249 Other Industrial Machinery Manufacturing,scope3-spend,3,1,naics-333249,0.185,kg CO2e / USD2022,,,,US-national,US-Federal,"{GHG-Protocol,SB-253}",AR5,1,10.3,EPA Supply Chain GHG Emission Factors v1.3.0,https://www.epa.gov/climateleadership/supply-chain-ghg-emission-factors-us-industry-and-commodities,2022,2024-01-01,2024-01-01,,,methodologies/scope-3-cat1-spend-based,2026-04-24
scope3-spend-naics333314-epa-scghg-v130,Scope 3 Cat 1 Spend-Based — NAICS 333314 Optical Instrument and Lens Manufacturing,scope3-spend,3,1,naics-333314,0.175,kg CO2e / USD2022,,,,US-national,US-Federal,"{GHG-Protocol,SB-253}",AR5,1,13.1,EPA Supply Chain GHG Emission Factors v1.3.0,https://www.epa.gov/climateleadership/supply-chain-ghg-emission-factors-us-industry-and-commodities,2022,2024-01-01,2024-01-01,,,methodologies/scope-3-cat1-spend-based,2026-04-24
scope3-spend-naics333316-epa-scghg-v130,Scope 3 Cat 1 Spend-Based — NAICS 333316 Photographic and Photocopying Equipment Manufacturing,scope3-spend,3,1,naics-333316,0.135,kg CO2e / USD2022,,,,US-national,US-Federal,"{GHG-Protocol,SB-253}",AR5,1,37.0,EPA Supply Chain GHG Emission Factors v1.3.0,https://www.epa.gov/climateleadership/supply-chain-ghg-emission-factors-us-industry-and-commodities,2022,2024-01-01,2024-01-01,,,methodologies/scope-3-cat1-spend-based,2026-04-24
scope3-spend-naics333318-epa-scghg-v130,Scope 3 Cat 1 Spend-Based — NAICS 333318 Other Commercial and Service Industry Machinery Manufacturing,scope3-spend,3,1,naics-333318,0.205,kg CO2e / USD2022,,,,US-national,US-Federal,"{GHG-Protocol,SB-253}",AR5,1,16.6,EPA Supply Chain GHG Emission Factors v1.3.0,https://www.epa.gov/climateleadership/supply-chain-ghg-emission-factors-us-industry-and-commodities,2022,2024-01-01,2024-01-01,,,methodologies/scope-3-cat1-spend-based,2026-04-24
scope3-spend-naics333413-epa-scghg-v130,Scope 3 Cat 1 Spend-Based — NAICS 333413 Industrial and Commercial Fan and Blower and Air Purification Equipment Manufacturing,scope3-spend,3,1,naics-333413,0.21,kg CO2e / USD2022,,,,US-national,US-Federal,"{GHG-Protocol,SB-253}",AR5,1,11.9,EPA Supply Chain GHG Emission Factors v1.3.0,https://www.epa.gov/climateleadership/supply-chain-ghg-emission-factors-us-industry-and-commodities,2022,2024-01-01,2024-01-01,,,methodologies/scope-3-cat1-spend-based,2026-04-24
scope3-spend-naics333414-epa-scghg-v130,Scope 3 Cat 1 Spend-Based — NAICS 333414 Heating Equipment (except Warm Air Furnaces) Manufacturing,scope3-spend,3,1,naics-333414,0.176,kg CO2e / USD2022,,,,US-national,US-Federal,"{GHG-Protocol,SB-253}",AR5,1,21.6,EPA Supply Chain GHG Emission Factors v1.3.0,https://www.epa.gov/climateleadership/supply-chain-ghg-emission-factors-us-industry-and-commodities,2022,2024-01-01,2024-01-01,,,methodologies/scope-3-cat1-spend-based,2026-04-24
scope3-spend-naics333415-epa-scghg-v130,Scope 3 Cat 1 Spend-Based — NAICS 333415 Air-Conditioning and Warm Air Heating Equipment and Commercial and Industrial Refrigeration Equipment Manufacturing,scope3-spend,3,1,naics-333415,0.184,kg CO2e / USD2022,,,,US-national,US-Federal,"{GHG-Protocol,SB-253}",AR5,1,15.2,EPA Supply Chain GHG Emission Factors v1.3.0,https://www.epa.gov/climateleadership/supply-chain-ghg-emission-factors-us-industry-and-commodities,2022,2024-01-01,2024-01-01,,,methodologies/scope-3-cat1-spend-based,2026-04-24
scope3-spend-naics333511-epa-scghg-v130,Scope 3 Cat 1 Spend-Based — NAICS 333511 Industrial Mold Manufacturing,scope3-spend,3,1,naics-333511,0.262,kg CO2e / USD2022,,,,US-national,US-Federal,"{GHG-Protocol,SB-253}",AR5,1,9.5,EPA Supply Chain GHG Emission Factors v1.3.0,https://www.epa.gov/climateleadership/supply-chain-ghg-emission-factors-us-industry-and-commodities,2022,2024-01-01,2024-01-01,,,methodologies/scope-3-cat1-spend-based,2026-04-24
scope3-spend-naics333514-epa-scghg-v130,"Scope 3 Cat 1 Spend-Based — NAICS 333514 Special Die and Tool, Die Set, Jig, and Fixture Manufacturing",scope3-spend,3,1,naics-333514,0.21,kg CO2e / USD2022,,,,US-national,US-Federal,"{GHG-Protocol,SB-253}",AR5,1,12.4,EPA Supply Chain GHG Emission Factors v1.3.0,https://www.epa.gov/climateleadership/supply-chain-ghg-emission-factors-us-industry-and-commodities,2022,2024-01-01,2024-01-01,,,methodologies/scope-3-cat1-spend-based,2026-04-24
scope3-spend-naics333515-epa-scghg-v130,Scope 3 Cat 1 Spend-Based — NAICS 333515 Cutting Tool and Machine Tool Accessory Manufacturing,scope3-spend,3,1,naics-333515,0.207,kg CO2e / USD2022,,,,US-national,US-Federal,"{GHG-Protocol,SB-253}",AR5,1,11.1,EPA Supply Chain GHG Emission Factors v1.3.0,https://www.epa.gov/climateleadership/supply-chain-ghg-emission-factors-us-industry-and-commodities,2022,2024-01-01,2024-01-01,,,methodologies/scope-3-cat1-spend-based,2026-04-24
scope3-spend-naics333517-epa-scghg-v130,Scope 3 Cat 1 Spend-Based — NAICS 333517 Machine Tool Manufacturing,scope3-spend,3,1,naics-333517,0.199,kg CO2e / USD2022,,,,US-national,US-Federal,"{GHG-Protocol,SB-253}",AR5,1,11.6,EPA Supply Chain GHG Emission Factors v1.3.0,https://www.epa.gov/climateleadership/supply-chain-ghg-emission-factors-us-industry-and-commodities,2022,2024-01-01,2024-01-01,,,methodologies/scope-3-cat1-spend-based,2026-04-24
scope3-spend-naics333519-epa-scghg-v130,Scope 3 Cat 1 Spend-Based — NAICS 333519 Rolling Mill and Other Metalworking Machinery Manufacturing,scope3-spend,3,1,naics-333519,0.207,kg CO2e / USD2022,,,,US-national,US-Federal,"{GHG-Protocol,SB-253}",AR5,1,11.1,EPA Supply Chain GHG Emission Factors v1.3.0,https://www.epa.gov/climateleadership/supply-chain-ghg-emission-factors-us-industry-and-commodities,2022,2024-01-01,2024-01-01,,,methodologies/scope-3-cat1-spend-based,2026-04-24
scope3-spend-naics333611-epa-scghg-v130,Scope 3 Cat 1 Spend-Based — NAICS 333611 Turbine and Turbine Generator Set Units Manufacturing,scope3-spend,3,1,naics-333611,0.201,kg CO2e / USD2022,,,,US-national,US-Federal,"{GHG-Protocol,SB-253}",AR5,1,11.9,EPA Supply Chain GHG Emission Factors v1.3.0,https://www.epa.gov/climateleadership/supply-chain-ghg-emission-factors-us-industry-and-commodities,2022,2024-01-01,2024-01-01,,,methodologies/scope-3-cat1-spend-based,2026-04-24
scope3-spend-naics333612-epa-scghg-v130,"Scope 3 Cat 1 Spend-Based — NAICS 333612 Speed Changer, Industrial High-Speed Drive, and Gear Manufacturing",scope3-spend,3,1,naics-333612,0.179,kg CO2e / USD2022,,,,US-national,US-Federal,"{GHG-Protocol,SB-253}",AR5,1,8.9,EPA Supply Chain GHG Emission Factors v1.3.0,https://www.epa.gov/climateleadership/supply-chain-ghg-emission-factors-us-industry-and-commodities,2022,2024-01-01,2024-01-01,,,methodologies/scope-3-cat1-spend-based,2026-04-24
scope3-spend-naics333613-epa-scghg-v130,Scope 3 Cat 1 Spend-Based — NAICS 333613 Mechanical Power Transmission Equipment Manufacturing,scope3-spend,3,1,naics-333613,0.209,kg CO2e / USD2022,,,,US-national,US-Federal,"{GHG-Protocol,SB-253}",AR5,1,10.5,EPA Supply Chain GHG Emission Factors v1.3.0,https://www.epa.gov/climateleadership/supply-chain-ghg-emission-factors-us-industry-and-commodities,2022,2024-01-01,2024-01-01,,,methodologies/scope-3-cat1-spend-based,2026-04-24
scope3-spend-naics333618-epa-scghg-v130,Scope 3 Cat 1 Spend-Based — NAICS 333618 Other Engine Equipment Manufacturing,scope3-spend,3,1,naics-333618,0.297,kg CO2e / USD2022,,,,US-national,US-Federal,"{GHG-Protocol,SB-253}",AR5,1,8.1,EPA Supply Chain GHG Emission Factors v1.3.0,https://www.epa.gov/climateleadership/supply-chain-ghg-emission-factors-us-industry-and-commodities,2022,2024-01-01,2024-01-01,,,methodologies/scope-3-cat1-spend-based,2026-04-24
scope3-spend-naics333912-epa-scghg-v130,Scope 3 Cat 1 Spend-Based — NAICS 333912 Air and Gas Compressor Manufacturing,scope3-spend,3,1,naics-333912,0.177,kg CO2e / USD2022,,,,US-national,US-Federal,"{GHG-Protocol,SB-253}",AR5,1,11.3,EPA Supply Chain GHG Emission Factors v1.3.0,https://www.epa.gov/climateleadership/supply-chain-ghg-emission-factors-us-industry-and-commodities,2022,2024-01-01,2024-01-01,,,methodologies/scope-3-cat1-spend-based,2026-04-24
scope3-spend-naics333914-epa-scghg-v130,"Scope 3 Cat 1 Spend-Based — NAICS 333914 Measuring, Dispensing, and Other Pumping Equipment Manufacturing",scope3-spend,3,1,naics-333914,0.223,kg CO2e / USD2022,,,,US-national,US-Federal,"{GHG-Protocol,SB-253}",AR5,1,0.0,EPA Supply Chain GHG Emission Factors v1.3.0,https://www.epa.gov/climateleadership/supply-chain-ghg-emission-factors-us-industry-and-commodities,2022,2024-01-01,2024-01-01,,,methodologies/scope-3-cat1-spend-based,2026-04-24
scope3-spend-naics333921-epa-scghg-v130,Scope 3 Cat 1 Spend-Based — NAICS 333921 Elevator and Moving Stairway Manufacturing,scope3-spend,3,1,naics-333921,0.256,kg CO2e / USD2022,,,,US-national,US-Federal,"{GHG-Protocol,SB-253}",AR5,1,8.6,EPA Supply Chain GHG Emission Factors v1.3.0,https://www.epa.gov/climateleadership/supply-chain-ghg-emission-factors-us-industry-and-commodities,2022,2024-01-01,2024-01-01,,,methodologies/scope-3-cat1-spend-based,2026-04-24
scope3-spend-naics333922-epa-scghg-v130,Scope 3 Cat 1 Spend-Based — NAICS 333922 Conveyor and Conveying Equipment Manufacturing,scope3-spend,3,1,naics-333922,0.256,kg CO2e / USD2022,,,,US-national,US-Federal,"{GHG-Protocol,SB-253}",AR5,1,8.6,EPA Supply Chain GHG Emission Factors v1.3.0,https://www.epa.gov/climateleadership/supply-chain-ghg-emission-factors-us-industry-and-commodities,2022,2024-01-01,2024-01-01,,,methodologies/scope-3-cat1-spend-based,2026-04-24
scope3-spend-naics333923-epa-scghg-v130,"Scope 3 Cat 1 Spend-Based — NAICS 333923 Overhead Traveling Crane, Hoist, and Monorail System Manufacturing",scope3-spend,3,1,naics-333923,0.256,kg CO2e / USD2022,,,,US-national,US-Federal,"{GHG-Protocol,SB-253}",AR5,1,8.6,EPA Supply Chain GHG Emission Factors v1.3.0,https://www.epa.gov/climateleadership/supply-chain-ghg-emission-factors-us-industry-and-commodities,2022,2024-01-01,2024-01-01,,,methodologies/scope-3-cat1-spend-based,2026-04-24
scope3-spend-naics333924-epa-scghg-v130,"Scope 3 Cat 1 Spend-Based — NAICS 333924 Industrial Truck, Tractor, Trailer, and Stacker Machinery Manufacturing",scope3-spend,3,1,naics-333924,0.256,kg CO2e / USD2022,,,,US-national,US-Federal,"{GHG-Protocol,SB-253}",AR5,1,8.6,EPA Supply Chain GHG Emission Factors v1.3.0,https://www.epa.gov/climateleadership/supply-chain-ghg-emission-factors-us-industry-and-commodities,2022,2024-01-01,2024-01-01,,,methodologies/scope-3-cat1-spend-based,2026-04-24
scope3-spend-naics333991-epa-scghg-v130,Scope 3 Cat 1 Spend-Based — NAICS 333991 Power-Driven Handtool Manufacturing,scope3-spend,3,1,naics-333991,0.136,kg CO2e / USD2022,,,,US-national,US-Federal,"{GHG-Protocol,SB-253}",AR5,1,39.0,EPA Supply Chain GHG Emission Factors v1.3.0,https://www.epa.gov/climateleadership/supply-chain-ghg-emission-factors-us-industry-and-commodities,2022,2024-01-01,2024-01-01,,,methodologies/scope-3-cat1-spend-based,2026-04-24
scope3-spend-naics333992-epa-scghg-v130,Scope 3 Cat 1 Spend-Based — NAICS 333992 Welding and Soldering Equipment Manufacturing,scope3-spend,3,1,naics-333992,0.249,kg CO2e / USD2022,,,,US-national,US-Federal,"{GHG-Protocol,SB-253}",AR5,1,8.4,EPA Supply Chain GHG Emission Factors v1.3.0,https://www.epa.gov/climateleadership/supply-chain-ghg-emission-factors-us-industry-and-commodities,2022,2024-01-01,2024-01-01,,,methodologies/scope-3-cat1-spend-based,2026-04-24
scope3-spend-naics333993-epa-scghg-v130,Scope 3 Cat 1 Spend-Based — NAICS 333993 Packaging Machinery Manufacturing,scope3-spend,3,1,naics-333993,0.136,kg CO2e / USD2022,,,,US-national,US-Federal,"{GHG-Protocol,SB-253}",AR5,1,16.9,EPA Supply Chain GHG Emission Factors v1.3.0,https://www.epa.gov/climateleadership/supply-chain-ghg-emission-factors-us-industry-and-commodities,2022,2024-01-01,2024-01-01,,,methodologies/scope-3-cat1-spend-based,2026-04-24
scope3-spend-naics333994-epa-scghg-v130,Scope 3 Cat 1 Spend-Based — NAICS 333994 Industrial Process Furnace and Oven Manufacturing,scope3-spend,3,1,naics-333994,0.19,kg CO2e / USD2022,,,,US-national,US-Federal,"{GHG-Protocol,SB-253}",AR5,1,11.6,EPA Supply Chain GHG Emission Factors v1.3.0,https://www.epa.gov/climateleadership/supply-chain-ghg-emission-factors-us-industry-and-commodities,2022,2024-01-01,2024-01-01,,,methodologies/scope-3-cat1-spend-based,2026-04-24
scope3-spend-naics333995-epa-scghg-v130,Scope 3 Cat 1 Spend-Based — NAICS 333995 Fluid Power Cylinder and Actuator Manufacturing,scope3-spend,3,1,naics-333995,0.202,kg CO2e / USD2022,,,,US-national,US-Federal,"{GHG-Protocol,SB-253}",AR5,1,10.4,EPA Supply Chain GHG Emission Factors v1.3.0,https://www.epa.gov/climateleadership/supply-chain-ghg-emission-factors-us-industry-and-commodities,2022,2024-01-01,2024-01-01,,,methodologies/scope-3-cat1-spend-based,2026-04-24
scope3-spend-naics333996-epa-scghg-v130,Scope 3 Cat 1 Spend-Based — NAICS 333996 Fluid Power Pump and Motor Manufacturing,scope3-spend,3,1,naics-333996,0.202,kg CO2e / USD2022,,,,US-national,US-Federal,"{GHG-Protocol,SB-253}",AR5,1,10.4,EPA Supply Chain GHG Emission Factors v1.3.0,https://www.epa.gov/climateleadership/supply-chain-ghg-emission-factors-us-industry-and-commodities,2022,2024-01-01,2024-01-01,,,methodologies/scope-3-cat1-spend-based,2026-04-24
scope3-spend-naics333997-epa-scghg-v130,Scope 3 Cat 1 Spend-Based — NAICS 333997 Scale and Balance Manufacturing,scope3-spend,3,1,naics-333997,0.249,kg CO2e / USD2022,,,,US-national,US-Federal,"{GHG-Protocol,SB-253}",AR5,1,8.4,EPA Supply Chain GHG Emission Factors v1.3.0,https://www.epa.gov/climateleadership/supply-chain-ghg-emission-factors-us-industry-and-commodities,2022,2024-01-01,2024-01-01,,,methodologies/scope-3-cat1-spend-based,2026-04-24
scope3-spend-naics333999-epa-scghg-v130,Scope 3 Cat 1 Spend-Based — NAICS 333999 All Other Miscellaneous General Purpose Machinery Manufacturing,scope3-spend,3,1,naics-333999,0.249,kg CO2e / USD2022,,,,US-national,US-Federal,"{GHG-Protocol,SB-253}",AR5,1,8.4,EPA Supply Chain GHG Emission Factors v1.3.0,https://www.epa.gov/climateleadership/supply-chain-ghg-emission-factors-us-industry-and-commodities,2022,2024-01-01,2024-01-01,,,methodologies/scope-3-cat1-spend-based,2026-04-24
scope3-spend-naics334111-epa-scghg-v130,Scope 3 Cat 1 Spend-Based — NAICS 334111 Electronic Computer Manufacturing,scope3-spend,3,1,naics-334111,0.058,kg CO2e / USD2022,,,,US-national,US-Federal,"{GHG-Protocol,SB-253}",AR5,1,48.3,EPA Supply Chain GHG Emission Factors v1.3.0,https://www.epa.gov/climateleadership/supply-chain-ghg-emission-factors-us-industry-and-commodities,2022,2024-01-01,2024-01-01,,,methodologies/scope-3-cat1-spend-based,2026-04-24
scope3-spend-naics334112-epa-scghg-v130,Scope 3 Cat 1 Spend-Based — NAICS 334112 Computer Storage Device Manufacturing,scope3-spend,3,1,naics-334112,0.071,kg CO2e / USD2022,,,,US-national,US-Federal,"{GHG-Protocol,SB-253}",AR5,1,43.7,EPA Supply Chain GHG Emission Factors v1.3.0,https://www.epa.gov/climateleadership/supply-chain-ghg-emission-factors-us-industry-and-commodities,2022,2024-01-01,2024-01-01,,,methodologies/scope-3-cat1-spend-based,2026-04-24
scope3-spend-naics334118-epa-scghg-v130,Scope 3 Cat 1 Spend-Based — NAICS 334118 Computer Terminal and Other Computer Peripheral Equipment Manufacturing,scope3-spend,3,1,naics-334118,0.143,kg CO2e / USD2022,,,,US-national,US-Federal,"{GHG-Protocol,SB-253}",AR5,1,18.9,EPA Supply Chain GHG Emission Factors v1.3.0,https://www.epa.gov/climateleadership/supply-chain-ghg-emission-factors-us-industry-and-commodities,2022,2024-01-01,2024-01-01,,,methodologies/scope-3-cat1-spend-based,2026-04-24
scope3-spend-naics334210-epa-scghg-v130,Scope 3 Cat 1 Spend-Based — NAICS 334210 Telephone Apparatus Manufacturing,scope3-spend,3,1,naics-334210,0.096,kg CO2e / USD2022,,,,US-national,US-Federal,"{GHG-Protocol,SB-253}",AR5,1,46.9,EPA Supply Chain GHG Emission Factors v1.3.0,https://www.epa.gov/climateleadership/supply-chain-ghg-emission-factors-us-industry-and-commodities,2022,2024-01-01,2024-01-01,,,methodologies/scope-3-cat1-spend-based,2026-04-24
scope3-spend-naics334220-epa-scghg-v130,Scope 3 Cat 1 Spend-Based — NAICS 334220 Radio and Television Broadcasting and Wireless Communications Equipment Manufacturing,scope3-spend,3,1,naics-334220,0.111,kg CO2e / USD2022,,,,US-national,US-Federal,"{GHG-Protocol,SB-253}",AR5,1,42.3,EPA Supply Chain GHG Emission Factors v1.3.0,https://www.epa.gov/climateleadership/supply-chain-ghg-emission-factors-us-industry-and-commodities,2022,2024-01-01,2024-01-01,,,methodologies/scope-3-cat1-spend-based,2026-04-24
scope3-spend-naics334290-epa-scghg-v130,Scope 3 Cat 1 Spend-Based — NAICS 334290 Other Communications Equipment Manufacturing,scope3-spend,3,1,naics-334290,0.08,kg CO2e / USD2022,,,,US-national,US-Federal,"{GHG-Protocol,SB-253}",AR5,1,52.5,EPA Supply Chain GHG Emission Factors v1.3.0,https://www.epa.gov/climateleadership/supply-chain-ghg-emission-factors-us-industry-and-commodities,2022,2024-01-01,2024-01-01,,,methodologies/scope-3-cat1-spend-based,2026-04-24
scope3-spend-naics334310-epa-scghg-v130,Scope 3 Cat 1 Spend-Based — NAICS 334310 Audio and Video Equipment Manufacturing,scope3-spend,3,1,naics-334310,0.081,kg CO2e / USD2022,,,,US-national,US-Federal,"{GHG-Protocol,SB-253}",AR5,1,46.9,EPA Supply Chain GHG Emission Factors v1.3.0,https://www.epa.gov/climateleadership/supply-chain-ghg-emission-factors-us-industry-and-commodities,2022,2024-01-01,2024-01-01,,,methodologies/scope-3-cat1-spend-based,2026-04-24
scope3-spend-naics334412-epa-scghg-v130,Scope 3 Cat 1 Spend-Based — NAICS 334412 Bare Printed Circuit Board Manufacturing,scope3-spend,3,1,naics-334412,0.098,kg CO2e / USD2022,,,,US-national,US-Federal,"{GHG-Protocol,SB-253}",AR5,1,19.4,EPA Supply Chain GHG Emission Factors v1.3.0,https://www.epa.gov/climateleadership/supply-chain-ghg-emission-factors-us-industry-and-commodities,2022,2024-01-01,2024-01-01,,,methodologies/scope-3-cat1-spend-based,2026-04-24
scope3-spend-naics334413-epa-scghg-v130,Scope 3 Cat 1 Spend-Based — NAICS 334413 Semiconductor and Related Device Manufacturing,scope3-spend,3,1,naics-334413,0.215,kg CO2e / USD2022,,,,US-national,US-Federal,"{GHG-Protocol,SB-253}",AR5,1,13.0,EPA Supply Chain GHG Emission Factors v1.3.0,https://www.epa.gov/climateleadership/supply-chain-ghg-emission-factors-us-industry-and-commodities,2022,2024-01-01,2024-01-01,,,methodologies/scope-3-cat1-spend-based,2026-04-24
scope3-spend-naics334416-epa-scghg-v130,"Scope 3 Cat 1 Spend-Based — NAICS 334416 Capacitor, Resistor, Coil, Transformer, and Other Inductor Manufacturing",scope3-spend,3,1,naics-334416,0.098,kg CO2e / USD2022,,,,US-national,US-Federal,"{GHG-Protocol,SB-253}",AR5,1,19.4,EPA Supply Chain GHG Emission Factors v1.3.0,https://www.epa.gov/climateleadership/supply-chain-ghg-emission-factors-us-industry-and-commodities,2022,2024-01-01,2024-01-01,,,methodologies/scope-3-cat1-spend-based,2026-04-24
scope3-spend-naics334417-epa-scghg-v130,Scope 3 Cat 1 Spend-Based — NAICS 334417 Electronic Connector Manufacturing,scope3-spend,3,1,naics-334417,0.098,kg CO2e / USD2022,,,,US-national,US-Federal,"{GHG-Protocol,SB-253}",AR5,1,19.4,EPA Supply Chain GHG Emission Factors v1.3.0,https://www.epa.gov/climateleadership/supply-chain-ghg-emission-factors-us-industry-and-commodities,2022,2024-01-01,2024-01-01,,,methodologies/scope-3-cat1-spend-based,2026-04-24
scope3-spend-naics334418-epa-scghg-v130,Scope 3 Cat 1 Spend-Based — NAICS 334418 Printed Circuit Assembly (Electronic Assembly) Manufacturing,scope3-spend,3,1,naics-334418,0.101,kg CO2e / USD2022,,,,US-national,US-Federal,"{GHG-Protocol,SB-253}",AR5,1,32.7,EPA Supply Chain GHG Emission Factors v1.3.0,https://www.epa.gov/climateleadership/supply-chain-ghg-emission-factors-us-industry-and-commodities,2022,2024-01-01,2024-01-01,,,methodologies/scope-3-cat1-spend-based,2026-04-24
scope3-spend-naics334419-epa-scghg-v130,Scope 3 Cat 1 Spend-Based — NAICS 334419 Other Electronic Component Manufacturing,scope3-spend,3,1,naics-334419,0.098,kg CO2e / USD2022,,,,US-national,US-Federal,"{GHG-Protocol,SB-253}",AR5,1,19.4,EPA Supply Chain GHG Emission Factors v1.3.0,https://www.epa.gov/climateleadership/supply-chain-ghg-emission-factors-us-industry-and-commodities,2022,2024-01-01,2024-01-01,,,methodologies/scope-3-cat1-spend-based,2026-04-24
scope3-spend-naics334510-epa-scghg-v130,Scope 3 Cat 1 Spend-Based — NAICS 334510 Electromedical and Electrotherapeutic Apparatus Manufacturing,scope3-spend,3,1,naics-334510,0.135,kg CO2e / USD2022,,,,US-national,US-Federal,"{GHG-Protocol,SB-253}",AR5,1,35.6,EPA Supply Chain GHG Emission Factors v1.3.0,https://www.epa.gov/climateleadership/supply-chain-ghg-emission-factors-us-industry-and-commodities,2022,2024-01-01,2024-01-01,,,methodologies/scope-3-cat1-spend-based,2026-04-24
scope3-spend-naics334511-epa-scghg-v130,"Scope 3 Cat 1 Spend-Based — NAICS 334511 Search, Detection, Navigation, Guidance, Aeronautical, and Nautical System and Instrument Manufacturing",scope3-spend,3,1,naics-334511,0.071,kg CO2e / USD2022,,,,US-national,US-Federal,"{GHG-Protocol,SB-253}",AR5,1,26.8,EPA Supply Chain GHG Emission Factors v1.3.0,https://www.epa.gov/climateleadership/supply-chain-ghg-emission-factors-us-industry-and-commodities,2022,2024-01-01,2024-01-01,,,methodologies/scope-3-cat1-spend-based,2026-04-24
scope3-spend-naics334512-epa-scghg-v130,"Scope 3 Cat 1 Spend-Based — NAICS 334512 Automatic Environmental Control Manufacturing for Residential, Commercial, and Appliance Use",scope3-spend,3,1,naics-334512,0.07,kg CO2e / USD2022,,,,US-national,US-Federal,"{GHG-Protocol,SB-253}",AR5,1,32.9,EPA Supply Chain GHG Emission Factors v1.3.0,https://www.epa.gov/climateleadership/supply-chain-ghg-emission-factors-us-industry-and-commodities,2022,2024-01-01,2024-01-01,,,methodologies/scope-3-cat1-spend-based,2026-04-24
scope3-spend-naics334513-epa-scghg-v130,"Scope 3 Cat 1 Spend-Based — NAICS 334513 Instruments and Related Products Manufacturing for Measuring, Displaying, and Controlling Industrial Process Variables",scope3-spend,3,1,naics-334513,0.063,kg CO2e / USD2022,,,,US-national,US-Federal,"{GHG-Protocol,SB-253}",AR5,1,23.8,EPA Supply Chain GHG Emission Factors v1.3.0,https://www.epa.gov/climateleadership/supply-chain-ghg-emission-factors-us-industry-and-commodities,2022,2024-01-01,2024-01-01,,,methodologies/scope-3-cat1-spend-based,2026-04-24
scope3-spend-naics334514-epa-scghg-v130,Scope 3 Cat 1 Spend-Based — NAICS 334514 Totalizing Fluid Meter and Counting Device Manufacturing,scope3-spend,3,1,naics-334514,0.084,kg CO2e / USD2022,,,,US-national,US-Federal,"{GHG-Protocol,SB-253}",AR5,1,25.0,EPA Supply Chain GHG Emission Factors v1.3.0,https://www.epa.gov/climateleadership/supply-chain-ghg-emission-factors-us-industry-and-commodities,2022,2024-01-01,2024-01-01,,,methodologies/scope-3-cat1-spend-based,2026-04-24
scope3-spend-naics334515-epa-scghg-v130,Scope 3 Cat 1 Spend-Based — NAICS 334515 Instrument Manufacturing for Measuring and Testing Electricity and Electrical Signals,scope3-spend,3,1,naics-334515,0.079,kg CO2e / USD2022,,,,US-national,US-Federal,"{GHG-Protocol,SB-253}",AR5,1,30.4,EPA Supply Chain GHG Emission Factors v1.3.0,https://www.epa.gov/climateleadership/supply-chain-ghg-emission-factors-us-industry-and-commodities,2022,2024-01-01,2024-01-01,,,methodologies/scope-3-cat1-spend-based,2026-04-24
scope3-spend-naics334516-epa-scghg-v130,Scope 3 Cat 1 Spend-Based — NAICS 334516 Analytical Laboratory Instrument Manufacturing,scope3-spend,3,1,naics-334516,0.102,kg CO2e / USD2022,,,,US-national,US-Federal,"{GHG-Protocol,SB-253}",AR5,1,23.5,EPA Supply Chain GHG Emission Factors v1.3.0,https://www.epa.gov/climateleadership/supply-chain-ghg-emission-factors-us-industry-and-commodities,2022,2024-01-01,2024-01-01,,,methodologies/scope-3-cat1-spend-based,2026-04-24
scope3-spend-naics334517-epa-scghg-v130,Scope 3 Cat 1 Spend-Based — NAICS 334517 Irradiation Apparatus Manufacturing,scope3-spend,3,1,naics-334517,0.135,kg CO2e / USD2022,,,,US-national,US-Federal,"{GHG-Protocol,SB-253}",AR5,1,28.1,EPA Supply Chain GHG Emission Factors v1.3.0,https://www.epa.gov/climateleadership/supply-chain-ghg-emission-factors-us-industry-and-commodities,2022,2024-01-01,2024-01-01,,,methodologies/scope-3-cat1-spend-based,2026-04-24
scope3-spend-naics334519-epa-scghg-v130,Scope 3 Cat 1 Spend-Based — NAICS 334519 Other Measuring and Controlling Device Manufacturing,scope3-spend,3,1,naics-334519,0.087,kg CO2e / USD2022,,,,US-national,US-Federal,"{GHG-Protocol,SB-253}",AR5,1,48.3,EPA Supply Chain GHG Emission Factors v1.3.0,https://www.epa.gov/climateleadership/supply-chain-ghg-emission-factors-us-industry-and-commodities,2022,2024-01-01,2024-01-01,,,methodologies/scope-3-cat1-spend-based,2026-04-24
scope3-spend-naics334613-epa-scghg-v130,Scope 3 Cat 1 Spend-Based — NAICS 334613 Blank Magnetic and Optical Recording Media Manufacturing,scope3-spend,3,1,naics-334613,0.063,kg CO2e / USD2022,,,,US-national,US-Federal,"{GHG-Protocol,SB-253}",AR5,1,33.3,EPA Supply Chain GHG Emission Factors v1.3.0,https://www.epa.gov/climateleadership/supply-chain-ghg-emission-factors-us-industry-and-commodities,2022,2024-01-01,2024-01-01,,,methodologies/scope-3-cat1-spend-based,2026-04-24
scope3-spend-naics334614-epa-scghg-v130,"Scope 3 Cat 1 Spend-Based — NAICS 334614 Software and Other Prerecorded Compact Disc, Tape, and Record Reproducing",scope3-spend,3,1,naics-334614,0.063,kg CO2e / USD2022,,,,US-national,US-Federal,"{GHG-Protocol,SB-253}",AR5,1,33.3,EPA Supply Chain GHG Emission Factors v1.3.0,https://www.epa.gov/climateleadership/supply-chain-ghg-emission-factors-us-industry-and-commodities,2022,2024-01-01,2024-01-01,,,methodologies/scope-3-cat1-spend-based,2026-04-24
scope3-spend-naics335110-epa-scghg-v130,Scope 3 Cat 1 Spend-Based — NAICS 335110 Electric Lamp Bulb and Part Manufacturing,scope3-spend,3,1,naics-335110,0.173,kg CO2e / USD2022,,,,US-national,US-Federal,"{GHG-Protocol,SB-253}",AR5,1,42.8,EPA Supply Chain GHG Emission Factors v1.3.0,https://www.epa.gov/climateleadership/supply-chain-ghg-emission-factors-us-industry-and-commodities,2022,2024-01-01,2024-01-01,,,methodologies/scope-3-cat1-spend-based,2026-04-24
scope3-spend-naics335121-epa-scghg-v130,Scope 3 Cat 1 Spend-Based — NAICS 335121 Residential Electric Lighting Fixture Manufacturing,scope3-spend,3,1,naics-335121,0.185,kg CO2e / USD2022,,,,US-national,US-Federal,"{GHG-Protocol,SB-253}",AR5,1,25.4,EPA Supply Chain GHG Emission Factors v1.3.0,https://www.epa.gov/climateleadership/supply-chain-ghg-emission-factors-us-industry-and-commodities,2022,2024-01-01,2024-01-01,,,methodologies/scope-3-cat1-spend-based,2026-04-24
scope3-spend-naics335122-epa-scghg-v130,"Scope 3 Cat 1 Spend-Based — NAICS 335122 Commercial, Industrial, and Institutional Electric Lighting Fixture Manufacturing",scope3-spend,3,1,naics-335122,0.185,kg CO2e / USD2022,,,,US-national,US-Federal,"{GHG-Protocol,SB-253}",AR5,1,25.4,EPA Supply Chain GHG Emission Factors v1.3.0,https://www.epa.gov/climateleadership/supply-chain-ghg-emission-factors-us-industry-and-commodities,2022,2024-01-01,2024-01-01,,,methodologies/scope-3-cat1-spend-based,2026-04-24
scope3-spend-naics335129-epa-scghg-v130,Scope 3 Cat 1 Spend-Based — NAICS 335129 Other Lighting Equipment Manufacturing,scope3-spend,3,1,naics-335129,0.185,kg CO2e / USD2022,,,,US-national,US-Federal,"{GHG-Protocol,SB-253}",AR5,1,25.4,EPA Supply Chain GHG Emission Factors v1.3.0,https://www.epa.gov/climateleadership/supply-chain-ghg-emission-factors-us-industry-and-commodities,2022,2024-01-01,2024-01-01,,,methodologies/scope-3-cat1-spend-based,2026-04-24
scope3-spend-naics335210-epa-scghg-v130,Scope 3 Cat 1 Spend-Based — NAICS 335210 Small Electrical Appliance Manufacturing,scope3-spend,3,1,naics-335210,0.157,kg CO2e / USD2022,,,,US-national,US-Federal,"{GHG-Protocol,SB-253}",AR5,1,32.5,EPA Supply Chain GHG Emission Factors v1.3.0,https://www.epa.gov/climateleadership/supply-chain-ghg-emission-factors-us-industry-and-commodities,2022,2024-01-01,2024-01-01,,,methodologies/scope-3-cat1-spend-based,2026-04-24
scope3-spend-naics335220-epa-scghg-v130,Scope 3 Cat 1 Spend-Based — NAICS 335220 Major Household Appliance Manufacturing,scope3-spend,3,1,naics-335220,0.172,kg CO2e / USD2022,,,,US-national,US-Federal,"{GHG-Protocol,SB-253}",AR5,1,19.8,EPA Supply Chain GHG Emission Factors v1.3.0,https://www.epa.gov/climateleadership/supply-chain-ghg-emission-factors-us-industry-and-commodities,2022,2024-01-01,2024-01-01,,,methodologies/scope-3-cat1-spend-based,2026-04-24
scope3-spend-naics335311-epa-scghg-v130,"Scope 3 Cat 1 Spend-Based — NAICS 335311 Power, Distribution, and Specialty Transformer Manufacturing",scope3-spend,3,1,naics-335311,0.133,kg CO2e / USD2022,,,,US-national,US-Federal,"{GHG-Protocol,SB-253}",AR5,1,11.3,EPA Supply Chain GHG Emission Factors v1.3.0,https://www.epa.gov/climateleadership/supply-chain-ghg-emission-factors-us-industry-and-commodities,2022,2024-01-01,2024-01-01,,,methodologies/scope-3-cat1-spend-based,2026-04-24
scope3-spend-naics335312-epa-scghg-v130,Scope 3 Cat 1 Spend-Based — NAICS 335312 Motor and Generator Manufacturing,scope3-spend,3,1,naics-335312,0.152,kg CO2e / USD2022,,,,US-national,US-Federal,"{GHG-Protocol,SB-253}",AR5,1,12.5,EPA Supply Chain GHG Emission Factors v1.3.0,https://www.epa.gov/climateleadership/supply-chain-ghg-emission-factors-us-industry-and-commodities,2022,2024-01-01,2024-01-01,,,methodologies/scope-3-cat1-spend-based,2026-04-24
scope3-spend-naics335313-epa-scghg-v130,Scope 3 Cat 1 Spend-Based — NAICS 335313 Switchgear and Switchboard Apparatus Manufacturing,scope3-spend,3,1,naics-335313,0.174,kg CO2e / USD2022,,,,US-national,US-Federal,"{GHG-Protocol,SB-253}",AR5,1,12.1,EPA Supply Chain GHG Emission Factors v1.3.0,https://www.epa.gov/climateleadership/supply-chain-ghg-emission-factors-us-industry-and-commodities,2022,2024-01-01,2024-01-01,,,methodologies/scope-3-cat1-spend-based,2026-04-24
scope3-spend-naics335314-epa-scghg-v130,Scope 3 Cat 1 Spend-Based — NAICS 335314 Relay and Industrial Control Manufacturing,scope3-spend,3,1,naics-335314,0.138,kg CO2e / USD2022,,,,US-national,US-Federal,"{GHG-Protocol,SB-253}",AR5,1,13.0,EPA Supply Chain GHG Emission Factors v1.3.0,https://www.epa.gov/climateleadership/supply-chain-ghg-emission-factors-us-industry-and-commodities,2022,2024-01-01,2024-01-01,,,methodologies/scope-3-cat1-spend-based,2026-04-24
scope3-spend-naics335911-epa-scghg-v130,Scope 3 Cat 1 Spend-Based — NAICS 335911 Storage Battery Manufacturing,scope3-spend,3,1,naics-335911,0.337,kg CO2e / USD2022,,,,US-national,US-Federal,"{GHG-Protocol,SB-253}",AR5,1,7.7,EPA Supply Chain GHG Emission Factors v1.3.0,https://www.epa.gov/climateleadership/supply-chain-ghg-emission-factors-us-industry-and-commodities,2022,2024-01-01,2024-01-01,,,methodologies/scope-3-cat1-spend-based,2026-04-24
scope3-spend-naics335912-epa-scghg-v130,Scope 3 Cat 1 Spend-Based — NAICS 335912 Primary Battery Manufacturing,scope3-spend,3,1,naics-335912,0.103,kg CO2e / USD2022,,,,US-national,US-Federal,"{GHG-Protocol,SB-253}",AR5,1,55.3,EPA Supply Chain GHG Emission Factors v1.3.0,https://www.epa.gov/climateleadership/supply-chain-ghg-emission-factors-us-industry-and-commodities,2022,2024-01-01,2024-01-01,,,methodologies/scope-3-cat1-spend-based,2026-04-24
scope3-spend-naics335921-epa-scghg-v130,Scope 3 Cat 1 Spend-Based — NAICS 335921 Fiber Optic Cable Manufacturing,scope3-spend,3,1,naics-335921,0.235,kg CO2e / USD2022,,,,US-national,US-Federal,"{GHG-Protocol,SB-253}",AR5,1,6.8,EPA Supply Chain GHG Emission Factors v1.3.0,https://www.epa.gov/climateleadership/supply-chain-ghg-emission-factors-us-industry-and-commodities,2022,2024-01-01,2024-01-01,,,methodologies/scope-3-cat1-spend-based,2026-04-24
scope3-spend-naics335929-epa-scghg-v130,Scope 3 Cat 1 Spend-Based — NAICS 335929 Other Communication and Energy Wire Manufacturing,scope3-spend,3,1,naics-335929,0.235,kg CO2e / USD2022,,,,US-national,US-Federal,"{GHG-Protocol,SB-253}",AR5,1,6.8,EPA Supply Chain GHG Emission Factors v1.3.0,https://www.epa.gov/climateleadership/supply-chain-ghg-emission-factors-us-industry-and-commodities,2022,2024-01-01,2024-01-01,,,methodologies/scope-3-cat1-spend-based,2026-04-24
scope3-spend-naics335931-epa-scghg-v130,Scope 3 Cat 1 Spend-Based — NAICS 335931 Current-Carrying Wiring Device Manufacturing,scope3-spend,3,1,naics-335931,0.127,kg CO2e / USD2022,,,,US-national,US-Federal,"{GHG-Protocol,SB-253}",AR5,1,20.5,EPA Supply Chain GHG Emission Factors v1.3.0,https://www.epa.gov/climateleadership/supply-chain-ghg-emission-factors-us-industry-and-commodities,2022,2024-01-01,2024-01-01,,,methodologies/scope-3-cat1-spend-based,2026-04-24
scope3-spend-naics335932-epa-scghg-v130,Scope 3 Cat 1 Spend-Based — NAICS 335932 Noncurrent-Carrying Wiring Device Manufacturing,scope3-spend,3,1,naics-335932,0.127,kg CO2e / USD2022,,,,US-national,US-Federal,"{GHG-Protocol,SB-253}",AR5,1,20.5,EPA Supply Chain GHG Emission Factors v1.3.0,https://www.epa.gov/climateleadership/supply-chain-ghg-emission-factors-us-industry-and-commodities,2022,2024-01-01,2024-01-01,,,methodologies/scope-3-cat1-spend-based,2026-04-24
scope3-spend-naics335991-epa-scghg-v130,Scope 3 Cat 1 Spend-Based — NAICS 335991 Carbon and Graphite Product Manufacturing,scope3-spend,3,1,naics-335991,0.363,kg CO2e / USD2022,,,,US-national,US-Federal,"{GHG-Protocol,SB-253}",AR5,1,4.4,EPA Supply Chain GHG Emission Factors v1.3.0,https://www.epa.gov/climateleadership/supply-chain-ghg-emission-factors-us-industry-and-commodities,2022,2024-01-01,2024-01-01,,,methodologies/scope-3-cat1-spend-based,2026-04-24
scope3-spend-naics335999-epa-scghg-v130,Scope 3 Cat 1 Spend-Based — NAICS 335999 All Other Miscellaneous Electrical Equipment and Component Manufacturing,scope3-spend,3,1,naics-335999,0.128,kg CO2e / USD2022,,,,US-national,US-Federal,"{GHG-Protocol,SB-253}",AR5,1,12.5,EPA Supply Chain GHG Emission Factors v1.3.0,https://www.epa.gov/climateleadership/supply-chain-ghg-emission-factors-us-industry-and-commodities,2022,2024-01-01,2024-01-01,,,methodologies/scope-3-cat1-spend-based,2026-04-24
scope3-spend-naics336111-epa-scghg-v130,Scope 3 Cat 1 Spend-Based — NAICS 336111 Automobile Manufacturing,scope3-spend,3,1,naics-336111,0.24,kg CO2e / USD2022,,,,US-national,US-Federal,"{GHG-Protocol,SB-253}",AR5,1,20.8,EPA Supply Chain GHG Emission Factors v1.3.0,https://www.epa.gov/climateleadership/supply-chain-ghg-emission-factors-us-industry-and-commodities,2022,2024-01-01,2024-01-01,,,methodologies/scope-3-cat1-spend-based,2026-04-24
scope3-spend-naics336112-epa-scghg-v130,Scope 3 Cat 1 Spend-Based — NAICS 336112 Light Truck and Utility Vehicle Manufacturing,scope3-spend,3,1,naics-336112,0.268,kg CO2e / USD2022,,,,US-national,US-Federal,"{GHG-Protocol,SB-253}",AR5,1,10.1,EPA Supply Chain GHG Emission Factors v1.3.0,https://www.epa.gov/climateleadership/supply-chain-ghg-emission-factors-us-industry-and-commodities,2022,2024-01-01,2024-01-01,,,methodologies/scope-3-cat1-spend-based,2026-04-24
scope3-spend-naics336120-epa-scghg-v130,Scope 3 Cat 1 Spend-Based — NAICS 336120 Heavy Duty Truck Manufacturing,scope3-spend,3,1,naics-336120,0.272,kg CO2e / USD2022,,,,US-national,US-Federal,"{GHG-Protocol,SB-253}",AR5,1,4.0,EPA Supply Chain GHG Emission Factors v1.3.0,https://www.epa.gov/climateleadership/supply-chain-ghg-emission-factors-us-industry-and-commodities,2022,2024-01-01,2024-01-01,,,methodologies/scope-3-cat1-spend-based,2026-04-24
scope3-spend-naics336211-epa-scghg-v130,Scope 3 Cat 1 Spend-Based — NAICS 336211 Motor Vehicle Body Manufacturing,scope3-spend,3,1,naics-336211,0.253,kg CO2e / USD2022,,,,US-national,US-Federal,"{GHG-Protocol,SB-253}",AR5,1,11.1,EPA Supply Chain GHG Emission Factors v1.3.0,https://www.epa.gov/climateleadership/supply-chain-ghg-emission-factors-us-industry-and-commodities,2022,2024-01-01,2024-01-01,,,methodologies/scope-3-cat1-spend-based,2026-04-24
scope3-spend-naics336212-epa-scghg-v130,Scope 3 Cat 1 Spend-Based — NAICS 336212 Truck Trailer Manufacturing,scope3-spend,3,1,naics-336212,0.2,kg CO2e / USD2022,,,,US-national,US-Federal,"{GHG-Protocol,SB-253}",AR5,1,7.5,EPA Supply Chain GHG Emission Factors v1.3.0,https://www.epa.gov/climateleadership/supply-chain-ghg-emission-factors-us-industry-and-commodities,2022,2024-01-01,2024-01-01,,,methodologies/scope-3-cat1-spend-based,2026-04-24
scope3-spend-naics336213-epa-scghg-v130,Scope 3 Cat 1 Spend-Based — NAICS 336213 Motor Home Manufacturing,scope3-spend,3,1,naics-336213,0.107,kg CO2e / USD2022,,,,US-national,US-Federal,"{GHG-Protocol,SB-253}",AR5,1,48.6,EPA Supply Chain GHG Emission Factors v1.3.0,https://www.epa.gov/climateleadership/supply-chain-ghg-emission-factors-us-industry-and-commodities,2022,2024-01-01,2024-01-01,,,methodologies/scope-3-cat1-spend-based,2026-04-24
scope3-spend-naics336214-epa-scghg-v130,Scope 3 Cat 1 Spend-Based — NAICS 336214 Travel Trailer and Camper Manufacturing,scope3-spend,3,1,naics-336214,0.16,kg CO2e / USD2022,,,,US-national,US-Federal,"{GHG-Protocol,SB-253}",AR5,1,20.6,EPA Supply Chain GHG Emission Factors v1.3.0,https://www.epa.gov/climateleadership/supply-chain-ghg-emission-factors-us-industry-and-commodities,2022,2024-01-01,2024-01-01,,,methodologies/scope-3-cat1-spend-based,2026-04-24
scope3-spend-naics336310-epa-scghg-v130,Scope 3 Cat 1 Spend-Based — NAICS 336310 Motor Vehicle Gasoline Engine and Engine Parts Manufacturing,scope3-spend,3,1,naics-336310,0.259,kg CO2e / USD2022,,,,US-national,US-Federal,"{GHG-Protocol,SB-253}",AR5,1,11.2,EPA Supply Chain GHG Emission Factors v1.3.0,https://www.epa.gov/climateleadership/supply-chain-ghg-emission-factors-us-industry-and-commodities,2022,2024-01-01,2024-01-01,,,methodologies/scope-3-cat1-spend-based,2026-04-24
scope3-spend-naics336320-epa-scghg-v130,Scope 3 Cat 1 Spend-Based — NAICS 336320 Motor Vehicle Electrical and Electronic Equipment Manufacturing,scope3-spend,3,1,naics-336320,0.218,kg CO2e / USD2022,,,,US-national,US-Federal,"{GHG-Protocol,SB-253}",AR5,1,12.4,EPA Supply Chain GHG Emission Factors v1.3.0,https://www.epa.gov/climateleadership/supply-chain-ghg-emission-factors-us-industry-and-commodities,2022,2024-01-01,2024-01-01,,,methodologies/scope-3-cat1-spend-based,2026-04-24
scope3-spend-naics336330-epa-scghg-v130,Scope 3 Cat 1 Spend-Based — NAICS 336330 Motor Vehicle Steering and Suspension Components (except Spring) Manufacturing,scope3-spend,3,1,naics-336330,0.278,kg CO2e / USD2022,,,,US-national,US-Federal,"{GHG-Protocol,SB-253}",AR5,1,10.1,EPA Supply Chain GHG Emission Factors v1.3.0,https://www.epa.gov/climateleadership/supply-chain-ghg-emission-factors-us-industry-and-commodities,2022,2024-01-01,2024-01-01,,,methodologies/scope-3-cat1-spend-based,2026-04-24
scope3-spend-naics336340-epa-scghg-v130,Scope 3 Cat 1 Spend-Based — NAICS 336340 Motor Vehicle Brake System Manufacturing,scope3-spend,3,1,naics-336340,0.278,kg CO2e / USD2022,,,,US-national,US-Federal,"{GHG-Protocol,SB-253}",AR5,1,10.1,EPA Supply Chain GHG Emission Factors v1.3.0,https://www.epa.gov/climateleadership/supply-chain-ghg-emission-factors-us-industry-and-commodities,2022,2024-01-01,2024-01-01,,,methodologies/scope-3-cat1-spend-based,2026-04-24
scope3-spend-naics336350-epa-scghg-v130,Scope 3 Cat 1 Spend-Based — NAICS 336350 Motor Vehicle Transmission and Power Train Parts Manufacturing,scope3-spend,3,1,naics-336350,0.252,kg CO2e / USD2022,,,,US-national,US-Federal,"{GHG-Protocol,SB-253}",AR5,1,10.7,EPA Supply Chain GHG Emission Factors v1.3.0,https://www.epa.gov/climateleadership/supply-chain-ghg-emission-factors-us-industry-and-commodities,2022,2024-01-01,2024-01-01,,,methodologies/scope-3-cat1-spend-based,2026-04-24
scope3-spend-naics336360-epa-scghg-v130,Scope 3 Cat 1 Spend-Based — NAICS 336360 Motor Vehicle Seating and Interior Trim Manufacturing,scope3-spend,3,1,naics-336360,0.333,kg CO2e / USD2022,,,,US-national,US-Federal,"{GHG-Protocol,SB-253}",AR5,1,5.4,EPA Supply Chain GHG Emission Factors v1.3.0,https://www.epa.gov/climateleadership/supply-chain-ghg-emission-factors-us-industry-and-commodities,2022,2024-01-01,2024-01-01,,,methodologies/scope-3-cat1-spend-based,2026-04-24
scope3-spend-naics336370-epa-scghg-v130,Scope 3 Cat 1 Spend-Based — NAICS 336370 Motor Vehicle Metal Stamping,scope3-spend,3,1,naics-336370,0.503,kg CO2e / USD2022,,,,US-national,US-Federal,"{GHG-Protocol,SB-253}",AR5,1,4.0,EPA Supply Chain GHG Emission Factors v1.3.0,https://www.epa.gov/climateleadership/supply-chain-ghg-emission-factors-us-industry-and-commodities,2022,2024-01-01,2024-01-01,,,methodologies/scope-3-cat1-spend-based,2026-04-24
scope3-spend-naics336390-epa-scghg-v130,Scope 3 Cat 1 Spend-Based — NAICS 336390 Other Motor Vehicle Parts Manufacturing,scope3-spend,3,1,naics-336390,0.265,kg CO2e / USD2022,,,,US-national,US-Federal,"{GHG-Protocol,SB-253}",AR5,1,9.1,EPA Supply Chain GHG Emission Factors v1.3.0,https://www.epa.gov/climateleadership/supply-chain-ghg-emission-factors-us-industry-and-commodities,2022,2024-01-01,2024-01-01,,,methodologies/scope-3-cat1-spend-based,2026-04-24
scope3-spend-naics336411-epa-scghg-v130,Scope 3 Cat 1 Spend-Based — NAICS 336411 Aircraft Manufacturing,scope3-spend,3,1,naics-336411,0.139,kg CO2e / USD2022,,,,US-national,US-Federal,"{GHG-Protocol,SB-253}",AR5,1,6.5,EPA Supply Chain GHG Emission Factors v1.3.0,https://www.epa.gov/climateleadership/supply-chain-ghg-emission-factors-us-industry-and-commodities,2022,2024-01-01,2024-01-01,,,methodologies/scope-3-cat1-spend-based,2026-04-24
scope3-spend-naics336412-epa-scghg-v130,Scope 3 Cat 1 Spend-Based — NAICS 336412 Aircraft Engine and Engine Parts Manufacturing,scope3-spend,3,1,naics-336412,0.156,kg CO2e / USD2022,,,,US-national,US-Federal,"{GHG-Protocol,SB-253}",AR5,1,3.2,EPA Supply Chain GHG Emission Factors v1.3.0,https://www.epa.gov/climateleadership/supply-chain-ghg-emission-factors-us-industry-and-commodities,2022,2024-01-01,2024-01-01,,,methodologies/scope-3-cat1-spend-based,2026-04-24
scope3-spend-naics336413-epa-scghg-v130,Scope 3 Cat 1 Spend-Based — NAICS 336413 Other Aircraft Parts and Auxiliary Equipment Manufacturing,scope3-spend,3,1,naics-336413,0.17,kg CO2e / USD2022,,,,US-national,US-Federal,"{GHG-Protocol,SB-253}",AR5,1,4.1,EPA Supply Chain GHG Emission Factors v1.3.0,https://www.epa.gov/climateleadership/supply-chain-ghg-emission-factors-us-industry-and-commodities,2022,2024-01-01,2024-01-01,,,methodologies/scope-3-cat1-spend-based,2026-04-24
scope3-spend-naics336414-epa-scghg-v130,Scope 3 Cat 1 Spend-Based — NAICS 336414 Guided Missile and Space Vehicle Manufacturing,scope3-spend,3,1,naics-336414,0.142,kg CO2e / USD2022,,,,US-national,US-Federal,"{GHG-Protocol,SB-253}",AR5,1,6.3,EPA Supply Chain GHG Emission Factors v1.3.0,https://www.epa.gov/climateleadership/supply-chain-ghg-emission-factors-us-industry-and-commodities,2022,2024-01-01,2024-01-01,,,methodologies/scope-3-cat1-spend-based,2026-04-24
scope3-spend-naics336415-epa-scghg-v130,Scope 3 Cat 1 Spend-Based — NAICS 336415 Guided Missile and Space Vehicle Propulsion Unit and Propulsion Unit Parts Manufacturing,scope3-spend,3,1,naics-336415,0.294,kg CO2e / USD2022,,,,US-national,US-Federal,"{GHG-Protocol,SB-253}",AR5,1,2.4,EPA Supply Chain GHG Emission Factors v1.3.0,https://www.epa.gov/climateleadership/supply-chain-ghg-emission-factors-us-industry-and-commodities,2022,2024-01-01,2024-01-01,,,methodologies/scope-3-cat1-spend-based,2026-04-24
scope3-spend-naics336419-epa-scghg-v130,Scope 3 Cat 1 Spend-Based — NAICS 336419 Other Guided Missile and Space Vehicle Parts and Auxiliary Equipment Manufacturing,scope3-spend,3,1,naics-336419,0.294,kg CO2e / USD2022,,,,US-national,US-Federal,"{GHG-Protocol,SB-253}",AR5,1,2.4,EPA Supply Chain GHG Emission Factors v1.3.0,https://www.epa.gov/climateleadership/supply-chain-ghg-emission-factors-us-industry-and-commodities,2022,2024-01-01,2024-01-01,,,methodologies/scope-3-cat1-spend-based,2026-04-24
scope3-spend-naics336510-epa-scghg-v130,Scope 3 Cat 1 Spend-Based — NAICS 336510 Railroad Rolling Stock Manufacturing,scope3-spend,3,1,naics-336510,0.444,kg CO2e / USD2022,,,,US-national,US-Federal,"{GHG-Protocol,SB-253}",AR5,1,7.0,EPA Supply Chain GHG Emission Factors v1.3.0,https://www.epa.gov/climateleadership/supply-chain-ghg-emission-factors-us-industry-and-commodities,2022,2024-01-01,2024-01-01,,,methodologies/scope-3-cat1-spend-based,2026-04-24
scope3-spend-naics336611-epa-scghg-v130,Scope 3 Cat 1 Spend-Based — NAICS 336611 Ship Building and Repairing,scope3-spend,3,1,naics-336611,0.196,kg CO2e / USD2022,,,,US-national,US-Federal,"{GHG-Protocol,SB-253}",AR5,1,4.1,EPA Supply Chain GHG Emission Factors v1.3.0,https://www.epa.gov/climateleadership/supply-chain-ghg-emission-factors-us-industry-and-commodities,2022,2024-01-01,2024-01-01,,,methodologies/scope-3-cat1-spend-based,2026-04-24
scope3-spend-naics336612-epa-scghg-v130,Scope 3 Cat 1 Spend-Based — NAICS 336612 Boat Building,scope3-spend,3,1,naics-336612,0.182,kg CO2e / USD2022,,,,US-national,US-Federal,"{GHG-Protocol,SB-253}",AR5,1,17.6,EPA Supply Chain GHG Emission Factors v1.3.0,https://www.epa.gov/climateleadership/supply-chain-ghg-emission-factors-us-industry-and-commodities,2022,2024-01-01,2024-01-01,,,methodologies/scope-3-cat1-spend-based,2026-04-24
scope3-spend-naics336991-epa-scghg-v130,"Scope 3 Cat 1 Spend-Based — NAICS 336991 Motorcycle, Bicycle, and Parts Manufacturing",scope3-spend,3,1,naics-336991,0.222,kg CO2e / USD2022,,,,US-national,US-Federal,"{GHG-Protocol,SB-253}",AR5,1,19.8,EPA Supply Chain GHG Emission Factors v1.3.0,https://www.epa.gov/climateleadership/supply-chain-ghg-emission-factors-us-industry-and-commodities,2022,2024-01-01,2024-01-01,,,methodologies/scope-3-cat1-spend-based,2026-04-24
scope3-spend-naics336992-epa-scghg-v130,"Scope 3 Cat 1 Spend-Based — NAICS 336992 Military Armored Vehicle, Tank, and Tank Component Manufacturing",scope3-spend,3,1,naics-336992,0.443,kg CO2e / USD2022,,,,US-national,US-Federal,"{GHG-Protocol,SB-253}",AR5,1,2.7,EPA Supply Chain GHG Emission Factors v1.3.0,https://www.epa.gov/climateleadership/supply-chain-ghg-emission-factors-us-industry-and-commodities,2022,2024-01-01,2024-01-01,,,methodologies/scope-3-cat1-spend-based,2026-04-24
scope3-spend-naics336999-epa-scghg-v130,Scope 3 Cat 1 Spend-Based — NAICS 336999 All Other Transportation Equipment Manufacturing,scope3-spend,3,1,naics-336999,0.195,kg CO2e / USD2022,,,,US-national,US-Federal,"{GHG-Protocol,SB-253}",AR5,1,19.5,EPA Supply Chain GHG Emission Factors v1.3.0,https://www.epa.gov/climateleadership/supply-chain-ghg-emission-factors-us-industry-and-commodities,2022,2024-01-01,2024-01-01,,,methodologies/scope-3-cat1-spend-based,2026-04-24
scope3-spend-naics337110-epa-scghg-v130,Scope 3 Cat 1 Spend-Based — NAICS 337110 Wood Kitchen Cabinet and Countertop Manufacturing,scope3-spend,3,1,naics-337110,0.166,kg CO2e / USD2022,,,,US-national,US-Federal,"{GHG-Protocol,SB-253}",AR5,1,31.9,EPA Supply Chain GHG Emission Factors v1.3.0,https://www.epa.gov/climateleadership/supply-chain-ghg-emission-factors-us-industry-and-commodities,2022,2024-01-01,2024-01-01,,,methodologies/scope-3-cat1-spend-based,2026-04-24
scope3-spend-naics337121-epa-scghg-v130,Scope 3 Cat 1 Spend-Based — NAICS 337121 Upholstered Household Furniture Manufacturing,scope3-spend,3,1,naics-337121,0.188,kg CO2e / USD2022,,,,US-national,US-Federal,"{GHG-Protocol,SB-253}",AR5,1,29.3,EPA Supply Chain GHG Emission Factors v1.3.0,https://www.epa.gov/climateleadership/supply-chain-ghg-emission-factors-us-industry-and-commodities,2022,2024-01-01,2024-01-01,,,methodologies/scope-3-cat1-spend-based,2026-04-24
scope3-spend-naics337122-epa-scghg-v130,Scope 3 Cat 1 Spend-Based — NAICS 337122 Nonupholstered Wood Household Furniture Manufacturing,scope3-spend,3,1,naics-337122,0.178,kg CO2e / USD2022,,,,US-national,US-Federal,"{GHG-Protocol,SB-253}",AR5,1,32.0,EPA Supply Chain GHG Emission Factors v1.3.0,https://www.epa.gov/climateleadership/supply-chain-ghg-emission-factors-us-industry-and-commodities,2022,2024-01-01,2024-01-01,,,methodologies/scope-3-cat1-spend-based,2026-04-24
scope3-spend-naics337124-epa-scghg-v130,Scope 3 Cat 1 Spend-Based — NAICS 337124 Metal Household Furniture Manufacturing,scope3-spend,3,1,naics-337124,0.227,kg CO2e / USD2022,,,,US-national,US-Federal,"{GHG-Protocol,SB-253}",AR5,1,26.0,EPA Supply Chain GHG Emission Factors v1.3.0,https://www.epa.gov/climateleadership/supply-chain-ghg-emission-factors-us-industry-and-commodities,2022,2024-01-01,2024-01-01,,,methodologies/scope-3-cat1-spend-based,2026-04-24
scope3-spend-naics337125-epa-scghg-v130,Scope 3 Cat 1 Spend-Based — NAICS 337125 Household Furniture (except Wood and Metal) Manufacturing,scope3-spend,3,1,naics-337125,0.227,kg CO2e / USD2022,,,,US-national,US-Federal,"{GHG-Protocol,SB-253}",AR5,1,26.0,EPA Supply Chain GHG Emission Factors v1.3.0,https://www.epa.gov/climateleadership/supply-chain-ghg-emission-factors-us-industry-and-commodities,2022,2024-01-01,2024-01-01,,,methodologies/scope-3-cat1-spend-based,2026-04-24
scope3-spend-naics337127-epa-scghg-v130,Scope 3 Cat 1 Spend-Based — NAICS 337127 Institutional Furniture Manufacturing,scope3-spend,3,1,naics-337127,0.246,kg CO2e / USD2022,,,,US-national,US-Federal,"{GHG-Protocol,SB-253}",AR5,1,15.4,EPA Supply Chain GHG Emission Factors v1.3.0,https://www.epa.gov/climateleadership/supply-chain-ghg-emission-factors-us-industry-and-commodities,2022,2024-01-01,2024-01-01,,,methodologies/scope-3-cat1-spend-based,2026-04-24
scope3-spend-naics337211-epa-scghg-v130,Scope 3 Cat 1 Spend-Based — NAICS 337211 Wood Office Furniture Manufacturing,scope3-spend,3,1,naics-337211,0.24,kg CO2e / USD2022,,,,US-national,US-Federal,"{GHG-Protocol,SB-253}",AR5,1,23.3,EPA Supply Chain GHG Emission Factors v1.3.0,https://www.epa.gov/climateleadership/supply-chain-ghg-emission-factors-us-industry-and-commodities,2022,2024-01-01,2024-01-01,,,methodologies/scope-3-cat1-spend-based,2026-04-24
scope3-spend-naics337212-epa-scghg-v130,Scope 3 Cat 1 Spend-Based — NAICS 337212 Custom Architectural Woodwork and Millwork Manufacturing,scope3-spend,3,1,naics-337212,0.24,kg CO2e / USD2022,,,,US-national,US-Federal,"{GHG-Protocol,SB-253}",AR5,1,23.3,EPA Supply Chain GHG Emission Factors v1.3.0,https://www.epa.gov/climateleadership/supply-chain-ghg-emission-factors-us-industry-and-commodities,2022,2024-01-01,2024-01-01,,,methodologies/scope-3-cat1-spend-based,2026-04-24
scope3-spend-naics337214-epa-scghg-v130,Scope 3 Cat 1 Spend-Based — NAICS 337214 Office Furniture (except Wood) Manufacturing,scope3-spend,3,1,naics-337214,0.24,kg CO2e / USD2022,,,,US-national,US-Federal,"{GHG-Protocol,SB-253}",AR5,1,23.3,EPA Supply Chain GHG Emission Factors v1.3.0,https://www.epa.gov/climateleadership/supply-chain-ghg-emission-factors-us-industry-and-commodities,2022,2024-01-01,2024-01-01,,,methodologies/scope-3-cat1-spend-based,2026-04-24
scope3-spend-naics337215-epa-scghg-v130,"Scope 3 Cat 1 Spend-Based — NAICS 337215 Showcase, Partition, Shelving, and Locker Manufacturing",scope3-spend,3,1,naics-337215,0.246,kg CO2e / USD2022,,,,US-national,US-Federal,"{GHG-Protocol,SB-253}",AR5,1,16.3,EPA Supply Chain GHG Emission Factors v1.3.0,https://www.epa.gov/climateleadership/supply-chain-ghg-emission-factors-us-industry-and-commodities,2022,2024-01-01,2024-01-01,,,methodologies/scope-3-cat1-spend-based,2026-04-24
scope3-spend-naics337910-epa-scghg-v130,Scope 3 Cat 1 Spend-Based — NAICS 337910 Mattress Manufacturing,scope3-spend,3,1,naics-337910,0.173,kg CO2e / USD2022,,,,US-national,US-Federal,"{GHG-Protocol,SB-253}",AR5,1,36.4,EPA Supply Chain GHG Emission Factors v1.3.0,https://www.epa.gov/climateleadership/supply-chain-ghg-emission-factors-us-industry-and-commodities,2022,2024-01-01,2024-01-01,,,methodologies/scope-3-cat1-spend-based,2026-04-24
scope3-spend-naics337920-epa-scghg-v130,Scope 3 Cat 1 Spend-Based — NAICS 337920 Blind and Shade Manufacturing,scope3-spend,3,1,naics-337920,0.173,kg CO2e / USD2022,,,,US-national,US-Federal,"{GHG-Protocol,SB-253}",AR5,1,36.4,EPA Supply Chain GHG Emission Factors v1.3.0,https://www.epa.gov/climateleadership/supply-chain-ghg-emission-factors-us-industry-and-commodities,2022,2024-01-01,2024-01-01,,,methodologies/scope-3-cat1-spend-based,2026-04-24
scope3-spend-naics339112-epa-scghg-v130,Scope 3 Cat 1 Spend-Based — NAICS 339112 Surgical and Medical Instrument Manufacturing,scope3-spend,3,1,naics-339112,0.156,kg CO2e / USD2022,,,,US-national,US-Federal,"{GHG-Protocol,SB-253}",AR5,1,23.7,EPA Supply Chain GHG Emission Factors v1.3.0,https://www.epa.gov/climateleadership/supply-chain-ghg-emission-factors-us-industry-and-commodities,2022,2024-01-01,2024-01-01,,,methodologies/scope-3-cat1-spend-based,2026-04-24
scope3-spend-naics339113-epa-scghg-v130,Scope 3 Cat 1 Spend-Based — NAICS 339113 Surgical Appliance and Supplies Manufacturing,scope3-spend,3,1,naics-339113,0.14,kg CO2e / USD2022,,,,US-national,US-Federal,"{GHG-Protocol,SB-253}",AR5,1,32.1,EPA Supply Chain GHG Emission Factors v1.3.0,https://www.epa.gov/climateleadership/supply-chain-ghg-emission-factors-us-industry-and-commodities,2022,2024-01-01,2024-01-01,,,methodologies/scope-3-cat1-spend-based,2026-04-24
scope3-spend-naics339114-epa-scghg-v130,Scope 3 Cat 1 Spend-Based — NAICS 339114 Dental Equipment and Supplies Manufacturing,scope3-spend,3,1,naics-339114,0.174,kg CO2e / USD2022,,,,US-national,US-Federal,"{GHG-Protocol,SB-253}",AR5,1,17.2,EPA Supply Chain GHG Emission Factors v1.3.0,https://www.epa.gov/climateleadership/supply-chain-ghg-emission-factors-us-industry-and-commodities,2022,2024-01-01,2024-01-01,,,methodologies/scope-3-cat1-spend-based,2026-04-24
scope3-spend-naics339115-epa-scghg-v130,Scope 3 Cat 1 Spend-Based — NAICS 339115 Ophthalmic Goods Manufacturing,scope3-spend,3,1,naics-339115,0.138,kg CO2e / USD2022,,,,US-national,US-Federal,"{GHG-Protocol,SB-253}",AR5,1,37.7,EPA Supply Chain GHG Emission Factors v1.3.0,https://www.epa.gov/climateleadership/supply-chain-ghg-emission-factors-us-industry-and-commodities,2022,2024-01-01,2024-01-01,,,methodologies/scope-3-cat1-spend-based,2026-04-24
scope3-spend-naics339116-epa-scghg-v130,Scope 3 Cat 1 Spend-Based — NAICS 339116 Dental Laboratories,scope3-spend,3,1,naics-339116,0.117,kg CO2e / USD2022,,,,US-national,US-Federal,"{GHG-Protocol,SB-253}",AR5,1,29.1,EPA Supply Chain GHG Emission Factors v1.3.0,https://www.epa.gov/climateleadership/supply-chain-ghg-emission-factors-us-industry-and-commodities,2022,2024-01-01,2024-01-01,,,methodologies/scope-3-cat1-spend-based,2026-04-24
scope3-spend-naics339910-epa-scghg-v130,Scope 3 Cat 1 Spend-Based — NAICS 339910 Jewelry and Silverware Manufacturing,scope3-spend,3,1,naics-339910,0.108,kg CO2e / USD2022,,,,US-national,US-Federal,"{GHG-Protocol,SB-253}",AR5,1,49.1,EPA Supply Chain GHG Emission Factors v1.3.0,https://www.epa.gov/climateleadership/supply-chain-ghg-emission-factors-us-industry-and-commodities,2022,2024-01-01,2024-01-01,,,methodologies/scope-3-cat1-spend-based,2026-04-24
scope3-spend-naics339920-epa-scghg-v130,Scope 3 Cat 1 Spend-Based — NAICS 339920 Sporting and Athletic Goods Manufacturing,scope3-spend,3,1,naics-339920,0.167,kg CO2e / USD2022,,,,US-national,US-Federal,"{GHG-Protocol,SB-253}",AR5,1,38.3,EPA Supply Chain GHG Emission Factors v1.3.0,https://www.epa.gov/climateleadership/supply-chain-ghg-emission-factors-us-industry-and-commodities,2022,2024-01-01,2024-01-01,,,methodologies/scope-3-cat1-spend-based,2026-04-24
scope3-spend-naics339930-epa-scghg-v130,"Scope 3 Cat 1 Spend-Based — NAICS 339930 Doll, Toy, and Game Manufacturing",scope3-spend,3,1,naics-339930,0.146,kg CO2e / USD2022,,,,US-national,US-Federal,"{GHG-Protocol,SB-253}",AR5,1,41.8,EPA Supply Chain GHG Emission Factors v1.3.0,https://www.epa.gov/climateleadership/supply-chain-ghg-emission-factors-us-industry-and-commodities,2022,2024-01-01,2024-01-01,,,methodologies/scope-3-cat1-spend-based,2026-04-24
scope3-spend-naics339940-epa-scghg-v130,Scope 3 Cat 1 Spend-Based — NAICS 339940 Office Supplies (except Paper) Manufacturing,scope3-spend,3,1,naics-339940,0.265,kg CO2e / USD2022,,,,US-national,US-Federal,"{GHG-Protocol,SB-253}",AR5,1,23.0,EPA Supply Chain GHG Emission Factors v1.3.0,https://www.epa.gov/climateleadership/supply-chain-ghg-emission-factors-us-industry-and-commodities,2022,2024-01-01,2024-01-01,,,methodologies/scope-3-cat1-spend-based,2026-04-24
scope3-spend-naics339950-epa-scghg-v130,Scope 3 Cat 1 Spend-Based — NAICS 339950 Sign Manufacturing,scope3-spend,3,1,naics-339950,0.25,kg CO2e / USD2022,,,,US-national,US-Federal,"{GHG-Protocol,SB-253}",AR5,1,25.2,EPA Supply Chain GHG Emission Factors v1.3.0,https://www.epa.gov/climateleadership/supply-chain-ghg-emission-factors-us-industry-and-commodities,2022,2024-01-01,2024-01-01,,,methodologies/scope-3-cat1-spend-based,2026-04-24
scope3-spend-naics339991-epa-scghg-v130,"Scope 3 Cat 1 Spend-Based — NAICS 339991 Gasket, Packing, and Sealing Device Manufacturing",scope3-spend,3,1,naics-339991,0.182,kg CO2e / USD2022,,,,US-national,US-Federal,"{GHG-Protocol,SB-253}",AR5,1,33.5,EPA Supply Chain GHG Emission Factors v1.3.0,https://www.epa.gov/climateleadership/supply-chain-ghg-emission-factors-us-industry-and-commodities,2022,2024-01-01,2024-01-01,,,methodologies/scope-3-cat1-spend-based,2026-04-24
scope3-spend-naics339992-epa-scghg-v130,Scope 3 Cat 1 Spend-Based — NAICS 339992 Musical Instrument Manufacturing,scope3-spend,3,1,naics-339992,0.182,kg CO2e / USD2022,,,,US-national,US-Federal,"{GHG-Protocol,SB-253}",AR5,1,33.5,EPA Supply Chain GHG Emission Factors v1.3.0,https://www.epa.gov/climateleadership/supply-chain-ghg-emission-factors-us-industry-and-commodities,2022,2024-01-01,2024-01-01,,,methodologies/scope-3-cat1-spend-based,2026-04-24
scope3-spend-naics339993-epa-scghg-v130,"Scope 3 Cat 1 Spend-Based — NAICS 339993 Fastener, Button, Needle, and Pin Manufacturing",scope3-spend,3,1,naics-339993,0.182,kg CO2e / USD2022,,,,US-national,US-Federal,"{GHG-Protocol,SB-253}",AR5,1,33.5,EPA Supply Chain GHG Emission Factors v1.3.0,https://www.epa.gov/climateleadership/supply-chain-ghg-emission-factors-us-industry-and-commodities,2022,2024-01-01,2024-01-01,,,methodologies/scope-3-cat1-spend-based,2026-04-24
scope3-spend-naics339994-epa-scghg-v130,"Scope 3 Cat 1 Spend-Based — NAICS 339994 Broom, Brush, and Mop Manufacturing",scope3-spend,3,1,naics-339994,0.182,kg CO2e / USD2022,,,,US-national,US-Federal,"{GHG-Protocol,SB-253}",AR5,1,33.5,EPA Supply Chain GHG Emission Factors v1.3.0,https://www.epa.gov/climateleadership/supply-chain-ghg-emission-factors-us-industry-and-commodities,2022,2024-01-01,2024-01-01,,,methodologies/scope-3-cat1-spend-based,2026-04-24
scope3-spend-naics339995-epa-scghg-v130,Scope 3 Cat 1 Spend-Based — NAICS 339995 Burial Casket Manufacturing,scope3-spend,3,1,naics-339995,0.182,kg CO2e / USD2022,,,,US-national,US-Federal,"{GHG-Protocol,SB-253}",AR5,1,33.5,EPA Supply Chain GHG Emission Factors v1.3.0,https://www.epa.gov/climateleadership/supply-chain-ghg-emission-factors-us-industry-and-commodities,2022,2024-01-01,2024-01-01,,,methodologies/scope-3-cat1-spend-based,2026-04-24
scope3-spend-naics339999-epa-scghg-v130,Scope 3 Cat 1 Spend-Based — NAICS 339999 All Other Miscellaneous Manufacturing,scope3-spend,3,1,naics-339999,0.182,kg CO2e / USD2022,,,,US-national,US-Federal,"{GHG-Protocol,SB-253}",AR5,1,33.5,EPA Supply Chain GHG Emission Factors v1.3.0,https://www.epa.gov/climateleadership/supply-chain-ghg-emission-factors-us-industry-and-commodities,2022,2024-01-01,2024-01-01,,,methodologies/scope-3-cat1-spend-based,2026-04-24
scope3-spend-naics423110-epa-scghg-v130,Scope 3 Cat 1 Spend-Based — NAICS 423110 Automobile and Other Motor Vehicle Merchant Wholesalers,scope3-spend,3,1,naics-423110,0.115,kg CO2e / USD2022,,,,US-national,US-Federal,"{GHG-Protocol,SB-253}",AR5,1,0.0,EPA Supply Chain GHG Emission Factors v1.3.0,https://www.epa.gov/climateleadership/supply-chain-ghg-emission-factors-us-industry-and-commodities,2022,2024-01-01,2024-01-01,,,methodologies/scope-3-cat1-spend-based,2026-04-24
scope3-spend-naics423120-epa-scghg-v130,Scope 3 Cat 1 Spend-Based — NAICS 423120 Motor Vehicle Supplies and New Parts Merchant Wholesalers,scope3-spend,3,1,naics-423120,0.115,kg CO2e / USD2022,,,,US-national,US-Federal,"{GHG-Protocol,SB-253}",AR5,1,0.0,EPA Supply Chain GHG Emission Factors v1.3.0,https://www.epa.gov/climateleadership/supply-chain-ghg-emission-factors-us-industry-and-commodities,2022,2024-01-01,2024-01-01,,,methodologies/scope-3-cat1-spend-based,2026-04-24
scope3-spend-naics423130-epa-scghg-v130,Scope 3 Cat 1 Spend-Based — NAICS 423130 Tire and Tube Merchant Wholesalers,scope3-spend,3,1,naics-423130,0.115,kg CO2e / USD2022,,,,US-national,US-Federal,"{GHG-Protocol,SB-253}",AR5,1,0.0,EPA Supply Chain GHG Emission Factors v1.3.0,https://www.epa.gov/climateleadership/supply-chain-ghg-emission-factors-us-industry-and-commodities,2022,2024-01-01,2024-01-01,,,methodologies/scope-3-cat1-spend-based,2026-04-24
scope3-spend-naics423140-epa-scghg-v130,Scope 3 Cat 1 Spend-Based — NAICS 423140 Motor Vehicle Parts (Used) Merchant Wholesalers,scope3-spend,3,1,naics-423140,0.115,kg CO2e / USD2022,,,,US-national,US-Federal,"{GHG-Protocol,SB-253}",AR5,1,0.0,EPA Supply Chain GHG Emission Factors v1.3.0,https://www.epa.gov/climateleadership/supply-chain-ghg-emission-factors-us-industry-and-commodities,2022,2024-01-01,2024-01-01,,,methodologies/scope-3-cat1-spend-based,2026-04-24
scope3-spend-naics423210-epa-scghg-v130,Scope 3 Cat 1 Spend-Based — NAICS 423210 Furniture Merchant Wholesalers,scope3-spend,3,1,naics-423210,0.108,kg CO2e / USD2022,,,,US-national,US-Federal,"{GHG-Protocol,SB-253}",AR5,1,0.0,EPA Supply Chain GHG Emission Factors v1.3.0,https://www.epa.gov/climateleadership/supply-chain-ghg-emission-factors-us-industry-and-commodities,2022,2024-01-01,2024-01-01,,,methodologies/scope-3-cat1-spend-based,2026-04-24
scope3-spend-naics423220-epa-scghg-v130,Scope 3 Cat 1 Spend-Based — NAICS 423220 Home Furnishing Merchant Wholesalers,scope3-spend,3,1,naics-423220,0.108,kg CO2e / USD2022,,,,US-national,US-Federal,"{GHG-Protocol,SB-253}",AR5,1,0.0,EPA Supply Chain GHG Emission Factors v1.3.0,https://www.epa.gov/climateleadership/supply-chain-ghg-emission-factors-us-industry-and-commodities,2022,2024-01-01,2024-01-01,,,methodologies/scope-3-cat1-spend-based,2026-04-24
scope3-spend-naics423310-epa-scghg-v130,"Scope 3 Cat 1 Spend-Based — NAICS 423310 Lumber, Plywood, Millwork, and Wood Panel Merchant Wholesalers",scope3-spend,3,1,naics-423310,0.108,kg CO2e / USD2022,,,,US-national,US-Federal,"{GHG-Protocol,SB-253}",AR5,1,0.0,EPA Supply Chain GHG Emission Factors v1.3.0,https://www.epa.gov/climateleadership/supply-chain-ghg-emission-factors-us-industry-and-commodities,2022,2024-01-01,2024-01-01,,,methodologies/scope-3-cat1-spend-based,2026-04-24
scope3-spend-naics423320-epa-scghg-v130,"Scope 3 Cat 1 Spend-Based — NAICS 423320 Brick, Stone, and Related Construction Material Merchant Wholesalers",scope3-spend,3,1,naics-423320,0.108,kg CO2e / USD2022,,,,US-national,US-Federal,"{GHG-Protocol,SB-253}",AR5,1,0.0,EPA Supply Chain GHG Emission Factors v1.3.0,https://www.epa.gov/climateleadership/supply-chain-ghg-emission-factors-us-industry-and-commodities,2022,2024-01-01,2024-01-01,,,methodologies/scope-3-cat1-spend-based,2026-04-24
scope3-spend-naics423330-epa-scghg-v130,"Scope 3 Cat 1 Spend-Based — NAICS 423330 Roofing, Siding, and Insulation Material Merchant Wholesalers",scope3-spend,3,1,naics-423330,0.108,kg CO2e / USD2022,,,,US-national,US-Federal,"{GHG-Protocol,SB-253}",AR5,1,0.0,EPA Supply Chain GHG Emission Factors v1.3.0,https://www.epa.gov/climateleadership/supply-chain-ghg-emission-factors-us-industry-and-commodities,2022,2024-01-01,2024-01-01,,,methodologies/scope-3-cat1-spend-based,2026-04-24
scope3-spend-naics423390-epa-scghg-v130,Scope 3 Cat 1 Spend-Based — NAICS 423390 Other Construction Material Merchant Wholesalers,scope3-spend,3,1,naics-423390,0.108,kg CO2e / USD2022,,,,US-national,US-Federal,"{GHG-Protocol,SB-253}",AR5,1,0.0,EPA Supply Chain GHG Emission Factors v1.3.0,https://www.epa.gov/climateleadership/supply-chain-ghg-emission-factors-us-industry-and-commodities,2022,2024-01-01,2024-01-01,,,methodologies/scope-3-cat1-spend-based,2026-04-24
scope3-spend-naics423410-epa-scghg-v130,Scope 3 Cat 1 Spend-Based — NAICS 423410 Photographic Equipment and Supplies Merchant Wholesalers,scope3-spend,3,1,naics-423410,0.074,kg CO2e / USD2022,,,,US-national,US-Federal,"{GHG-Protocol,SB-253}",AR5,1,0.0,EPA Supply Chain GHG Emission Factors v1.3.0,https://www.epa.gov/climateleadership/supply-chain-ghg-emission-factors-us-industry-and-commodities,2022,2024-01-01,2024-01-01,,,methodologies/scope-3-cat1-spend-based,2026-04-24
scope3-spend-naics423420-epa-scghg-v130,Scope 3 Cat 1 Spend-Based — NAICS 423420 Office Equipment Merchant Wholesalers,scope3-spend,3,1,naics-423420,0.074,kg CO2e / USD2022,,,,US-national,US-Federal,"{GHG-Protocol,SB-253}",AR5,1,0.0,EPA Supply Chain GHG Emission Factors v1.3.0,https://www.epa.gov/climateleadership/supply-chain-ghg-emission-factors-us-industry-and-commodities,2022,2024-01-01,2024-01-01,,,methodologies/scope-3-cat1-spend-based,2026-04-24
scope3-spend-naics423430-epa-scghg-v130,Scope 3 Cat 1 Spend-Based — NAICS 423430 Computer and Computer Peripheral Equipment and Software Merchant Wholesalers,scope3-spend,3,1,naics-423430,0.074,kg CO2e / USD2022,,,,US-national,US-Federal,"{GHG-Protocol,SB-253}",AR5,1,0.0,EPA Supply Chain GHG Emission Factors v1.3.0,https://www.epa.gov/climateleadership/supply-chain-ghg-emission-factors-us-industry-and-commodities,2022,2024-01-01,2024-01-01,,,methodologies/scope-3-cat1-spend-based,2026-04-24
scope3-spend-naics423440-epa-scghg-v130,Scope 3 Cat 1 Spend-Based — NAICS 423440 Other Commercial Equipment Merchant Wholesalers,scope3-spend,3,1,naics-423440,0.074,kg CO2e / USD2022,,,,US-national,US-Federal,"{GHG-Protocol,SB-253}",AR5,1,0.0,EPA Supply Chain GHG Emission Factors v1.3.0,https://www.epa.gov/climateleadership/supply-chain-ghg-emission-factors-us-industry-and-commodities,2022,2024-01-01,2024-01-01,,,methodologies/scope-3-cat1-spend-based,2026-04-24
scope3-spend-naics423450-epa-scghg-v130,"Scope 3 Cat 1 Spend-Based — NAICS 423450 Medical, Dental, and Hospital Equipment and Supplies Merchant Wholesalers",scope3-spend,3,1,naics-423450,0.074,kg CO2e / USD2022,,,,US-national,US-Federal,"{GHG-Protocol,SB-253}",AR5,1,0.0,EPA Supply Chain GHG Emission Factors v1.3.0,https://www.epa.gov/climateleadership/supply-chain-ghg-emission-factors-us-industry-and-commodities,2022,2024-01-01,2024-01-01,,,methodologies/scope-3-cat1-spend-based,2026-04-24
scope3-spend-naics423460-epa-scghg-v130,Scope 3 Cat 1 Spend-Based — NAICS 423460 Ophthalmic Goods Merchant Wholesalers,scope3-spend,3,1,naics-423460,0.074,kg CO2e / USD2022,,,,US-national,US-Federal,"{GHG-Protocol,SB-253}",AR5,1,0.0,EPA Supply Chain GHG Emission Factors v1.3.0,https://www.epa.gov/climateleadership/supply-chain-ghg-emission-factors-us-industry-and-commodities,2022,2024-01-01,2024-01-01,,,methodologies/scope-3-cat1-spend-based,2026-04-24
scope3-spend-naics423490-epa-scghg-v130,Scope 3 Cat 1 Spend-Based — NAICS 423490 Other Professional Equipment and Supplies Merchant Wholesalers,scope3-spend,3,1,naics-423490,0.074,kg CO2e / USD2022,,,,US-national,US-Federal,"{GHG-Protocol,SB-253}",AR5,1,0.0,EPA Supply Chain GHG Emission Factors v1.3.0,https://www.epa.gov/climateleadership/supply-chain-ghg-emission-factors-us-industry-and-commodities,2022,2024-01-01,2024-01-01,,,methodologies/scope-3-cat1-spend-based,2026-04-24
scope3-spend-naics423510-epa-scghg-v130,Scope 3 Cat 1 Spend-Based — NAICS 423510 Metal Service Centers and Other Metal Merchant Wholesalers,scope3-spend,3,1,naics-423510,0.108,kg CO2e / USD2022,,,,US-national,US-Federal,"{GHG-Protocol,SB-253}",AR5,1,0.0,EPA Supply Chain GHG Emission Factors v1.3.0,https://www.epa.gov/climateleadership/supply-chain-ghg-emission-factors-us-industry-and-commodities,2022,2024-01-01,2024-01-01,,,methodologies/scope-3-cat1-spend-based,2026-04-24
scope3-spend-naics423520-epa-scghg-v130,Scope 3 Cat 1 Spend-Based — NAICS 423520 Coal and Other Mineral and Ore Merchant Wholesalers,scope3-spend,3,1,naics-423520,0.108,kg CO2e / USD2022,,,,US-national,US-Federal,"{GHG-Protocol,SB-253}",AR5,1,0.0,EPA Supply Chain GHG Emission Factors v1.3.0,https://www.epa.gov/climateleadership/supply-chain-ghg-emission-factors-us-industry-and-commodities,2022,2024-01-01,2024-01-01,,,methodologies/scope-3-cat1-spend-based,2026-04-24
scope3-spend-naics423610-epa-scghg-v130,"Scope 3 Cat 1 Spend-Based — NAICS 423610 Electrical Apparatus and Equipment, Wiring Supplies, and Related Equipment Merchant Wholesalers",scope3-spend,3,1,naics-423610,0.083,kg CO2e / USD2022,,,,US-national,US-Federal,"{GHG-Protocol,SB-253}",AR5,1,0.0,EPA Supply Chain GHG Emission Factors v1.3.0,https://www.epa.gov/climateleadership/supply-chain-ghg-emission-factors-us-industry-and-commodities,2022,2024-01-01,2024-01-01,,,methodologies/scope-3-cat1-spend-based,2026-04-24
scope3-spend-naics423620-epa-scghg-v130,"Scope 3 Cat 1 Spend-Based — NAICS 423620 Household Appliances, Electric Housewares, and Consumer Electronics Merchant Wholesalers",scope3-spend,3,1,naics-423620,0.083,kg CO2e / USD2022,,,,US-national,US-Federal,"{GHG-Protocol,SB-253}",AR5,1,0.0,EPA Supply Chain GHG Emission Factors v1.3.0,https://www.epa.gov/climateleadership/supply-chain-ghg-emission-factors-us-industry-and-commodities,2022,2024-01-01,2024-01-01,,,methodologies/scope-3-cat1-spend-based,2026-04-24
scope3-spend-naics423690-epa-scghg-v130,Scope 3 Cat 1 Spend-Based — NAICS 423690 Other Electronic Parts and Equipment Merchant Wholesalers,scope3-spend,3,1,naics-423690,0.083,kg CO2e / USD2022,,,,US-national,US-Federal,"{GHG-Protocol,SB-253}",AR5,1,0.0,EPA Supply Chain GHG Emission Factors v1.3.0,https://www.epa.gov/climateleadership/supply-chain-ghg-emission-factors-us-industry-and-commodities,2022,2024-01-01,2024-01-01,,,methodologies/scope-3-cat1-spend-based,2026-04-24
scope3-spend-naics423710-epa-scghg-v130,Scope 3 Cat 1 Spend-Based — NAICS 423710 Hardware Merchant Wholesalers,scope3-spend,3,1,naics-423710,0.108,kg CO2e / USD2022,,,,US-national,US-Federal,"{GHG-Protocol,SB-253}",AR5,1,0.0,EPA Supply Chain GHG Emission Factors v1.3.0,https://www.epa.gov/climateleadership/supply-chain-ghg-emission-factors-us-industry-and-commodities,2022,2024-01-01,2024-01-01,,,methodologies/scope-3-cat1-spend-based,2026-04-24
scope3-spend-naics423720-epa-scghg-v130,Scope 3 Cat 1 Spend-Based — NAICS 423720 Plumbing and Heating Equipment and Supplies (Hydronics) Merchant Wholesalers,scope3-spend,3,1,naics-423720,0.108,kg CO2e / USD2022,,,,US-national,US-Federal,"{GHG-Protocol,SB-253}",AR5,1,0.0,EPA Supply Chain GHG Emission Factors v1.3.0,https://www.epa.gov/climateleadership/supply-chain-ghg-emission-factors-us-industry-and-commodities,2022,2024-01-01,2024-01-01,,,methodologies/scope-3-cat1-spend-based,2026-04-24
scope3-spend-naics423730-epa-scghg-v130,Scope 3 Cat 1 Spend-Based — NAICS 423730 Warm Air Heating and Air-Conditioning Equipment and Supplies Merchant Wholesalers,scope3-spend,3,1,naics-423730,0.108,kg CO2e / USD2022,,,,US-national,US-Federal,"{GHG-Protocol,SB-253}",AR5,1,0.0,EPA Supply Chain GHG Emission Factors v1.3.0,https://www.epa.gov/climateleadership/supply-chain-ghg-emission-factors-us-industry-and-commodities,2022,2024-01-01,2024-01-01,,,methodologies/scope-3-cat1-spend-based,2026-04-24
scope3-spend-naics423740-epa-scghg-v130,Scope 3 Cat 1 Spend-Based — NAICS 423740 Refrigeration Equipment and Supplies Merchant Wholesalers,scope3-spend,3,1,naics-423740,0.108,kg CO2e / USD2022,,,,US-national,US-Federal,"{GHG-Protocol,SB-253}",AR5,1,0.0,EPA Supply Chain GHG Emission Factors v1.3.0,https://www.epa.gov/climateleadership/supply-chain-ghg-emission-factors-us-industry-and-commodities,2022,2024-01-01,2024-01-01,,,methodologies/scope-3-cat1-spend-based,2026-04-24
scope3-spend-naics423810-epa-scghg-v130,Scope 3 Cat 1 Spend-Based — NAICS 423810 Construction and Mining (except Oil Well) Machinery and Equipment Merchant Wholesalers,scope3-spend,3,1,naics-423810,0.115,kg CO2e / USD2022,,,,US-national,US-Federal,"{GHG-Protocol,SB-253}",AR5,1,0.0,EPA Supply Chain GHG Emission Factors v1.3.0,https://www.epa.gov/climateleadership/supply-chain-ghg-emission-factors-us-industry-and-commodities,2022,2024-01-01,2024-01-01,,,methodologies/scope-3-cat1-spend-based,2026-04-24
scope3-spend-naics423820-epa-scghg-v130,Scope 3 Cat 1 Spend-Based — NAICS 423820 Farm and Garden Machinery and Equipment Merchant Wholesalers,scope3-spend,3,1,naics-423820,0.115,kg CO2e / USD2022,,,,US-national,US-Federal,"{GHG-Protocol,SB-253}",AR5,1,0.0,EPA Supply Chain GHG Emission Factors v1.3.0,https://www.epa.gov/climateleadership/supply-chain-ghg-emission-factors-us-industry-and-commodities,2022,2024-01-01,2024-01-01,,,methodologies/scope-3-cat1-spend-based,2026-04-24
scope3-spend-naics423830-epa-scghg-v130,Scope 3 Cat 1 Spend-Based — NAICS 423830 Industrial Machinery and Equipment Merchant Wholesalers,scope3-spend,3,1,naics-423830,0.115,kg CO2e / USD2022,,,,US-national,US-Federal,"{GHG-Protocol,SB-253}",AR5,1,0.0,EPA Supply Chain GHG Emission Factors v1.3.0,https://www.epa.gov/climateleadership/supply-chain-ghg-emission-factors-us-industry-and-commodities,2022,2024-01-01,2024-01-01,,,methodologies/scope-3-cat1-spend-based,2026-04-24
scope3-spend-naics423840-epa-scghg-v130,Scope 3 Cat 1 Spend-Based — NAICS 423840 Industrial Supplies Merchant Wholesalers,scope3-spend,3,1,naics-423840,0.115,kg CO2e / USD2022,,,,US-national,US-Federal,"{GHG-Protocol,SB-253}",AR5,1,0.0,EPA Supply Chain GHG Emission Factors v1.3.0,https://www.epa.gov/climateleadership/supply-chain-ghg-emission-factors-us-industry-and-commodities,2022,2024-01-01,2024-01-01,,,methodologies/scope-3-cat1-spend-based,2026-04-24
scope3-spend-naics423850-epa-scghg-v130,Scope 3 Cat 1 Spend-Based — NAICS 423850 Service Establishment Equipment and Supplies Merchant Wholesalers,scope3-spend,3,1,naics-423850,0.115,kg CO2e / USD2022,,,,US-national,US-Federal,"{GHG-Protocol,SB-253}",AR5,1,0.0,EPA Supply Chain GHG Emission Factors v1.3.0,https://www.epa.gov/climateleadership/supply-chain-ghg-emission-factors-us-industry-and-commodities,2022,2024-01-01,2024-01-01,,,methodologies/scope-3-cat1-spend-based,2026-04-24
scope3-spend-naics423860-epa-scghg-v130,Scope 3 Cat 1 Spend-Based — NAICS 423860 Transportation Equipment and Supplies (except Motor Vehicle) Merchant Wholesalers,scope3-spend,3,1,naics-423860,0.115,kg CO2e / USD2022,,,,US-national,US-Federal,"{GHG-Protocol,SB-253}",AR5,1,0.0,EPA Supply Chain GHG Emission Factors v1.3.0,https://www.epa.gov/climateleadership/supply-chain-ghg-emission-factors-us-industry-and-commodities,2022,2024-01-01,2024-01-01,,,methodologies/scope-3-cat1-spend-based,2026-04-24
scope3-spend-naics423910-epa-scghg-v130,Scope 3 Cat 1 Spend-Based — NAICS 423910 Sporting and Recreational Goods and Supplies Merchant Wholesalers,scope3-spend,3,1,naics-423910,0.108,kg CO2e / USD2022,,,,US-national,US-Federal,"{GHG-Protocol,SB-253}",AR5,1,0.0,EPA Supply Chain GHG Emission Factors v1.3.0,https://www.epa.gov/climateleadership/supply-chain-ghg-emission-factors-us-industry-and-commodities,2022,2024-01-01,2024-01-01,,,methodologies/scope-3-cat1-spend-based,2026-04-24
scope3-spend-naics423920-epa-scghg-v130,Scope 3 Cat 1 Spend-Based — NAICS 423920 Toy and Hobby Goods and Supplies Merchant Wholesalers,scope3-spend,3,1,naics-423920,0.108,kg CO2e / USD2022,,,,US-national,US-Federal,"{GHG-Protocol,SB-253}",AR5,1,0.0,EPA Supply Chain GHG Emission Factors v1.3.0,https://www.epa.gov/climateleadership/supply-chain-ghg-emission-factors-us-industry-and-commodities,2022,2024-01-01,2024-01-01,,,methodologies/scope-3-cat1-spend-based,2026-04-24
scope3-spend-naics423930-epa-scghg-v130,Scope 3 Cat 1 Spend-Based — NAICS 423930 Recyclable Material Merchant Wholesalers,scope3-spend,3,1,naics-423930,0.108,kg CO2e / USD2022,,,,US-national,US-Federal,"{GHG-Protocol,SB-253}",AR5,1,0.0,EPA Supply Chain GHG Emission Factors v1.3.0,https://www.epa.gov/climateleadership/supply-chain-ghg-emission-factors-us-industry-and-commodities,2022,2024-01-01,2024-01-01,,,methodologies/scope-3-cat1-spend-based,2026-04-24
scope3-spend-naics423940-epa-scghg-v130,"Scope 3 Cat 1 Spend-Based — NAICS 423940 Jewelry, Watch, Precious Stone, and Precious Metal Merchant Wholesalers",scope3-spend,3,1,naics-423940,0.108,kg CO2e / USD2022,,,,US-national,US-Federal,"{GHG-Protocol,SB-253}",AR5,1,0.0,EPA Supply Chain GHG Emission Factors v1.3.0,https://www.epa.gov/climateleadership/supply-chain-ghg-emission-factors-us-industry-and-commodities,2022,2024-01-01,2024-01-01,,,methodologies/scope-3-cat1-spend-based,2026-04-24
scope3-spend-naics423990-epa-scghg-v130,Scope 3 Cat 1 Spend-Based — NAICS 423990 Other Miscellaneous Durable Goods Merchant Wholesalers,scope3-spend,3,1,naics-423990,0.108,kg CO2e / USD2022,,,,US-national,US-Federal,"{GHG-Protocol,SB-253}",AR5,1,0.0,EPA Supply Chain GHG Emission Factors v1.3.0,https://www.epa.gov/climateleadership/supply-chain-ghg-emission-factors-us-industry-and-commodities,2022,2024-01-01,2024-01-01,,,methodologies/scope-3-cat1-spend-based,2026-04-24
scope3-spend-naics424110-epa-scghg-v130,Scope 3 Cat 1 Spend-Based — NAICS 424110 Printing and Writing Paper Merchant Wholesalers,scope3-spend,3,1,naics-424110,0.144,kg CO2e / USD2022,,,,US-national,US-Federal,"{GHG-Protocol,SB-253}",AR5,1,0.0,EPA Supply Chain GHG Emission Factors v1.3.0,https://www.epa.gov/climateleadership/supply-chain-ghg-emission-factors-us-industry-and-commodities,2022,2024-01-01,2024-01-01,,,methodologies/scope-3-cat1-spend-based,2026-04-24
scope3-spend-naics424120-epa-scghg-v130,Scope 3 Cat 1 Spend-Based — NAICS 424120 Stationery and Office Supplies Merchant Wholesalers,scope3-spend,3,1,naics-424120,0.144,kg CO2e / USD2022,,,,US-national,US-Federal,"{GHG-Protocol,SB-253}",AR5,1,0.0,EPA Supply Chain GHG Emission Factors v1.3.0,https://www.epa.gov/climateleadership/supply-chain-ghg-emission-factors-us-industry-and-commodities,2022,2024-01-01,2024-01-01,,,methodologies/scope-3-cat1-spend-based,2026-04-24
scope3-spend-naics424130-epa-scghg-v130,Scope 3 Cat 1 Spend-Based — NAICS 424130 Industrial and Personal Service Paper Merchant Wholesalers,scope3-spend,3,1,naics-424130,0.144,kg CO2e / USD2022,,,,US-national,US-Federal,"{GHG-Protocol,SB-253}",AR5,1,0.0,EPA Supply Chain GHG Emission Factors v1.3.0,https://www.epa.gov/climateleadership/supply-chain-ghg-emission-factors-us-industry-and-commodities,2022,2024-01-01,2024-01-01,,,methodologies/scope-3-cat1-spend-based,2026-04-24
scope3-spend-naics424210-epa-scghg-v130,Scope 3 Cat 1 Spend-Based — NAICS 424210 Drugs and Druggists' Sundries Merchant Wholesalers,scope3-spend,3,1,naics-424210,0.095,kg CO2e / USD2022,,,,US-national,US-Federal,"{GHG-Protocol,SB-253}",AR5,1,0.0,EPA Supply Chain GHG Emission Factors v1.3.0,https://www.epa.gov/climateleadership/supply-chain-ghg-emission-factors-us-industry-and-commodities,2022,2024-01-01,2024-01-01,,,methodologies/scope-3-cat1-spend-based,2026-04-24
scope3-spend-naics424310-epa-scghg-v130,"Scope 3 Cat 1 Spend-Based — NAICS 424310 Piece Goods, Notions, and Other Dry Goods Merchant Wholesalers",scope3-spend,3,1,naics-424310,0.144,kg CO2e / USD2022,,,,US-national,US-Federal,"{GHG-Protocol,SB-253}",AR5,1,0.0,EPA Supply Chain GHG Emission Factors v1.3.0,https://www.epa.gov/climateleadership/supply-chain-ghg-emission-factors-us-industry-and-commodities,2022,2024-01-01,2024-01-01,,,methodologies/scope-3-cat1-spend-based,2026-04-24
scope3-spend-naics424320-epa-scghg-v130,Scope 3 Cat 1 Spend-Based — NAICS 424320 Men's and Boys' Clothing and Furnishings Merchant Wholesalers,scope3-spend,3,1,naics-424320,0.144,kg CO2e / USD2022,,,,US-national,US-Federal,"{GHG-Protocol,SB-253}",AR5,1,0.0,EPA Supply Chain GHG Emission Factors v1.3.0,https://www.epa.gov/climateleadership/supply-chain-ghg-emission-factors-us-industry-and-commodities,2022,2024-01-01,2024-01-01,,,methodologies/scope-3-cat1-spend-based,2026-04-24
scope3-spend-naics424330-epa-scghg-v130,"Scope 3 Cat 1 Spend-Based — NAICS 424330 Women's, Children's, and Infants' Clothing and Accessories Merchant Wholesalers",scope3-spend,3,1,naics-424330,0.144,kg CO2e / USD2022,,,,US-national,US-Federal,"{GHG-Protocol,SB-253}",AR5,1,0.0,EPA Supply Chain GHG Emission Factors v1.3.0,https://www.epa.gov/climateleadership/supply-chain-ghg-emission-factors-us-industry-and-commodities,2022,2024-01-01,2024-01-01,,,methodologies/scope-3-cat1-spend-based,2026-04-24
scope3-spend-naics424340-epa-scghg-v130,Scope 3 Cat 1 Spend-Based — NAICS 424340 Footwear Merchant Wholesalers,scope3-spend,3,1,naics-424340,0.144,kg CO2e / USD2022,,,,US-national,US-Federal,"{GHG-Protocol,SB-253}",AR5,1,0.0,EPA Supply Chain GHG Emission Factors v1.3.0,https://www.epa.gov/climateleadership/supply-chain-ghg-emission-factors-us-industry-and-commodities,2022,2024-01-01,2024-01-01,,,methodologies/scope-3-cat1-spend-based,2026-04-24
scope3-spend-naics424410-epa-scghg-v130,Scope 3 Cat 1 Spend-Based — NAICS 424410 General Line Grocery Merchant Wholesalers,scope3-spend,3,1,naics-424410,0.159,kg CO2e / USD2022,,,,US-national,US-Federal,"{GHG-Protocol,SB-253}",AR5,1,0.0,EPA Supply Chain GHG Emission Factors v1.3.0,https://www.epa.gov/climateleadership/supply-chain-ghg-emission-factors-us-industry-and-commodities,2022,2024-01-01,2024-01-01,,,methodologies/scope-3-cat1-spend-based,2026-04-24
scope3-spend-naics424420-epa-scghg-v130,Scope 3 Cat 1 Spend-Based — NAICS 424420 Packaged Frozen Food Merchant Wholesalers,scope3-spend,3,1,naics-424420,0.159,kg CO2e / USD2022,,,,US-national,US-Federal,"{GHG-Protocol,SB-253}",AR5,1,0.0,EPA Supply Chain GHG Emission Factors v1.3.0,https://www.epa.gov/climateleadership/supply-chain-ghg-emission-factors-us-industry-and-commodities,2022,2024-01-01,2024-01-01,,,methodologies/scope-3-cat1-spend-based,2026-04-24
scope3-spend-naics424430-epa-scghg-v130,Scope 3 Cat 1 Spend-Based — NAICS 424430 Dairy Product (except Dried or Canned) Merchant Wholesalers,scope3-spend,3,1,naics-424430,0.159,kg CO2e / USD2022,,,,US-national,US-Federal,"{GHG-Protocol,SB-253}",AR5,1,0.0,EPA Supply Chain GHG Emission Factors v1.3.0,https://www.epa.gov/climateleadership/supply-chain-ghg-emission-factors-us-industry-and-commodities,2022,2024-01-01,2024-01-01,,,methodologies/scope-3-cat1-spend-based,2026-04-24
scope3-spend-naics424440-epa-scghg-v130,Scope 3 Cat 1 Spend-Based — NAICS 424440 Poultry and Poultry Product Merchant Wholesalers,scope3-spend,3,1,naics-424440,0.159,kg CO2e / USD2022,,,,US-national,US-Federal,"{GHG-Protocol,SB-253}",AR5,1,0.0,EPA Supply Chain GHG Emission Factors v1.3.0,https://www.epa.gov/climateleadership/supply-chain-ghg-emission-factors-us-industry-and-commodities,2022,2024-01-01,2024-01-01,,,methodologies/scope-3-cat1-spend-based,2026-04-24
scope3-spend-naics424450-epa-scghg-v130,Scope 3 Cat 1 Spend-Based — NAICS 424450 Confectionery Merchant Wholesalers,scope3-spend,3,1,naics-424450,0.159,kg CO2e / USD2022,,,,US-national,US-Federal,"{GHG-Protocol,SB-253}",AR5,1,0.0,EPA Supply Chain GHG Emission Factors v1.3.0,https://www.epa.gov/climateleadership/supply-chain-ghg-emission-factors-us-industry-and-commodities,2022,2024-01-01,2024-01-01,,,methodologies/scope-3-cat1-spend-based,2026-04-24
scope3-spend-naics424460-epa-scghg-v130,Scope 3 Cat 1 Spend-Based — NAICS 424460 Fish and Seafood Merchant Wholesalers,scope3-spend,3,1,naics-424460,0.159,kg CO2e / USD2022,,,,US-national,US-Federal,"{GHG-Protocol,SB-253}",AR5,1,0.0,EPA Supply Chain GHG Emission Factors v1.3.0,https://www.epa.gov/climateleadership/supply-chain-ghg-emission-factors-us-industry-and-commodities,2022,2024-01-01,2024-01-01,,,methodologies/scope-3-cat1-spend-based,2026-04-24
scope3-spend-naics424470-epa-scghg-v130,Scope 3 Cat 1 Spend-Based — NAICS 424470 Meat and Meat Product Merchant Wholesalers,scope3-spend,3,1,naics-424470,0.159,kg CO2e / USD2022,,,,US-national,US-Federal,"{GHG-Protocol,SB-253}",AR5,1,0.0,EPA Supply Chain GHG Emission Factors v1.3.0,https://www.epa.gov/climateleadership/supply-chain-ghg-emission-factors-us-industry-and-commodities,2022,2024-01-01,2024-01-01,,,methodologies/scope-3-cat1-spend-based,2026-04-24
scope3-spend-naics424480-epa-scghg-v130,Scope 3 Cat 1 Spend-Based — NAICS 424480 Fresh Fruit and Vegetable Merchant Wholesalers,scope3-spend,3,1,naics-424480,0.159,kg CO2e / USD2022,,,,US-national,US-Federal,"{GHG-Protocol,SB-253}",AR5,1,0.0,EPA Supply Chain GHG Emission Factors v1.3.0,https://www.epa.gov/climateleadership/supply-chain-ghg-emission-factors-us-industry-and-commodities,2022,2024-01-01,2024-01-01,,,methodologies/scope-3-cat1-spend-based,2026-04-24
scope3-spend-naics424490-epa-scghg-v130,Scope 3 Cat 1 Spend-Based — NAICS 424490 Other Grocery and Related Products Merchant Wholesalers,scope3-spend,3,1,naics-424490,0.159,kg CO2e / USD2022,,,,US-national,US-Federal,"{GHG-Protocol,SB-253}",AR5,1,0.0,EPA Supply Chain GHG Emission Factors v1.3.0,https://www.epa.gov/climateleadership/supply-chain-ghg-emission-factors-us-industry-and-commodities,2022,2024-01-01,2024-01-01,,,methodologies/scope-3-cat1-spend-based,2026-04-24
scope3-spend-naics424510-epa-scghg-v130,Scope 3 Cat 1 Spend-Based — NAICS 424510 Grain and Field Bean Merchant Wholesalers,scope3-spend,3,1,naics-424510,0.144,kg CO2e / USD2022,,,,US-national,US-Federal,"{GHG-Protocol,SB-253}",AR5,1,0.0,EPA Supply Chain GHG Emission Factors v1.3.0,https://www.epa.gov/climateleadership/supply-chain-ghg-emission-factors-us-industry-and-commodities,2022,2024-01-01,2024-01-01,,,methodologies/scope-3-cat1-spend-based,2026-04-24
scope3-spend-naics424520-epa-scghg-v130,Scope 3 Cat 1 Spend-Based — NAICS 424520 Livestock Merchant Wholesalers,scope3-spend,3,1,naics-424520,0.144,kg CO2e / USD2022,,,,US-national,US-Federal,"{GHG-Protocol,SB-253}",AR5,1,0.0,EPA Supply Chain GHG Emission Factors v1.3.0,https://www.epa.gov/climateleadership/supply-chain-ghg-emission-factors-us-industry-and-commodities,2022,2024-01-01,2024-01-01,,,methodologies/scope-3-cat1-spend-based,2026-04-24
scope3-spend-naics424590-epa-scghg-v130,Scope 3 Cat 1 Spend-Based — NAICS 424590 Other Farm Product Raw Material Merchant Wholesalers,scope3-spend,3,1,naics-424590,0.144,kg CO2e / USD2022,,,,US-national,US-Federal,"{GHG-Protocol,SB-253}",AR5,1,0.0,EPA Supply Chain GHG Emission Factors v1.3.0,https://www.epa.gov/climateleadership/supply-chain-ghg-emission-factors-us-industry-and-commodities,2022,2024-01-01,2024-01-01,,,methodologies/scope-3-cat1-spend-based,2026-04-24
scope3-spend-naics424610-epa-scghg-v130,Scope 3 Cat 1 Spend-Based — NAICS 424610 Plastics Materials and Basic Forms and Shapes Merchant Wholesalers,scope3-spend,3,1,naics-424610,0.144,kg CO2e / USD2022,,,,US-national,US-Federal,"{GHG-Protocol,SB-253}",AR5,1,0.0,EPA Supply Chain GHG Emission Factors v1.3.0,https://www.epa.gov/climateleadership/supply-chain-ghg-emission-factors-us-industry-and-commodities,2022,2024-01-01,2024-01-01,,,methodologies/scope-3-cat1-spend-based,2026-04-24
scope3-spend-naics424690-epa-scghg-v130,Scope 3 Cat 1 Spend-Based — NAICS 424690 Other Chemical and Allied Products Merchant Wholesalers,scope3-spend,3,1,naics-424690,0.144,kg CO2e / USD2022,,,,US-national,US-Federal,"{GHG-Protocol,SB-253}",AR5,1,0.0,EPA Supply Chain GHG Emission Factors v1.3.0,https://www.epa.gov/climateleadership/supply-chain-ghg-emission-factors-us-industry-and-commodities,2022,2024-01-01,2024-01-01,,,methodologies/scope-3-cat1-spend-based,2026-04-24
scope3-spend-naics424710-epa-scghg-v130,Scope 3 Cat 1 Spend-Based — NAICS 424710 Petroleum Bulk Stations and Terminals,scope3-spend,3,1,naics-424710,0.102,kg CO2e / USD2022,,,,US-national,US-Federal,"{GHG-Protocol,SB-253}",AR5,1,0.0,EPA Supply Chain GHG Emission Factors v1.3.0,https://www.epa.gov/climateleadership/supply-chain-ghg-emission-factors-us-industry-and-commodities,2022,2024-01-01,2024-01-01,,,methodologies/scope-3-cat1-spend-based,2026-04-24
scope3-spend-naics424720-epa-scghg-v130,Scope 3 Cat 1 Spend-Based — NAICS 424720 Petroleum and Petroleum Products Merchant Wholesalers (except Bulk Stations and Terminals),scope3-spend,3,1,naics-424720,0.102,kg CO2e / USD2022,,,,US-national,US-Federal,"{GHG-Protocol,SB-253}",AR5,1,0.0,EPA Supply Chain GHG Emission Factors v1.3.0,https://www.epa.gov/climateleadership/supply-chain-ghg-emission-factors-us-industry-and-commodities,2022,2024-01-01,2024-01-01,,,methodologies/scope-3-cat1-spend-based,2026-04-24
scope3-spend-naics424810-epa-scghg-v130,Scope 3 Cat 1 Spend-Based — NAICS 424810 Beer and Ale Merchant Wholesalers,scope3-spend,3,1,naics-424810,0.144,kg CO2e / USD2022,,,,US-national,US-Federal,"{GHG-Protocol,SB-253}",AR5,1,0.0,EPA Supply Chain GHG Emission Factors v1.3.0,https://www.epa.gov/climateleadership/supply-chain-ghg-emission-factors-us-industry-and-commodities,2022,2024-01-01,2024-01-01,,,methodologies/scope-3-cat1-spend-based,2026-04-24
scope3-spend-naics424820-epa-scghg-v130,Scope 3 Cat 1 Spend-Based — NAICS 424820 Wine and Distilled Alcoholic Beverage Merchant Wholesalers,scope3-spend,3,1,naics-424820,0.144,kg CO2e / USD2022,,,,US-national,US-Federal,"{GHG-Protocol,SB-253}",AR5,1,0.0,EPA Supply Chain GHG Emission Factors v1.3.0,https://www.epa.gov/climateleadership/supply-chain-ghg-emission-factors-us-industry-and-commodities,2022,2024-01-01,2024-01-01,,,methodologies/scope-3-cat1-spend-based,2026-04-24
scope3-spend-naics424910-epa-scghg-v130,Scope 3 Cat 1 Spend-Based — NAICS 424910 Farm Supplies Merchant Wholesalers,scope3-spend,3,1,naics-424910,0.144,kg CO2e / USD2022,,,,US-national,US-Federal,"{GHG-Protocol,SB-253}",AR5,1,0.0,EPA Supply Chain GHG Emission Factors v1.3.0,https://www.epa.gov/climateleadership/supply-chain-ghg-emission-factors-us-industry-and-commodities,2022,2024-01-01,2024-01-01,,,methodologies/scope-3-cat1-spend-based,2026-04-24
scope3-spend-naics424920-epa-scghg-v130,"Scope 3 Cat 1 Spend-Based — NAICS 424920 Book, Periodical, and Newspaper Merchant Wholesalers",scope3-spend,3,1,naics-424920,0.144,kg CO2e / USD2022,,,,US-national,US-Federal,"{GHG-Protocol,SB-253}",AR5,1,0.0,EPA Supply Chain GHG Emission Factors v1.3.0,https://www.epa.gov/climateleadership/supply-chain-ghg-emission-factors-us-industry-and-commodities,2022,2024-01-01,2024-01-01,,,methodologies/scope-3-cat1-spend-based,2026-04-24
scope3-spend-naics424930-epa-scghg-v130,"Scope 3 Cat 1 Spend-Based — NAICS 424930 Flower, Nursery Stock, and Florists' Supplies Merchant Wholesalers",scope3-spend,3,1,naics-424930,0.144,kg CO2e / USD2022,,,,US-national,US-Federal,"{GHG-Protocol,SB-253}",AR5,1,0.0,EPA Supply Chain GHG Emission Factors v1.3.0,https://www.epa.gov/climateleadership/supply-chain-ghg-emission-factors-us-industry-and-commodities,2022,2024-01-01,2024-01-01,,,methodologies/scope-3-cat1-spend-based,2026-04-24
scope3-spend-naics424940-epa-scghg-v130,Scope 3 Cat 1 Spend-Based — NAICS 424940 Tobacco and Tobacco Product Merchant Wholesalers,scope3-spend,3,1,naics-424940,0.144,kg CO2e / USD2022,,,,US-national,US-Federal,"{GHG-Protocol,SB-253}",AR5,1,0.0,EPA Supply Chain GHG Emission Factors v1.3.0,https://www.epa.gov/climateleadership/supply-chain-ghg-emission-factors-us-industry-and-commodities,2022,2024-01-01,2024-01-01,,,methodologies/scope-3-cat1-spend-based,2026-04-24
scope3-spend-naics424950-epa-scghg-v130,"Scope 3 Cat 1 Spend-Based — NAICS 424950 Paint, Varnish, and Supplies Merchant Wholesalers",scope3-spend,3,1,naics-424950,0.144,kg CO2e / USD2022,,,,US-national,US-Federal,"{GHG-Protocol,SB-253}",AR5,1,0.0,EPA Supply Chain GHG Emission Factors v1.3.0,https://www.epa.gov/climateleadership/supply-chain-ghg-emission-factors-us-industry-and-commodities,2022,2024-01-01,2024-01-01,,,methodologies/scope-3-cat1-spend-based,2026-04-24
scope3-spend-naics424990-epa-scghg-v130,Scope 3 Cat 1 Spend-Based — NAICS 424990 Other Miscellaneous Nondurable Goods Merchant Wholesalers,scope3-spend,3,1,naics-424990,0.144,kg CO2e / USD2022,,,,US-national,US-Federal,"{GHG-Protocol,SB-253}",AR5,1,0.0,EPA Supply Chain GHG Emission Factors v1.3.0,https://www.epa.gov/climateleadership/supply-chain-ghg-emission-factors-us-industry-and-commodities,2022,2024-01-01,2024-01-01,,,methodologies/scope-3-cat1-spend-based,2026-04-24
scope3-spend-naics425110-epa-scghg-v130,Scope 3 Cat 1 Spend-Based — NAICS 425110 Business to Business Electronic Markets,scope3-spend,3,1,naics-425110,0.092,kg CO2e / USD2022,,,,US-national,US-Federal,"{GHG-Protocol,SB-253}",AR5,1,0.0,EPA Supply Chain GHG Emission Factors v1.3.0,https://www.epa.gov/climateleadership/supply-chain-ghg-emission-factors-us-industry-and-commodities,2022,2024-01-01,2024-01-01,,,methodologies/scope-3-cat1-spend-based,2026-04-24
scope3-spend-naics425120-epa-scghg-v130,Scope 3 Cat 1 Spend-Based — NAICS 425120 Wholesale Trade Agents and Brokers,scope3-spend,3,1,naics-425120,0.092,kg CO2e / USD2022,,,,US-national,US-Federal,"{GHG-Protocol,SB-253}",AR5,1,0.0,EPA Supply Chain GHG Emission Factors v1.3.0,https://www.epa.gov/climateleadership/supply-chain-ghg-emission-factors-us-industry-and-commodities,2022,2024-01-01,2024-01-01,,,methodologies/scope-3-cat1-spend-based,2026-04-24
scope3-spend-naics441110-epa-scghg-v130,Scope 3 Cat 1 Spend-Based — NAICS 441110 New Car Dealers,scope3-spend,3,1,naics-441110,0.073,kg CO2e / USD2022,,,,US-national,US-Federal,"{GHG-Protocol,SB-253}",AR5,1,0.0,EPA Supply Chain GHG Emission Factors v1.3.0,https://www.epa.gov/climateleadership/supply-chain-ghg-emission-factors-us-industry-and-commodities,2022,2024-01-01,2024-01-01,,,methodologies/scope-3-cat1-spend-based,2026-04-24
scope3-spend-naics441120-epa-scghg-v130,Scope 3 Cat 1 Spend-Based — NAICS 441120 Used Car Dealers,scope3-spend,3,1,naics-441120,0.073,kg CO2e / USD2022,,,,US-national,US-Federal,"{GHG-Protocol,SB-253}",AR5,1,0.0,EPA Supply Chain GHG Emission Factors v1.3.0,https://www.epa.gov/climateleadership/supply-chain-ghg-emission-factors-us-industry-and-commodities,2022,2024-01-01,2024-01-01,,,methodologies/scope-3-cat1-spend-based,2026-04-24
scope3-spend-naics441210-epa-scghg-v130,Scope 3 Cat 1 Spend-Based — NAICS 441210 Recreational Vehicle Dealers,scope3-spend,3,1,naics-441210,0.073,kg CO2e / USD2022,,,,US-national,US-Federal,"{GHG-Protocol,SB-253}",AR5,1,0.0,EPA Supply Chain GHG Emission Factors v1.3.0,https://www.epa.gov/climateleadership/supply-chain-ghg-emission-factors-us-industry-and-commodities,2022,2024-01-01,2024-01-01,,,methodologies/scope-3-cat1-spend-based,2026-04-24
scope3-spend-naics441222-epa-scghg-v130,Scope 3 Cat 1 Spend-Based — NAICS 441222 Boat Dealers,scope3-spend,3,1,naics-441222,0.073,kg CO2e / USD2022,,,,US-national,US-Federal,"{GHG-Protocol,SB-253}",AR5,1,0.0,EPA Supply Chain GHG Emission Factors v1.3.0,https://www.epa.gov/climateleadership/supply-chain-ghg-emission-factors-us-industry-and-commodities,2022,2024-01-01,2024-01-01,,,methodologies/scope-3-cat1-spend-based,2026-04-24
scope3-spend-naics441228-epa-scghg-v130,"Scope 3 Cat 1 Spend-Based — NAICS 441228 Motorcycle, ATV, and All Other Motor Vehicle Dealers",scope3-spend,3,1,naics-441228,0.073,kg CO2e / USD2022,,,,US-national,US-Federal,"{GHG-Protocol,SB-253}",AR5,1,0.0,EPA Supply Chain GHG Emission Factors v1.3.0,https://www.epa.gov/climateleadership/supply-chain-ghg-emission-factors-us-industry-and-commodities,2022,2024-01-01,2024-01-01,,,methodologies/scope-3-cat1-spend-based,2026-04-24
scope3-spend-naics441310-epa-scghg-v130,Scope 3 Cat 1 Spend-Based — NAICS 441310 Automotive Parts and Accessories Stores,scope3-spend,3,1,naics-441310,0.073,kg CO2e / USD2022,,,,US-national,US-Federal,"{GHG-Protocol,SB-253}",AR5,1,0.0,EPA Supply Chain GHG Emission Factors v1.3.0,https://www.epa.gov/climateleadership/supply-chain-ghg-emission-factors-us-industry-and-commodities,2022,2024-01-01,2024-01-01,,,methodologies/scope-3-cat1-spend-based,2026-04-24
scope3-spend-naics441320-epa-scghg-v130,Scope 3 Cat 1 Spend-Based — NAICS 441320 Tire Dealers,scope3-spend,3,1,naics-441320,0.073,kg CO2e / USD2022,,,,US-national,US-Federal,"{GHG-Protocol,SB-253}",AR5,1,0.0,EPA Supply Chain GHG Emission Factors v1.3.0,https://www.epa.gov/climateleadership/supply-chain-ghg-emission-factors-us-industry-and-commodities,2022,2024-01-01,2024-01-01,,,methodologies/scope-3-cat1-spend-based,2026-04-24
scope3-spend-naics442110-epa-scghg-v130,Scope 3 Cat 1 Spend-Based — NAICS 442110 Furniture Stores,scope3-spend,3,1,naics-442110,0.111,kg CO2e / USD2022,,,,US-national,US-Federal,"{GHG-Protocol,SB-253}",AR5,1,0.0,EPA Supply Chain GHG Emission Factors v1.3.0,https://www.epa.gov/climateleadership/supply-chain-ghg-emission-factors-us-industry-and-commodities,2022,2024-01-01,2024-01-01,,,methodologies/scope-3-cat1-spend-based,2026-04-24
scope3-spend-naics442210-epa-scghg-v130,Scope 3 Cat 1 Spend-Based — NAICS 442210 Floor Covering Stores,scope3-spend,3,1,naics-442210,0.111,kg CO2e / USD2022,,,,US-national,US-Federal,"{GHG-Protocol,SB-253}",AR5,1,0.0,EPA Supply Chain GHG Emission Factors v1.3.0,https://www.epa.gov/climateleadership/supply-chain-ghg-emission-factors-us-industry-and-commodities,2022,2024-01-01,2024-01-01,,,methodologies/scope-3-cat1-spend-based,2026-04-24
scope3-spend-naics442291-epa-scghg-v130,Scope 3 Cat 1 Spend-Based — NAICS 442291 Window Treatment Stores,scope3-spend,3,1,naics-442291,0.111,kg CO2e / USD2022,,,,US-national,US-Federal,"{GHG-Protocol,SB-253}",AR5,1,0.0,EPA Supply Chain GHG Emission Factors v1.3.0,https://www.epa.gov/climateleadership/supply-chain-ghg-emission-factors-us-industry-and-commodities,2022,2024-01-01,2024-01-01,,,methodologies/scope-3-cat1-spend-based,2026-04-24
scope3-spend-naics442299-epa-scghg-v130,Scope 3 Cat 1 Spend-Based — NAICS 442299 All Other Home Furnishings Stores,scope3-spend,3,1,naics-442299,0.111,kg CO2e / USD2022,,,,US-national,US-Federal,"{GHG-Protocol,SB-253}",AR5,1,0.0,EPA Supply Chain GHG Emission Factors v1.3.0,https://www.epa.gov/climateleadership/supply-chain-ghg-emission-factors-us-industry-and-commodities,2022,2024-01-01,2024-01-01,,,methodologies/scope-3-cat1-spend-based,2026-04-24
scope3-spend-naics443141-epa-scghg-v130,Scope 3 Cat 1 Spend-Based — NAICS 443141 Household Appliance Stores,scope3-spend,3,1,naics-443141,0.111,kg CO2e / USD2022,,,,US-national,US-Federal,"{GHG-Protocol,SB-253}",AR5,1,0.0,EPA Supply Chain GHG Emission Factors v1.3.0,https://www.epa.gov/climateleadership/supply-chain-ghg-emission-factors-us-industry-and-commodities,2022,2024-01-01,2024-01-01,,,methodologies/scope-3-cat1-spend-based,2026-04-24
scope3-spend-naics443142-epa-scghg-v130,Scope 3 Cat 1 Spend-Based — NAICS 443142 Electronics Stores,scope3-spend,3,1,naics-443142,0.111,kg CO2e / USD2022,,,,US-national,US-Federal,"{GHG-Protocol,SB-253}",AR5,1,0.0,EPA Supply Chain GHG Emission Factors v1.3.0,https://www.epa.gov/climateleadership/supply-chain-ghg-emission-factors-us-industry-and-commodities,2022,2024-01-01,2024-01-01,,,methodologies/scope-3-cat1-spend-based,2026-04-24
scope3-spend-naics444110-epa-scghg-v130,Scope 3 Cat 1 Spend-Based — NAICS 444110 Home Centers,scope3-spend,3,1,naics-444110,0.087,kg CO2e / USD2022,,,,US-national,US-Federal,"{GHG-Protocol,SB-253}",AR5,1,0.0,EPA Supply Chain GHG Emission Factors v1.3.0,https://www.epa.gov/climateleadership/supply-chain-ghg-emission-factors-us-industry-and-commodities,2022,2024-01-01,2024-01-01,,,methodologies/scope-3-cat1-spend-based,2026-04-24
scope3-spend-naics444120-epa-scghg-v130,Scope 3 Cat 1 Spend-Based — NAICS 444120 Paint and Wallpaper Stores,scope3-spend,3,1,naics-444120,0.087,kg CO2e / USD2022,,,,US-national,US-Federal,"{GHG-Protocol,SB-253}",AR5,1,0.0,EPA Supply Chain GHG Emission Factors v1.3.0,https://www.epa.gov/climateleadership/supply-chain-ghg-emission-factors-us-industry-and-commodities,2022,2024-01-01,2024-01-01,,,methodologies/scope-3-cat1-spend-based,2026-04-24
scope3-spend-naics444130-epa-scghg-v130,Scope 3 Cat 1 Spend-Based — NAICS 444130 Hardware Stores,scope3-spend,3,1,naics-444130,0.087,kg CO2e / USD2022,,,,US-national,US-Federal,"{GHG-Protocol,SB-253}",AR5,1,0.0,EPA Supply Chain GHG Emission Factors v1.3.0,https://www.epa.gov/climateleadership/supply-chain-ghg-emission-factors-us-industry-and-commodities,2022,2024-01-01,2024-01-01,,,methodologies/scope-3-cat1-spend-based,2026-04-24
scope3-spend-naics444190-epa-scghg-v130,Scope 3 Cat 1 Spend-Based — NAICS 444190 Other Building Material Dealers,scope3-spend,3,1,naics-444190,0.087,kg CO2e / USD2022,,,,US-national,US-Federal,"{GHG-Protocol,SB-253}",AR5,1,0.0,EPA Supply Chain GHG Emission Factors v1.3.0,https://www.epa.gov/climateleadership/supply-chain-ghg-emission-factors-us-industry-and-commodities,2022,2024-01-01,2024-01-01,,,methodologies/scope-3-cat1-spend-based,2026-04-24
scope3-spend-naics444210-epa-scghg-v130,Scope 3 Cat 1 Spend-Based — NAICS 444210 Outdoor Power Equipment Stores,scope3-spend,3,1,naics-444210,0.087,kg CO2e / USD2022,,,,US-national,US-Federal,"{GHG-Protocol,SB-253}",AR5,1,0.0,EPA Supply Chain GHG Emission Factors v1.3.0,https://www.epa.gov/climateleadership/supply-chain-ghg-emission-factors-us-industry-and-commodities,2022,2024-01-01,2024-01-01,,,methodologies/scope-3-cat1-spend-based,2026-04-24
scope3-spend-naics444220-epa-scghg-v130,"Scope 3 Cat 1 Spend-Based — NAICS 444220 Nursery, Garden Center, and Farm Supply Stores",scope3-spend,3,1,naics-444220,0.087,kg CO2e / USD2022,,,,US-national,US-Federal,"{GHG-Protocol,SB-253}",AR5,1,0.0,EPA Supply Chain GHG Emission Factors v1.3.0,https://www.epa.gov/climateleadership/supply-chain-ghg-emission-factors-us-industry-and-commodities,2022,2024-01-01,2024-01-01,,,methodologies/scope-3-cat1-spend-based,2026-04-24
scope3-spend-naics445110-epa-scghg-v130,Scope 3 Cat 1 Spend-Based — NAICS 445110 Supermarkets and Other Grocery (except Convenience) Stores,scope3-spend,3,1,naics-445110,0.186,kg CO2e / USD2022,,,,US-national,US-Federal,"{GHG-Protocol,SB-253}",AR5,1,0.0,EPA Supply Chain GHG Emission Factors v1.3.0,https://www.epa.gov/climateleadership/supply-chain-ghg-emission-factors-us-industry-and-commodities,2022,2024-01-01,2024-01-01,,,methodologies/scope-3-cat1-spend-based,2026-04-24
scope3-spend-naics445120-epa-scghg-v130,Scope 3 Cat 1 Spend-Based — NAICS 445120 Convenience Stores,scope3-spend,3,1,naics-445120,0.186,kg CO2e / USD2022,,,,US-national,US-Federal,"{GHG-Protocol,SB-253}",AR5,1,0.0,EPA Supply Chain GHG Emission Factors v1.3.0,https://www.epa.gov/climateleadership/supply-chain-ghg-emission-factors-us-industry-and-commodities,2022,2024-01-01,2024-01-01,,,methodologies/scope-3-cat1-spend-based,2026-04-24
scope3-spend-naics445210-epa-scghg-v130,Scope 3 Cat 1 Spend-Based — NAICS 445210 Meat Markets,scope3-spend,3,1,naics-445210,0.186,kg CO2e / USD2022,,,,US-national,US-Federal,"{GHG-Protocol,SB-253}",AR5,1,0.0,EPA Supply Chain GHG Emission Factors v1.3.0,https://www.epa.gov/climateleadership/supply-chain-ghg-emission-factors-us-industry-and-commodities,2022,2024-01-01,2024-01-01,,,methodologies/scope-3-cat1-spend-based,2026-04-24
scope3-spend-naics445220-epa-scghg-v130,Scope 3 Cat 1 Spend-Based — NAICS 445220 Fish and Seafood Markets,scope3-spend,3,1,naics-445220,0.186,kg CO2e / USD2022,,,,US-national,US-Federal,"{GHG-Protocol,SB-253}",AR5,1,0.0,EPA Supply Chain GHG Emission Factors v1.3.0,https://www.epa.gov/climateleadership/supply-chain-ghg-emission-factors-us-industry-and-commodities,2022,2024-01-01,2024-01-01,,,methodologies/scope-3-cat1-spend-based,2026-04-24
scope3-spend-naics445230-epa-scghg-v130,Scope 3 Cat 1 Spend-Based — NAICS 445230 Fruit and Vegetable Markets,scope3-spend,3,1,naics-445230,0.186,kg CO2e / USD2022,,,,US-national,US-Federal,"{GHG-Protocol,SB-253}",AR5,1,0.0,EPA Supply Chain GHG Emission Factors v1.3.0,https://www.epa.gov/climateleadership/supply-chain-ghg-emission-factors-us-industry-and-commodities,2022,2024-01-01,2024-01-01,,,methodologies/scope-3-cat1-spend-based,2026-04-24
scope3-spend-naics445291-epa-scghg-v130,Scope 3 Cat 1 Spend-Based — NAICS 445291 Baked Goods Stores,scope3-spend,3,1,naics-445291,0.186,kg CO2e / USD2022,,,,US-national,US-Federal,"{GHG-Protocol,SB-253}",AR5,1,0.0,EPA Supply Chain GHG Emission Factors v1.3.0,https://www.epa.gov/climateleadership/supply-chain-ghg-emission-factors-us-industry-and-commodities,2022,2024-01-01,2024-01-01,,,methodologies/scope-3-cat1-spend-based,2026-04-24
scope3-spend-naics445292-epa-scghg-v130,Scope 3 Cat 1 Spend-Based — NAICS 445292 Confectionery and Nut Stores,scope3-spend,3,1,naics-445292,0.186,kg CO2e / USD2022,,,,US-national,US-Federal,"{GHG-Protocol,SB-253}",AR5,1,0.0,EPA Supply Chain GHG Emission Factors v1.3.0,https://www.epa.gov/climateleadership/supply-chain-ghg-emission-factors-us-industry-and-commodities,2022,2024-01-01,2024-01-01,,,methodologies/scope-3-cat1-spend-based,2026-04-24
scope3-spend-naics445299-epa-scghg-v130,Scope 3 Cat 1 Spend-Based — NAICS 445299 All Other Specialty Food Stores,scope3-spend,3,1,naics-445299,0.186,kg CO2e / USD2022,,,,US-national,US-Federal,"{GHG-Protocol,SB-253}",AR5,1,0.0,EPA Supply Chain GHG Emission Factors v1.3.0,https://www.epa.gov/climateleadership/supply-chain-ghg-emission-factors-us-industry-and-commodities,2022,2024-01-01,2024-01-01,,,methodologies/scope-3-cat1-spend-based,2026-04-24
scope3-spend-naics445310-epa-scghg-v130,"Scope 3 Cat 1 Spend-Based — NAICS 445310 Beer, Wine, and Liquor Stores",scope3-spend,3,1,naics-445310,0.186,kg CO2e / USD2022,,,,US-national,US-Federal,"{GHG-Protocol,SB-253}",AR5,1,0.0,EPA Supply Chain GHG Emission Factors v1.3.0,https://www.epa.gov/climateleadership/supply-chain-ghg-emission-factors-us-industry-and-commodities,2022,2024-01-01,2024-01-01,,,methodologies/scope-3-cat1-spend-based,2026-04-24
scope3-spend-naics446110-epa-scghg-v130,Scope 3 Cat 1 Spend-Based — NAICS 446110 Pharmacies and Drug Stores,scope3-spend,3,1,naics-446110,0.13,kg CO2e / USD2022,,,,US-national,US-Federal,"{GHG-Protocol,SB-253}",AR5,1,0.0,EPA Supply Chain GHG Emission Factors v1.3.0,https://www.epa.gov/climateleadership/supply-chain-ghg-emission-factors-us-industry-and-commodities,2022,2024-01-01,2024-01-01,,,methodologies/scope-3-cat1-spend-based,2026-04-24
scope3-spend-naics446120-epa-scghg-v130,"Scope 3 Cat 1 Spend-Based — NAICS 446120 Cosmetics, Beauty Supplies, and Perfume Stores",scope3-spend,3,1,naics-446120,0.13,kg CO2e / USD2022,,,,US-national,US-Federal,"{GHG-Protocol,SB-253}",AR5,1,0.0,EPA Supply Chain GHG Emission Factors v1.3.0,https://www.epa.gov/climateleadership/supply-chain-ghg-emission-factors-us-industry-and-commodities,2022,2024-01-01,2024-01-01,,,methodologies/scope-3-cat1-spend-based,2026-04-24
scope3-spend-naics446130-epa-scghg-v130,Scope 3 Cat 1 Spend-Based — NAICS 446130 Optical Goods Stores,scope3-spend,3,1,naics-446130,0.13,kg CO2e / USD2022,,,,US-national,US-Federal,"{GHG-Protocol,SB-253}",AR5,1,0.0,EPA Supply Chain GHG Emission Factors v1.3.0,https://www.epa.gov/climateleadership/supply-chain-ghg-emission-factors-us-industry-and-commodities,2022,2024-01-01,2024-01-01,,,methodologies/scope-3-cat1-spend-based,2026-04-24
scope3-spend-naics446191-epa-scghg-v130,Scope 3 Cat 1 Spend-Based — NAICS 446191 Food (Health) Supplement Stores,scope3-spend,3,1,naics-446191,0.13,kg CO2e / USD2022,,,,US-national,US-Federal,"{GHG-Protocol,SB-253}",AR5,1,0.0,EPA Supply Chain GHG Emission Factors v1.3.0,https://www.epa.gov/climateleadership/supply-chain-ghg-emission-factors-us-industry-and-commodities,2022,2024-01-01,2024-01-01,,,methodologies/scope-3-cat1-spend-based,2026-04-24
scope3-spend-naics446199-epa-scghg-v130,Scope 3 Cat 1 Spend-Based — NAICS 446199 All Other Health and Personal Care Stores,scope3-spend,3,1,naics-446199,0.13,kg CO2e / USD2022,,,,US-national,US-Federal,"{GHG-Protocol,SB-253}",AR5,1,0.0,EPA Supply Chain GHG Emission Factors v1.3.0,https://www.epa.gov/climateleadership/supply-chain-ghg-emission-factors-us-industry-and-commodities,2022,2024-01-01,2024-01-01,,,methodologies/scope-3-cat1-spend-based,2026-04-24
scope3-spend-naics447110-epa-scghg-v130,Scope 3 Cat 1 Spend-Based — NAICS 447110 Gasoline Stations with Convenience Stores,scope3-spend,3,1,naics-447110,0.183,kg CO2e / USD2022,,,,US-national,US-Federal,"{GHG-Protocol,SB-253}",AR5,1,0.0,EPA Supply Chain GHG Emission Factors v1.3.0,https://www.epa.gov/climateleadership/supply-chain-ghg-emission-factors-us-industry-and-commodities,2022,2024-01-01,2024-01-01,,,methodologies/scope-3-cat1-spend-based,2026-04-24
scope3-spend-naics447190-epa-scghg-v130,Scope 3 Cat 1 Spend-Based — NAICS 447190 Other Gasoline Stations,scope3-spend,3,1,naics-447190,0.183,kg CO2e / USD2022,,,,US-national,US-Federal,"{GHG-Protocol,SB-253}",AR5,1,0.0,EPA Supply Chain GHG Emission Factors v1.3.0,https://www.epa.gov/climateleadership/supply-chain-ghg-emission-factors-us-industry-and-commodities,2022,2024-01-01,2024-01-01,,,methodologies/scope-3-cat1-spend-based,2026-04-24
scope3-spend-naics448110-epa-scghg-v130,Scope 3 Cat 1 Spend-Based — NAICS 448110 Men's Clothing Stores,scope3-spend,3,1,naics-448110,0.138,kg CO2e / USD2022,,,,US-national,US-Federal,"{GHG-Protocol,SB-253}",AR5,1,0.0,EPA Supply Chain GHG Emission Factors v1.3.0,https://www.epa.gov/climateleadership/supply-chain-ghg-emission-factors-us-industry-and-commodities,2022,2024-01-01,2024-01-01,,,methodologies/scope-3-cat1-spend-based,2026-04-24
scope3-spend-naics448120-epa-scghg-v130,Scope 3 Cat 1 Spend-Based — NAICS 448120 Women's Clothing Stores,scope3-spend,3,1,naics-448120,0.138,kg CO2e / USD2022,,,,US-national,US-Federal,"{GHG-Protocol,SB-253}",AR5,1,0.0,EPA Supply Chain GHG Emission Factors v1.3.0,https://www.epa.gov/climateleadership/supply-chain-ghg-emission-factors-us-industry-and-commodities,2022,2024-01-01,2024-01-01,,,methodologies/scope-3-cat1-spend-based,2026-04-24
scope3-spend-naics448130-epa-scghg-v130,Scope 3 Cat 1 Spend-Based — NAICS 448130 Children's and Infants' Clothing Stores,scope3-spend,3,1,naics-448130,0.138,kg CO2e / USD2022,,,,US-national,US-Federal,"{GHG-Protocol,SB-253}",AR5,1,0.0,EPA Supply Chain GHG Emission Factors v1.3.0,https://www.epa.gov/climateleadership/supply-chain-ghg-emission-factors-us-industry-and-commodities,2022,2024-01-01,2024-01-01,,,methodologies/scope-3-cat1-spend-based,2026-04-24
scope3-spend-naics448140-epa-scghg-v130,Scope 3 Cat 1 Spend-Based — NAICS 448140 Family Clothing Stores,scope3-spend,3,1,naics-448140,0.138,kg CO2e / USD2022,,,,US-national,US-Federal,"{GHG-Protocol,SB-253}",AR5,1,0.0,EPA Supply Chain GHG Emission Factors v1.3.0,https://www.epa.gov/climateleadership/supply-chain-ghg-emission-factors-us-industry-and-commodities,2022,2024-01-01,2024-01-01,,,methodologies/scope-3-cat1-spend-based,2026-04-24
scope3-spend-naics448150-epa-scghg-v130,Scope 3 Cat 1 Spend-Based — NAICS 448150 Clothing Accessories Stores,scope3-spend,3,1,naics-448150,0.138,kg CO2e / USD2022,,,,US-national,US-Federal,"{GHG-Protocol,SB-253}",AR5,1,0.0,EPA Supply Chain GHG Emission Factors v1.3.0,https://www.epa.gov/climateleadership/supply-chain-ghg-emission-factors-us-industry-and-commodities,2022,2024-01-01,2024-01-01,,,methodologies/scope-3-cat1-spend-based,2026-04-24
scope3-spend-naics448190-epa-scghg-v130,Scope 3 Cat 1 Spend-Based — NAICS 448190 Other Clothing Stores,scope3-spend,3,1,naics-448190,0.138,kg CO2e / USD2022,,,,US-national,US-Federal,"{GHG-Protocol,SB-253}",AR5,1,0.0,EPA Supply Chain GHG Emission Factors v1.3.0,https://www.epa.gov/climateleadership/supply-chain-ghg-emission-factors-us-industry-and-commodities,2022,2024-01-01,2024-01-01,,,methodologies/scope-3-cat1-spend-based,2026-04-24
scope3-spend-naics448210-epa-scghg-v130,Scope 3 Cat 1 Spend-Based — NAICS 448210 Shoe Stores,scope3-spend,3,1,naics-448210,0.138,kg CO2e / USD2022,,,,US-national,US-Federal,"{GHG-Protocol,SB-253}",AR5,1,0.0,EPA Supply Chain GHG Emission Factors v1.3.0,https://www.epa.gov/climateleadership/supply-chain-ghg-emission-factors-us-industry-and-commodities,2022,2024-01-01,2024-01-01,,,methodologies/scope-3-cat1-spend-based,2026-04-24
scope3-spend-naics448310-epa-scghg-v130,Scope 3 Cat 1 Spend-Based — NAICS 448310 Jewelry Stores,scope3-spend,3,1,naics-448310,0.138,kg CO2e / USD2022,,,,US-national,US-Federal,"{GHG-Protocol,SB-253}",AR5,1,0.0,EPA Supply Chain GHG Emission Factors v1.3.0,https://www.epa.gov/climateleadership/supply-chain-ghg-emission-factors-us-industry-and-commodities,2022,2024-01-01,2024-01-01,,,methodologies/scope-3-cat1-spend-based,2026-04-24
scope3-spend-naics448320-epa-scghg-v130,Scope 3 Cat 1 Spend-Based — NAICS 448320 Luggage and Leather Goods Stores,scope3-spend,3,1,naics-448320,0.138,kg CO2e / USD2022,,,,US-national,US-Federal,"{GHG-Protocol,SB-253}",AR5,1,0.0,EPA Supply Chain GHG Emission Factors v1.3.0,https://www.epa.gov/climateleadership/supply-chain-ghg-emission-factors-us-industry-and-commodities,2022,2024-01-01,2024-01-01,,,methodologies/scope-3-cat1-spend-based,2026-04-24
scope3-spend-naics451110-epa-scghg-v130,Scope 3 Cat 1 Spend-Based — NAICS 451110 Sporting Goods Stores,scope3-spend,3,1,naics-451110,0.111,kg CO2e / USD2022,,,,US-national,US-Federal,"{GHG-Protocol,SB-253}",AR5,1,0.0,EPA Supply Chain GHG Emission Factors v1.3.0,https://www.epa.gov/climateleadership/supply-chain-ghg-emission-factors-us-industry-and-commodities,2022,2024-01-01,2024-01-01,,,methodologies/scope-3-cat1-spend-based,2026-04-24
scope3-spend-naics451120-epa-scghg-v130,"Scope 3 Cat 1 Spend-Based — NAICS 451120 Hobby, Toy, and Game Stores",scope3-spend,3,1,naics-451120,0.111,kg CO2e / USD2022,,,,US-national,US-Federal,"{GHG-Protocol,SB-253}",AR5,1,0.0,EPA Supply Chain GHG Emission Factors v1.3.0,https://www.epa.gov/climateleadership/supply-chain-ghg-emission-factors-us-industry-and-commodities,2022,2024-01-01,2024-01-01,,,methodologies/scope-3-cat1-spend-based,2026-04-24
scope3-spend-naics451130-epa-scghg-v130,"Scope 3 Cat 1 Spend-Based — NAICS 451130 Sewing, Needlework, and Piece Goods Stores",scope3-spend,3,1,naics-451130,0.111,kg CO2e / USD2022,,,,US-national,US-Federal,"{GHG-Protocol,SB-253}",AR5,1,0.0,EPA Supply Chain GHG Emission Factors v1.3.0,https://www.epa.gov/climateleadership/supply-chain-ghg-emission-factors-us-industry-and-commodities,2022,2024-01-01,2024-01-01,,,methodologies/scope-3-cat1-spend-based,2026-04-24
scope3-spend-naics451140-epa-scghg-v130,Scope 3 Cat 1 Spend-Based — NAICS 451140 Musical Instrument and Supplies Stores,scope3-spend,3,1,naics-451140,0.111,kg CO2e / USD2022,,,,US-national,US-Federal,"{GHG-Protocol,SB-253}",AR5,1,0.0,EPA Supply Chain GHG Emission Factors v1.3.0,https://www.epa.gov/climateleadership/supply-chain-ghg-emission-factors-us-industry-and-commodities,2022,2024-01-01,2024-01-01,,,methodologies/scope-3-cat1-spend-based,2026-04-24
scope3-spend-naics451211-epa-scghg-v130,Scope 3 Cat 1 Spend-Based — NAICS 451211 Book Stores,scope3-spend,3,1,naics-451211,0.111,kg CO2e / USD2022,,,,US-national,US-Federal,"{GHG-Protocol,SB-253}",AR5,1,0.0,EPA Supply Chain GHG Emission Factors v1.3.0,https://www.epa.gov/climateleadership/supply-chain-ghg-emission-factors-us-industry-and-commodities,2022,2024-01-01,2024-01-01,,,methodologies/scope-3-cat1-spend-based,2026-04-24
scope3-spend-naics451212-epa-scghg-v130,Scope 3 Cat 1 Spend-Based — NAICS 451212 News Dealers and Newsstands,scope3-spend,3,1,naics-451212,0.111,kg CO2e / USD2022,,,,US-national,US-Federal,"{GHG-Protocol,SB-253}",AR5,1,0.0,EPA Supply Chain GHG Emission Factors v1.3.0,https://www.epa.gov/climateleadership/supply-chain-ghg-emission-factors-us-industry-and-commodities,2022,2024-01-01,2024-01-01,,,methodologies/scope-3-cat1-spend-based,2026-04-24
scope3-spend-naics452210-epa-scghg-v130,Scope 3 Cat 1 Spend-Based — NAICS 452210 Department Stores,scope3-spend,3,1,naics-452210,0.164,kg CO2e / USD2022,,,,US-national,US-Federal,"{GHG-Protocol,SB-253}",AR5,1,0.0,EPA Supply Chain GHG Emission Factors v1.3.0,https://www.epa.gov/climateleadership/supply-chain-ghg-emission-factors-us-industry-and-commodities,2022,2024-01-01,2024-01-01,,,methodologies/scope-3-cat1-spend-based,2026-04-24
scope3-spend-naics452311-epa-scghg-v130,Scope 3 Cat 1 Spend-Based — NAICS 452311 Warehouse Clubs and Supercenters,scope3-spend,3,1,naics-452311,0.164,kg CO2e / USD2022,,,,US-national,US-Federal,"{GHG-Protocol,SB-253}",AR5,1,0.0,EPA Supply Chain GHG Emission Factors v1.3.0,https://www.epa.gov/climateleadership/supply-chain-ghg-emission-factors-us-industry-and-commodities,2022,2024-01-01,2024-01-01,,,methodologies/scope-3-cat1-spend-based,2026-04-24
scope3-spend-naics452319-epa-scghg-v130,Scope 3 Cat 1 Spend-Based — NAICS 452319 All Other General Merchandise Stores,scope3-spend,3,1,naics-452319,0.164,kg CO2e / USD2022,,,,US-national,US-Federal,"{GHG-Protocol,SB-253}",AR5,1,0.0,EPA Supply Chain GHG Emission Factors v1.3.0,https://www.epa.gov/climateleadership/supply-chain-ghg-emission-factors-us-industry-and-commodities,2022,2024-01-01,2024-01-01,,,methodologies/scope-3-cat1-spend-based,2026-04-24
scope3-spend-naics453110-epa-scghg-v130,Scope 3 Cat 1 Spend-Based — NAICS 453110 Florists,scope3-spend,3,1,naics-453110,0.111,kg CO2e / USD2022,,,,US-national,US-Federal,"{GHG-Protocol,SB-253}",AR5,1,0.0,EPA Supply Chain GHG Emission Factors v1.3.0,https://www.epa.gov/climateleadership/supply-chain-ghg-emission-factors-us-industry-and-commodities,2022,2024-01-01,2024-01-01,,,methodologies/scope-3-cat1-spend-based,2026-04-24
scope3-spend-naics453210-epa-scghg-v130,Scope 3 Cat 1 Spend-Based — NAICS 453210 Office Supplies and Stationery Stores,scope3-spend,3,1,naics-453210,0.111,kg CO2e / USD2022,,,,US-national,US-Federal,"{GHG-Protocol,SB-253}",AR5,1,0.0,EPA Supply Chain GHG Emission Factors v1.3.0,https://www.epa.gov/climateleadership/supply-chain-ghg-emission-factors-us-industry-and-commodities,2022,2024-01-01,2024-01-01,,,methodologies/scope-3-cat1-spend-based,2026-04-24
scope3-spend-naics453220-epa-scghg-v130,"Scope 3 Cat 1 Spend-Based — NAICS 453220 Gift, Novelty, and Souvenir Stores",scope3-spend,3,1,naics-453220,0.111,kg CO2e / USD2022,,,,US-national,US-Federal,"{GHG-Protocol,SB-253}",AR5,1,0.0,EPA Supply Chain GHG Emission Factors v1.3.0,https://www.epa.gov/climateleadership/supply-chain-ghg-emission-factors-us-industry-and-commodities,2022,2024-01-01,2024-01-01,,,methodologies/scope-3-cat1-spend-based,2026-04-24
scope3-spend-naics453310-epa-scghg-v130,Scope 3 Cat 1 Spend-Based — NAICS 453310 Used Merchandise Stores,scope3-spend,3,1,naics-453310,0.111,kg CO2e / USD2022,,,,US-national,US-Federal,"{GHG-Protocol,SB-253}",AR5,1,0.0,EPA Supply Chain GHG Emission Factors v1.3.0,https://www.epa.gov/climateleadership/supply-chain-ghg-emission-factors-us-industry-and-commodities,2022,2024-01-01,2024-01-01,,,methodologies/scope-3-cat1-spend-based,2026-04-24
scope3-spend-naics453910-epa-scghg-v130,Scope 3 Cat 1 Spend-Based — NAICS 453910 Pet and Pet Supplies Stores,scope3-spend,3,1,naics-453910,0.111,kg CO2e / USD2022,,,,US-national,US-Federal,"{GHG-Protocol,SB-253}",AR5,1,0.0,EPA Supply Chain GHG Emission Factors v1.3.0,https://www.epa.gov/climateleadership/supply-chain-ghg-emission-factors-us-industry-and-commodities,2022,2024-01-01,2024-01-01,,,methodologies/scope-3-cat1-spend-based,2026-04-24
scope3-spend-naics453920-epa-scghg-v130,Scope 3 Cat 1 Spend-Based — NAICS 453920 Art Dealers,scope3-spend,3,1,naics-453920,0.111,kg CO2e / USD2022,,,,US-national,US-Federal,"{GHG-Protocol,SB-253}",AR5,1,0.0,EPA Supply Chain GHG Emission Factors v1.3.0,https://www.epa.gov/climateleadership/supply-chain-ghg-emission-factors-us-industry-and-commodities,2022,2024-01-01,2024-01-01,,,methodologies/scope-3-cat1-spend-based,2026-04-24
scope3-spend-naics453930-epa-scghg-v130,Scope 3 Cat 1 Spend-Based — NAICS 453930 Manufactured (Mobile) Home Dealers,scope3-spend,3,1,naics-453930,0.111,kg CO2e / USD2022,,,,US-national,US-Federal,"{GHG-Protocol,SB-253}",AR5,1,0.0,EPA Supply Chain GHG Emission Factors v1.3.0,https://www.epa.gov/climateleadership/supply-chain-ghg-emission-factors-us-industry-and-commodities,2022,2024-01-01,2024-01-01,,,methodologies/scope-3-cat1-spend-based,2026-04-24
scope3-spend-naics453991-epa-scghg-v130,Scope 3 Cat 1 Spend-Based — NAICS 453991 Tobacco Stores,scope3-spend,3,1,naics-453991,0.111,kg CO2e / USD2022,,,,US-national,US-Federal,"{GHG-Protocol,SB-253}",AR5,1,0.0,EPA Supply Chain GHG Emission Factors v1.3.0,https://www.epa.gov/climateleadership/supply-chain-ghg-emission-factors-us-industry-and-commodities,2022,2024-01-01,2024-01-01,,,methodologies/scope-3-cat1-spend-based,2026-04-24
scope3-spend-naics453998-epa-scghg-v130,Scope 3 Cat 1 Spend-Based — NAICS 453998 All Other Miscellaneous Store Retailers (except Tobacco Stores),scope3-spend,3,1,naics-453998,0.111,kg CO2e / USD2022,,,,US-national,US-Federal,"{GHG-Protocol,SB-253}",AR5,1,0.0,EPA Supply Chain GHG Emission Factors v1.3.0,https://www.epa.gov/climateleadership/supply-chain-ghg-emission-factors-us-industry-and-commodities,2022,2024-01-01,2024-01-01,,,methodologies/scope-3-cat1-spend-based,2026-04-24
scope3-spend-naics454110-epa-scghg-v130,Scope 3 Cat 1 Spend-Based — NAICS 454110 Electronic Shopping and Mail-Order Houses,scope3-spend,3,1,naics-454110,0.094,kg CO2e / USD2022,,,,US-national,US-Federal,"{GHG-Protocol,SB-253}",AR5,1,0.0,EPA Supply Chain GHG Emission Factors v1.3.0,https://www.epa.gov/climateleadership/supply-chain-ghg-emission-factors-us-industry-and-commodities,2022,2024-01-01,2024-01-01,,,methodologies/scope-3-cat1-spend-based,2026-04-24
scope3-spend-naics454210-epa-scghg-v130,Scope 3 Cat 1 Spend-Based — NAICS 454210 Vending Machine Operators,scope3-spend,3,1,naics-454210,0.094,kg CO2e / USD2022,,,,US-national,US-Federal,"{GHG-Protocol,SB-253}",AR5,1,0.0,EPA Supply Chain GHG Emission Factors v1.3.0,https://www.epa.gov/climateleadership/supply-chain-ghg-emission-factors-us-industry-and-commodities,2022,2024-01-01,2024-01-01,,,methodologies/scope-3-cat1-spend-based,2026-04-24
scope3-spend-naics454310-epa-scghg-v130,Scope 3 Cat 1 Spend-Based — NAICS 454310 Fuel Dealers,scope3-spend,3,1,naics-454310,0.094,kg CO2e / USD2022,,,,US-national,US-Federal,"{GHG-Protocol,SB-253}",AR5,1,0.0,EPA Supply Chain GHG Emission Factors v1.3.0,https://www.epa.gov/climateleadership/supply-chain-ghg-emission-factors-us-industry-and-commodities,2022,2024-01-01,2024-01-01,,,methodologies/scope-3-cat1-spend-based,2026-04-24
scope3-spend-naics454390-epa-scghg-v130,Scope 3 Cat 1 Spend-Based — NAICS 454390 Other Direct Selling Establishments,scope3-spend,3,1,naics-454390,0.094,kg CO2e / USD2022,,,,US-national,US-Federal,"{GHG-Protocol,SB-253}",AR5,1,0.0,EPA Supply Chain GHG Emission Factors v1.3.0,https://www.epa.gov/climateleadership/supply-chain-ghg-emission-factors-us-industry-and-commodities,2022,2024-01-01,2024-01-01,,,methodologies/scope-3-cat1-spend-based,2026-04-24
scope3-spend-naics481111-epa-scghg-v130,Scope 3 Cat 1 Spend-Based — NAICS 481111 Scheduled Passenger Air Transportation,scope3-spend,3,1,naics-481111,0.644,kg CO2e / USD2022,,,,US-national,US-Federal,"{GHG-Protocol,SB-253}",AR5,1,0.0,EPA Supply Chain GHG Emission Factors v1.3.0,https://www.epa.gov/climateleadership/supply-chain-ghg-emission-factors-us-industry-and-commodities,2022,2024-01-01,2024-01-01,,,methodologies/scope-3-cat1-spend-based,2026-04-24
scope3-spend-naics481112-epa-scghg-v130,Scope 3 Cat 1 Spend-Based — NAICS 481112 Scheduled Freight Air Transportation,scope3-spend,3,1,naics-481112,0.644,kg CO2e / USD2022,,,,US-national,US-Federal,"{GHG-Protocol,SB-253}",AR5,1,0.0,EPA Supply Chain GHG Emission Factors v1.3.0,https://www.epa.gov/climateleadership/supply-chain-ghg-emission-factors-us-industry-and-commodities,2022,2024-01-01,2024-01-01,,,methodologies/scope-3-cat1-spend-based,2026-04-24
scope3-spend-naics481211-epa-scghg-v130,Scope 3 Cat 1 Spend-Based — NAICS 481211 Nonscheduled Chartered Passenger Air Transportation,scope3-spend,3,1,naics-481211,0.644,kg CO2e / USD2022,,,,US-national,US-Federal,"{GHG-Protocol,SB-253}",AR5,1,0.0,EPA Supply Chain GHG Emission Factors v1.3.0,https://www.epa.gov/climateleadership/supply-chain-ghg-emission-factors-us-industry-and-commodities,2022,2024-01-01,2024-01-01,,,methodologies/scope-3-cat1-spend-based,2026-04-24
scope3-spend-naics481212-epa-scghg-v130,Scope 3 Cat 1 Spend-Based — NAICS 481212 Nonscheduled Chartered Freight Air Transportation,scope3-spend,3,1,naics-481212,0.644,kg CO2e / USD2022,,,,US-national,US-Federal,"{GHG-Protocol,SB-253}",AR5,1,0.0,EPA Supply Chain GHG Emission Factors v1.3.0,https://www.epa.gov/climateleadership/supply-chain-ghg-emission-factors-us-industry-and-commodities,2022,2024-01-01,2024-01-01,,,methodologies/scope-3-cat1-spend-based,2026-04-24
scope3-spend-naics481219-epa-scghg-v130,Scope 3 Cat 1 Spend-Based — NAICS 481219 Other Nonscheduled Air Transportation,scope3-spend,3,1,naics-481219,0.644,kg CO2e / USD2022,,,,US-national,US-Federal,"{GHG-Protocol,SB-253}",AR5,1,0.0,EPA Supply Chain GHG Emission Factors v1.3.0,https://www.epa.gov/climateleadership/supply-chain-ghg-emission-factors-us-industry-and-commodities,2022,2024-01-01,2024-01-01,,,methodologies/scope-3-cat1-spend-based,2026-04-24
scope3-spend-naics482111-epa-scghg-v130,Scope 3 Cat 1 Spend-Based — NAICS 482111 Line-Haul Railroads,scope3-spend,3,1,naics-482111,0.466,kg CO2e / USD2022,,,,US-national,US-Federal,"{GHG-Protocol,SB-253}",AR5,1,0.0,EPA Supply Chain GHG Emission Factors v1.3.0,https://www.epa.gov/climateleadership/supply-chain-ghg-emission-factors-us-industry-and-commodities,2022,2024-01-01,2024-01-01,,,methodologies/scope-3-cat1-spend-based,2026-04-24
scope3-spend-naics482112-epa-scghg-v130,Scope 3 Cat 1 Spend-Based — NAICS 482112 Short Line Railroads,scope3-spend,3,1,naics-482112,0.466,kg CO2e / USD2022,,,,US-national,US-Federal,"{GHG-Protocol,SB-253}",AR5,1,0.0,EPA Supply Chain GHG Emission Factors v1.3.0,https://www.epa.gov/climateleadership/supply-chain-ghg-emission-factors-us-industry-and-commodities,2022,2024-01-01,2024-01-01,,,methodologies/scope-3-cat1-spend-based,2026-04-24
scope3-spend-naics483111-epa-scghg-v130,Scope 3 Cat 1 Spend-Based — NAICS 483111 Deep Sea Freight Transportation,scope3-spend,3,1,naics-483111,0.816,kg CO2e / USD2022,,,,US-national,US-Federal,"{GHG-Protocol,SB-253}",AR5,1,0.0,EPA Supply Chain GHG Emission Factors v1.3.0,https://www.epa.gov/climateleadership/supply-chain-ghg-emission-factors-us-industry-and-commodities,2022,2024-01-01,2024-01-01,,,methodologies/scope-3-cat1-spend-based,2026-04-24
scope3-spend-naics483112-epa-scghg-v130,Scope 3 Cat 1 Spend-Based — NAICS 483112 Deep Sea Passenger Transportation,scope3-spend,3,1,naics-483112,0.816,kg CO2e / USD2022,,,,US-national,US-Federal,"{GHG-Protocol,SB-253}",AR5,1,0.0,EPA Supply Chain GHG Emission Factors v1.3.0,https://www.epa.gov/climateleadership/supply-chain-ghg-emission-factors-us-industry-and-commodities,2022,2024-01-01,2024-01-01,,,methodologies/scope-3-cat1-spend-based,2026-04-24
scope3-spend-naics483113-epa-scghg-v130,Scope 3 Cat 1 Spend-Based — NAICS 483113 Coastal and Great Lakes Freight Transportation,scope3-spend,3,1,naics-483113,0.816,kg CO2e / USD2022,,,,US-national,US-Federal,"{GHG-Protocol,SB-253}",AR5,1,0.0,EPA Supply Chain GHG Emission Factors v1.3.0,https://www.epa.gov/climateleadership/supply-chain-ghg-emission-factors-us-industry-and-commodities,2022,2024-01-01,2024-01-01,,,methodologies/scope-3-cat1-spend-based,2026-04-24
scope3-spend-naics483114-epa-scghg-v130,Scope 3 Cat 1 Spend-Based — NAICS 483114 Coastal and Great Lakes Passenger Transportation,scope3-spend,3,1,naics-483114,0.816,kg CO2e / USD2022,,,,US-national,US-Federal,"{GHG-Protocol,SB-253}",AR5,1,0.0,EPA Supply Chain GHG Emission Factors v1.3.0,https://www.epa.gov/climateleadership/supply-chain-ghg-emission-factors-us-industry-and-commodities,2022,2024-01-01,2024-01-01,,,methodologies/scope-3-cat1-spend-based,2026-04-24
scope3-spend-naics483211-epa-scghg-v130,Scope 3 Cat 1 Spend-Based — NAICS 483211 Inland Water Freight Transportation,scope3-spend,3,1,naics-483211,0.816,kg CO2e / USD2022,,,,US-national,US-Federal,"{GHG-Protocol,SB-253}",AR5,1,0.0,EPA Supply Chain GHG Emission Factors v1.3.0,https://www.epa.gov/climateleadership/supply-chain-ghg-emission-factors-us-industry-and-commodities,2022,2024-01-01,2024-01-01,,,methodologies/scope-3-cat1-spend-based,2026-04-24
scope3-spend-naics483212-epa-scghg-v130,Scope 3 Cat 1 Spend-Based — NAICS 483212 Inland Water Passenger Transportation,scope3-spend,3,1,naics-483212,0.816,kg CO2e / USD2022,,,,US-national,US-Federal,"{GHG-Protocol,SB-253}",AR5,1,0.0,EPA Supply Chain GHG Emission Factors v1.3.0,https://www.epa.gov/climateleadership/supply-chain-ghg-emission-factors-us-industry-and-commodities,2022,2024-01-01,2024-01-01,,,methodologies/scope-3-cat1-spend-based,2026-04-24
scope3-spend-naics484110-epa-scghg-v130,"Scope 3 Cat 1 Spend-Based — NAICS 484110 General Freight Trucking, Local",scope3-spend,3,1,naics-484110,0.595,kg CO2e / USD2022,,,,US-national,US-Federal,"{GHG-Protocol,SB-253}",AR5,1,0.0,EPA Supply Chain GHG Emission Factors v1.3.0,https://www.epa.gov/climateleadership/supply-chain-ghg-emission-factors-us-industry-and-commodities,2022,2024-01-01,2024-01-01,,,methodologies/scope-3-cat1-spend-based,2026-04-24
scope3-spend-naics484121-epa-scghg-v130,"Scope 3 Cat 1 Spend-Based — NAICS 484121 General Freight Trucking, Long-Distance, Truckload",scope3-spend,3,1,naics-484121,0.595,kg CO2e / USD2022,,,,US-national,US-Federal,"{GHG-Protocol,SB-253}",AR5,1,0.0,EPA Supply Chain GHG Emission Factors v1.3.0,https://www.epa.gov/climateleadership/supply-chain-ghg-emission-factors-us-industry-and-commodities,2022,2024-01-01,2024-01-01,,,methodologies/scope-3-cat1-spend-based,2026-04-24
scope3-spend-naics484122-epa-scghg-v130,"Scope 3 Cat 1 Spend-Based — NAICS 484122 General Freight Trucking, Long-Distance, Less Than Truckload",scope3-spend,3,1,naics-484122,0.595,kg CO2e / USD2022,,,,US-national,US-Federal,"{GHG-Protocol,SB-253}",AR5,1,0.0,EPA Supply Chain GHG Emission Factors v1.3.0,https://www.epa.gov/climateleadership/supply-chain-ghg-emission-factors-us-industry-and-commodities,2022,2024-01-01,2024-01-01,,,methodologies/scope-3-cat1-spend-based,2026-04-24
scope3-spend-naics484210-epa-scghg-v130,Scope 3 Cat 1 Spend-Based — NAICS 484210 Used Household and Office Goods Moving,scope3-spend,3,1,naics-484210,0.595,kg CO2e / USD2022,,,,US-national,US-Federal,"{GHG-Protocol,SB-253}",AR5,1,0.0,EPA Supply Chain GHG Emission Factors v1.3.0,https://www.epa.gov/climateleadership/supply-chain-ghg-emission-factors-us-industry-and-commodities,2022,2024-01-01,2024-01-01,,,methodologies/scope-3-cat1-spend-based,2026-04-24
scope3-spend-naics484220-epa-scghg-v130,"Scope 3 Cat 1 Spend-Based — NAICS 484220 Specialized Freight (except Used Goods) Trucking, Local",scope3-spend,3,1,naics-484220,0.595,kg CO2e / USD2022,,,,US-national,US-Federal,"{GHG-Protocol,SB-253}",AR5,1,0.0,EPA Supply Chain GHG Emission Factors v1.3.0,https://www.epa.gov/climateleadership/supply-chain-ghg-emission-factors-us-industry-and-commodities,2022,2024-01-01,2024-01-01,,,methodologies/scope-3-cat1-spend-based,2026-04-24
scope3-spend-naics484230-epa-scghg-v130,"Scope 3 Cat 1 Spend-Based — NAICS 484230 Specialized Freight (except Used Goods) Trucking, Long-Distance",scope3-spend,3,1,naics-484230,0.595,kg CO2e / USD2022,,,,US-national,US-Federal,"{GHG-Protocol,SB-253}",AR5,1,0.0,EPA Supply Chain GHG Emission Factors v1.3.0,https://www.epa.gov/climateleadership/supply-chain-ghg-emission-factors-us-industry-and-commodities,2022,2024-01-01,2024-01-01,,,methodologies/scope-3-cat1-spend-based,2026-04-24
scope3-spend-naics485111-epa-scghg-v130,Scope 3 Cat 1 Spend-Based — NAICS 485111 Mixed Mode Transit Systems,scope3-spend,3,1,naics-485111,0.566,kg CO2e / USD2022,,,,US-national,US-Federal,"{GHG-Protocol,SB-253}",AR5,1,0.0,EPA Supply Chain GHG Emission Factors v1.3.0,https://www.epa.gov/climateleadership/supply-chain-ghg-emission-factors-us-industry-and-commodities,2022,2024-01-01,2024-01-01,,,methodologies/scope-3-cat1-spend-based,2026-04-24
scope3-spend-naics485112-epa-scghg-v130,Scope 3 Cat 1 Spend-Based — NAICS 485112 Commuter Rail Systems,scope3-spend,3,1,naics-485112,0.566,kg CO2e / USD2022,,,,US-national,US-Federal,"{GHG-Protocol,SB-253}",AR5,1,0.0,EPA Supply Chain GHG Emission Factors v1.3.0,https://www.epa.gov/climateleadership/supply-chain-ghg-emission-factors-us-industry-and-commodities,2022,2024-01-01,2024-01-01,,,methodologies/scope-3-cat1-spend-based,2026-04-24
scope3-spend-naics485113-epa-scghg-v130,Scope 3 Cat 1 Spend-Based — NAICS 485113 Bus and Other Motor Vehicle Transit Systems,scope3-spend,3,1,naics-485113,0.566,kg CO2e / USD2022,,,,US-national,US-Federal,"{GHG-Protocol,SB-253}",AR5,1,0.0,EPA Supply Chain GHG Emission Factors v1.3.0,https://www.epa.gov/climateleadership/supply-chain-ghg-emission-factors-us-industry-and-commodities,2022,2024-01-01,2024-01-01,,,methodologies/scope-3-cat1-spend-based,2026-04-24
scope3-spend-naics485119-epa-scghg-v130,Scope 3 Cat 1 Spend-Based — NAICS 485119 Other Urban Transit Systems,scope3-spend,3,1,naics-485119,0.566,kg CO2e / USD2022,,,,US-national,US-Federal,"{GHG-Protocol,SB-253}",AR5,1,0.0,EPA Supply Chain GHG Emission Factors v1.3.0,https://www.epa.gov/climateleadership/supply-chain-ghg-emission-factors-us-industry-and-commodities,2022,2024-01-01,2024-01-01,,,methodologies/scope-3-cat1-spend-based,2026-04-24
scope3-spend-naics485210-epa-scghg-v130,Scope 3 Cat 1 Spend-Based — NAICS 485210 Interurban and Rural Bus Transportation,scope3-spend,3,1,naics-485210,0.566,kg CO2e / USD2022,,,,US-national,US-Federal,"{GHG-Protocol,SB-253}",AR5,1,0.0,EPA Supply Chain GHG Emission Factors v1.3.0,https://www.epa.gov/climateleadership/supply-chain-ghg-emission-factors-us-industry-and-commodities,2022,2024-01-01,2024-01-01,,,methodologies/scope-3-cat1-spend-based,2026-04-24
scope3-spend-naics485310-epa-scghg-v130,Scope 3 Cat 1 Spend-Based — NAICS 485310 Taxi Service,scope3-spend,3,1,naics-485310,0.566,kg CO2e / USD2022,,,,US-national,US-Federal,"{GHG-Protocol,SB-253}",AR5,1,0.0,EPA Supply Chain GHG Emission Factors v1.3.0,https://www.epa.gov/climateleadership/supply-chain-ghg-emission-factors-us-industry-and-commodities,2022,2024-01-01,2024-01-01,,,methodologies/scope-3-cat1-spend-based,2026-04-24
scope3-spend-naics485320-epa-scghg-v130,Scope 3 Cat 1 Spend-Based — NAICS 485320 Limousine Service,scope3-spend,3,1,naics-485320,0.566,kg CO2e / USD2022,,,,US-national,US-Federal,"{GHG-Protocol,SB-253}",AR5,1,0.0,EPA Supply Chain GHG Emission Factors v1.3.0,https://www.epa.gov/climateleadership/supply-chain-ghg-emission-factors-us-industry-and-commodities,2022,2024-01-01,2024-01-01,,,methodologies/scope-3-cat1-spend-based,2026-04-24
scope3-spend-naics485410-epa-scghg-v130,Scope 3 Cat 1 Spend-Based — NAICS 485410 School and Employee Bus Transportation,scope3-spend,3,1,naics-485410,0.566,kg CO2e / USD2022,,,,US-national,US-Federal,"{GHG-Protocol,SB-253}",AR5,1,0.0,EPA Supply Chain GHG Emission Factors v1.3.0,https://www.epa.gov/climateleadership/supply-chain-ghg-emission-factors-us-industry-and-commodities,2022,2024-01-01,2024-01-01,,,methodologies/scope-3-cat1-spend-based,2026-04-24
scope3-spend-naics485510-epa-scghg-v130,Scope 3 Cat 1 Spend-Based — NAICS 485510 Charter Bus Industry,scope3-spend,3,1,naics-485510,0.566,kg CO2e / USD2022,,,,US-national,US-Federal,"{GHG-Protocol,SB-253}",AR5,1,0.0,EPA Supply Chain GHG Emission Factors v1.3.0,https://www.epa.gov/climateleadership/supply-chain-ghg-emission-factors-us-industry-and-commodities,2022,2024-01-01,2024-01-01,,,methodologies/scope-3-cat1-spend-based,2026-04-24
scope3-spend-naics485991-epa-scghg-v130,Scope 3 Cat 1 Spend-Based — NAICS 485991 Special Needs Transportation,scope3-spend,3,1,naics-485991,0.566,kg CO2e / USD2022,,,,US-national,US-Federal,"{GHG-Protocol,SB-253}",AR5,1,0.0,EPA Supply Chain GHG Emission Factors v1.3.0,https://www.epa.gov/climateleadership/supply-chain-ghg-emission-factors-us-industry-and-commodities,2022,2024-01-01,2024-01-01,,,methodologies/scope-3-cat1-spend-based,2026-04-24
scope3-spend-naics485999-epa-scghg-v130,Scope 3 Cat 1 Spend-Based — NAICS 485999 All Other Transit and Ground Passenger Transportation,scope3-spend,3,1,naics-485999,0.566,kg CO2e / USD2022,,,,US-national,US-Federal,"{GHG-Protocol,SB-253}",AR5,1,0.0,EPA Supply Chain GHG Emission Factors v1.3.0,https://www.epa.gov/climateleadership/supply-chain-ghg-emission-factors-us-industry-and-commodities,2022,2024-01-01,2024-01-01,,,methodologies/scope-3-cat1-spend-based,2026-04-24
scope3-spend-naics486110-epa-scghg-v130,Scope 3 Cat 1 Spend-Based — NAICS 486110 Pipeline Transportation of Crude Oil,scope3-spend,3,1,naics-486110,1.619,kg CO2e / USD2022,,,,US-national,US-Federal,"{GHG-Protocol,SB-253}",AR5,1,0.0,EPA Supply Chain GHG Emission Factors v1.3.0,https://www.epa.gov/climateleadership/supply-chain-ghg-emission-factors-us-industry-and-commodities,2022,2024-01-01,2024-01-01,,,methodologies/scope-3-cat1-spend-based,2026-04-24
scope3-spend-naics486210-epa-scghg-v130,Scope 3 Cat 1 Spend-Based — NAICS 486210 Pipeline Transportation of Natural Gas,scope3-spend,3,1,naics-486210,1.619,kg CO2e / USD2022,,,,US-national,US-Federal,"{GHG-Protocol,SB-253}",AR5,1,0.0,EPA Supply Chain GHG Emission Factors v1.3.0,https://www.epa.gov/climateleadership/supply-chain-ghg-emission-factors-us-industry-and-commodities,2022,2024-01-01,2024-01-01,,,methodologies/scope-3-cat1-spend-based,2026-04-24
scope3-spend-naics486910-epa-scghg-v130,Scope 3 Cat 1 Spend-Based — NAICS 486910 Pipeline Transportation of Refined Petroleum Products,scope3-spend,3,1,naics-486910,1.619,kg CO2e / USD2022,,,,US-national,US-Federal,"{GHG-Protocol,SB-253}",AR5,1,0.0,EPA Supply Chain GHG Emission Factors v1.3.0,https://www.epa.gov/climateleadership/supply-chain-ghg-emission-factors-us-industry-and-commodities,2022,2024-01-01,2024-01-01,,,methodologies/scope-3-cat1-spend-based,2026-04-24
scope3-spend-naics486990-epa-scghg-v130,Scope 3 Cat 1 Spend-Based — NAICS 486990 All Other Pipeline Transportation,scope3-spend,3,1,naics-486990,1.619,kg CO2e / USD2022,,,,US-national,US-Federal,"{GHG-Protocol,SB-253}",AR5,1,0.0,EPA Supply Chain GHG Emission Factors v1.3.0,https://www.epa.gov/climateleadership/supply-chain-ghg-emission-factors-us-industry-and-commodities,2022,2024-01-01,2024-01-01,,,methodologies/scope-3-cat1-spend-based,2026-04-24
scope3-spend-naics487110-epa-scghg-v130,"Scope 3 Cat 1 Spend-Based — NAICS 487110 Scenic and Sightseeing Transportation, Land",scope3-spend,3,1,naics-487110,0.162,kg CO2e / USD2022,,,,US-national,US-Federal,"{GHG-Protocol,SB-253}",AR5,1,0.0,EPA Supply Chain GHG Emission Factors v1.3.0,https://www.epa.gov/climateleadership/supply-chain-ghg-emission-factors-us-industry-and-commodities,2022,2024-01-01,2024-01-01,,,methodologies/scope-3-cat1-spend-based,2026-04-24
scope3-spend-naics487210-epa-scghg-v130,"Scope 3 Cat 1 Spend-Based — NAICS 487210 Scenic and Sightseeing Transportation, Water",scope3-spend,3,1,naics-487210,0.162,kg CO2e / USD2022,,,,US-national,US-Federal,"{GHG-Protocol,SB-253}",AR5,1,0.0,EPA Supply Chain GHG Emission Factors v1.3.0,https://www.epa.gov/climateleadership/supply-chain-ghg-emission-factors-us-industry-and-commodities,2022,2024-01-01,2024-01-01,,,methodologies/scope-3-cat1-spend-based,2026-04-24
scope3-spend-naics487990-epa-scghg-v130,"Scope 3 Cat 1 Spend-Based — NAICS 487990 Scenic and Sightseeing Transportation, Other",scope3-spend,3,1,naics-487990,0.162,kg CO2e / USD2022,,,,US-national,US-Federal,"{GHG-Protocol,SB-253}",AR5,1,0.0,EPA Supply Chain GHG Emission Factors v1.3.0,https://www.epa.gov/climateleadership/supply-chain-ghg-emission-factors-us-industry-and-commodities,2022,2024-01-01,2024-01-01,,,methodologies/scope-3-cat1-spend-based,2026-04-24
scope3-spend-naics488111-epa-scghg-v130,Scope 3 Cat 1 Spend-Based — NAICS 488111 Air Traffic Control,scope3-spend,3,1,naics-488111,0.162,kg CO2e / USD2022,,,,US-national,US-Federal,"{GHG-Protocol,SB-253}",AR5,1,0.0,EPA Supply Chain GHG Emission Factors v1.3.0,https://www.epa.gov/climateleadership/supply-chain-ghg-emission-factors-us-industry-and-commodities,2022,2024-01-01,2024-01-01,,,methodologies/scope-3-cat1-spend-based,2026-04-24
scope3-spend-naics488119-epa-scghg-v130,Scope 3 Cat 1 Spend-Based — NAICS 488119 Other Airport Operations,scope3-spend,3,1,naics-488119,0.162,kg CO2e / USD2022,,,,US-national,US-Federal,"{GHG-Protocol,SB-253}",AR5,1,0.0,EPA Supply Chain GHG Emission Factors v1.3.0,https://www.epa.gov/climateleadership/supply-chain-ghg-emission-factors-us-industry-and-commodities,2022,2024-01-01,2024-01-01,,,methodologies/scope-3-cat1-spend-based,2026-04-24
scope3-spend-naics488190-epa-scghg-v130,Scope 3 Cat 1 Spend-Based — NAICS 488190 Other Support Activities for Air Transportation,scope3-spend,3,1,naics-488190,0.162,kg CO2e / USD2022,,,,US-national,US-Federal,"{GHG-Protocol,SB-253}",AR5,1,0.0,EPA Supply Chain GHG Emission Factors v1.3.0,https://www.epa.gov/climateleadership/supply-chain-ghg-emission-factors-us-industry-and-commodities,2022,2024-01-01,2024-01-01,,,methodologies/scope-3-cat1-spend-based,2026-04-24
scope3-spend-naics488210-epa-scghg-v130,Scope 3 Cat 1 Spend-Based — NAICS 488210 Support Activities for Rail Transportation,scope3-spend,3,1,naics-488210,0.162,kg CO2e / USD2022,,,,US-national,US-Federal,"{GHG-Protocol,SB-253}",AR5,1,0.0,EPA Supply Chain GHG Emission Factors v1.3.0,https://www.epa.gov/climateleadership/supply-chain-ghg-emission-factors-us-industry-and-commodities,2022,2024-01-01,2024-01-01,,,methodologies/scope-3-cat1-spend-based,2026-04-24
scope3-spend-naics488310-epa-scghg-v130,Scope 3 Cat 1 Spend-Based — NAICS 488310 Port and Harbor Operations,scope3-spend,3,1,naics-488310,0.162,kg CO2e / USD2022,,,,US-national,US-Federal,"{GHG-Protocol,SB-253}",AR5,1,0.0,EPA Supply Chain GHG Emission Factors v1.3.0,https://www.epa.gov/climateleadership/supply-chain-ghg-emission-factors-us-industry-and-commodities,2022,2024-01-01,2024-01-01,,,methodologies/scope-3-cat1-spend-based,2026-04-24
scope3-spend-naics488320-epa-scghg-v130,Scope 3 Cat 1 Spend-Based — NAICS 488320 Marine Cargo Handling,scope3-spend,3,1,naics-488320,0.162,kg CO2e / USD2022,,,,US-national,US-Federal,"{GHG-Protocol,SB-253}",AR5,1,0.0,EPA Supply Chain GHG Emission Factors v1.3.0,https://www.epa.gov/climateleadership/supply-chain-ghg-emission-factors-us-industry-and-commodities,2022,2024-01-01,2024-01-01,,,methodologies/scope-3-cat1-spend-based,2026-04-24
scope3-spend-naics488330-epa-scghg-v130,Scope 3 Cat 1 Spend-Based — NAICS 488330 Navigational Services to Shipping,scope3-spend,3,1,naics-488330,0.162,kg CO2e / USD2022,,,,US-national,US-Federal,"{GHG-Protocol,SB-253}",AR5,1,0.0,EPA Supply Chain GHG Emission Factors v1.3.0,https://www.epa.gov/climateleadership/supply-chain-ghg-emission-factors-us-industry-and-commodities,2022,2024-01-01,2024-01-01,,,methodologies/scope-3-cat1-spend-based,2026-04-24
scope3-spend-naics488390-epa-scghg-v130,Scope 3 Cat 1 Spend-Based — NAICS 488390 Other Support Activities for Water Transportation,scope3-spend,3,1,naics-488390,0.162,kg CO2e / USD2022,,,,US-national,US-Federal,"{GHG-Protocol,SB-253}",AR5,1,0.0,EPA Supply Chain GHG Emission Factors v1.3.0,https://www.epa.gov/climateleadership/supply-chain-ghg-emission-factors-us-industry-and-commodities,2022,2024-01-01,2024-01-01,,,methodologies/scope-3-cat1-spend-based,2026-04-24
scope3-spend-naics488410-epa-scghg-v130,Scope 3 Cat 1 Spend-Based — NAICS 488410 Motor Vehicle Towing,scope3-spend,3,1,naics-488410,0.162,kg CO2e / USD2022,,,,US-national,US-Federal,"{GHG-Protocol,SB-253}",AR5,1,0.0,EPA Supply Chain GHG Emission Factors v1.3.0,https://www.epa.gov/climateleadership/supply-chain-ghg-emission-factors-us-industry-and-commodities,2022,2024-01-01,2024-01-01,,,methodologies/scope-3-cat1-spend-based,2026-04-24
scope3-spend-naics488490-epa-scghg-v130,Scope 3 Cat 1 Spend-Based — NAICS 488490 Other Support Activities for Road Transportation,scope3-spend,3,1,naics-488490,0.162,kg CO2e / USD2022,,,,US-national,US-Federal,"{GHG-Protocol,SB-253}",AR5,1,0.0,EPA Supply Chain GHG Emission Factors v1.3.0,https://www.epa.gov/climateleadership/supply-chain-ghg-emission-factors-us-industry-and-commodities,2022,2024-01-01,2024-01-01,,,methodologies/scope-3-cat1-spend-based,2026-04-24
scope3-spend-naics488510-epa-scghg-v130,Scope 3 Cat 1 Spend-Based — NAICS 488510 Freight Transportation Arrangement,scope3-spend,3,1,naics-488510,0.162,kg CO2e / USD2022,,,,US-national,US-Federal,"{GHG-Protocol,SB-253}",AR5,1,0.0,EPA Supply Chain GHG Emission Factors v1.3.0,https://www.epa.gov/climateleadership/supply-chain-ghg-emission-factors-us-industry-and-commodities,2022,2024-01-01,2024-01-01,,,methodologies/scope-3-cat1-spend-based,2026-04-24
scope3-spend-naics488991-epa-scghg-v130,Scope 3 Cat 1 Spend-Based — NAICS 488991 Packing and Crating,scope3-spend,3,1,naics-488991,0.162,kg CO2e / USD2022,,,,US-national,US-Federal,"{GHG-Protocol,SB-253}",AR5,1,0.0,EPA Supply Chain GHG Emission Factors v1.3.0,https://www.epa.gov/climateleadership/supply-chain-ghg-emission-factors-us-industry-and-commodities,2022,2024-01-01,2024-01-01,,,methodologies/scope-3-cat1-spend-based,2026-04-24
scope3-spend-naics488999-epa-scghg-v130,Scope 3 Cat 1 Spend-Based — NAICS 488999 All Other Support Activities for Transportation,scope3-spend,3,1,naics-488999,0.162,kg CO2e / USD2022,,,,US-national,US-Federal,"{GHG-Protocol,SB-253}",AR5,1,0.0,EPA Supply Chain GHG Emission Factors v1.3.0,https://www.epa.gov/climateleadership/supply-chain-ghg-emission-factors-us-industry-and-commodities,2022,2024-01-01,2024-01-01,,,methodologies/scope-3-cat1-spend-based,2026-04-24
scope3-spend-naics491110-epa-scghg-v130,Scope 3 Cat 1 Spend-Based — NAICS 491110 Postal Service,scope3-spend,3,1,naics-491110,0.074,kg CO2e / USD2022,,,,US-national,US-Federal,"{GHG-Protocol,SB-253}",AR5,1,0.0,EPA Supply Chain GHG Emission Factors v1.3.0,https://www.epa.gov/climateleadership/supply-chain-ghg-emission-factors-us-industry-and-commodities,2022,2024-01-01,2024-01-01,,,methodologies/scope-3-cat1-spend-based,2026-04-24
scope3-spend-naics492110-epa-scghg-v130,Scope 3 Cat 1 Spend-Based — NAICS 492110 Couriers and Express Delivery Services,scope3-spend,3,1,naics-492110,0.303,kg CO2e / USD2022,,,,US-national,US-Federal,"{GHG-Protocol,SB-253}",AR5,1,0.0,EPA Supply Chain GHG Emission Factors v1.3.0,https://www.epa.gov/climateleadership/supply-chain-ghg-emission-factors-us-industry-and-commodities,2022,2024-01-01,2024-01-01,,,methodologies/scope-3-cat1-spend-based,2026-04-24
scope3-spend-naics492210-epa-scghg-v130,Scope 3 Cat 1 Spend-Based — NAICS 492210 Local Messengers and Local Delivery,scope3-spend,3,1,naics-492210,0.303,kg CO2e / USD2022,,,,US-national,US-Federal,"{GHG-Protocol,SB-253}",AR5,1,0.0,EPA Supply Chain GHG Emission Factors v1.3.0,https://www.epa.gov/climateleadership/supply-chain-ghg-emission-factors-us-industry-and-commodities,2022,2024-01-01,2024-01-01,,,methodologies/scope-3-cat1-spend-based,2026-04-24
scope3-spend-naics493110-epa-scghg-v130,Scope 3 Cat 1 Spend-Based — NAICS 493110 General Warehousing and Storage,scope3-spend,3,1,naics-493110,0.244,kg CO2e / USD2022,,,,US-national,US-Federal,"{GHG-Protocol,SB-253}",AR5,1,0.0,EPA Supply Chain GHG Emission Factors v1.3.0,https://www.epa.gov/climateleadership/supply-chain-ghg-emission-factors-us-industry-and-commodities,2022,2024-01-01,2024-01-01,,,methodologies/scope-3-cat1-spend-based,2026-04-24
scope3-spend-naics493120-epa-scghg-v130,Scope 3 Cat 1 Spend-Based — NAICS 493120 Refrigerated Warehousing and Storage,scope3-spend,3,1,naics-493120,0.244,kg CO2e / USD2022,,,,US-national,US-Federal,"{GHG-Protocol,SB-253}",AR5,1,0.0,EPA Supply Chain GHG Emission Factors v1.3.0,https://www.epa.gov/climateleadership/supply-chain-ghg-emission-factors-us-industry-and-commodities,2022,2024-01-01,2024-01-01,,,methodologies/scope-3-cat1-spend-based,2026-04-24
scope3-spend-naics493130-epa-scghg-v130,Scope 3 Cat 1 Spend-Based — NAICS 493130 Farm Product Warehousing and Storage,scope3-spend,3,1,naics-493130,0.244,kg CO2e / USD2022,,,,US-national,US-Federal,"{GHG-Protocol,SB-253}",AR5,1,0.0,EPA Supply Chain GHG Emission Factors v1.3.0,https://www.epa.gov/climateleadership/supply-chain-ghg-emission-factors-us-industry-and-commodities,2022,2024-01-01,2024-01-01,,,methodologies/scope-3-cat1-spend-based,2026-04-24
scope3-spend-naics493190-epa-scghg-v130,Scope 3 Cat 1 Spend-Based — NAICS 493190 Other Warehousing and Storage,scope3-spend,3,1,naics-493190,0.244,kg CO2e / USD2022,,,,US-national,US-Federal,"{GHG-Protocol,SB-253}",AR5,1,0.0,EPA Supply Chain GHG Emission Factors v1.3.0,https://www.epa.gov/climateleadership/supply-chain-ghg-emission-factors-us-industry-and-commodities,2022,2024-01-01,2024-01-01,,,methodologies/scope-3-cat1-spend-based,2026-04-24
scope3-spend-naics511110-epa-scghg-v130,Scope 3 Cat 1 Spend-Based — NAICS 511110 Newspaper Publishers,scope3-spend,3,1,naics-511110,0.082,kg CO2e / USD2022,,,,US-national,US-Federal,"{GHG-Protocol,SB-253}",AR5,1,47.6,EPA Supply Chain GHG Emission Factors v1.3.0,https://www.epa.gov/climateleadership/supply-chain-ghg-emission-factors-us-industry-and-commodities,2022,2024-01-01,2024-01-01,,,methodologies/scope-3-cat1-spend-based,2026-04-24
scope3-spend-naics511120-epa-scghg-v130,Scope 3 Cat 1 Spend-Based — NAICS 511120 Periodical Publishers,scope3-spend,3,1,naics-511120,0.103,kg CO2e / USD2022,,,,US-national,US-Federal,"{GHG-Protocol,SB-253}",AR5,1,41.7,EPA Supply Chain GHG Emission Factors v1.3.0,https://www.epa.gov/climateleadership/supply-chain-ghg-emission-factors-us-industry-and-commodities,2022,2024-01-01,2024-01-01,,,methodologies/scope-3-cat1-spend-based,2026-04-24
scope3-spend-naics511130-epa-scghg-v130,Scope 3 Cat 1 Spend-Based — NAICS 511130 Book Publishers,scope3-spend,3,1,naics-511130,0.107,kg CO2e / USD2022,,,,US-national,US-Federal,"{GHG-Protocol,SB-253}",AR5,1,32.7,EPA Supply Chain GHG Emission Factors v1.3.0,https://www.epa.gov/climateleadership/supply-chain-ghg-emission-factors-us-industry-and-commodities,2022,2024-01-01,2024-01-01,,,methodologies/scope-3-cat1-spend-based,2026-04-24
scope3-spend-naics511140-epa-scghg-v130,Scope 3 Cat 1 Spend-Based — NAICS 511140 Directory and Mailing List Publishers,scope3-spend,3,1,naics-511140,0.108,kg CO2e / USD2022,,,,US-national,US-Federal,"{GHG-Protocol,SB-253}",AR5,1,50.9,EPA Supply Chain GHG Emission Factors v1.3.0,https://www.epa.gov/climateleadership/supply-chain-ghg-emission-factors-us-industry-and-commodities,2022,2024-01-01,2024-01-01,,,methodologies/scope-3-cat1-spend-based,2026-04-24
scope3-spend-naics511191-epa-scghg-v130,Scope 3 Cat 1 Spend-Based — NAICS 511191 Greeting Card Publishers,scope3-spend,3,1,naics-511191,0.108,kg CO2e / USD2022,,,,US-national,US-Federal,"{GHG-Protocol,SB-253}",AR5,1,50.9,EPA Supply Chain GHG Emission Factors v1.3.0,https://www.epa.gov/climateleadership/supply-chain-ghg-emission-factors-us-industry-and-commodities,2022,2024-01-01,2024-01-01,,,methodologies/scope-3-cat1-spend-based,2026-04-24
scope3-spend-naics511199-epa-scghg-v130,Scope 3 Cat 1 Spend-Based — NAICS 511199 All Other Publishers,scope3-spend,3,1,naics-511199,0.108,kg CO2e / USD2022,,,,US-national,US-Federal,"{GHG-Protocol,SB-253}",AR5,1,50.9,EPA Supply Chain GHG Emission Factors v1.3.0,https://www.epa.gov/climateleadership/supply-chain-ghg-emission-factors-us-industry-and-commodities,2022,2024-01-01,2024-01-01,,,methodologies/scope-3-cat1-spend-based,2026-04-24
scope3-spend-naics511210-epa-scghg-v130,Scope 3 Cat 1 Spend-Based — NAICS 511210 Software Publishers,scope3-spend,3,1,naics-511210,0.08,kg CO2e / USD2022,,,,US-national,US-Federal,"{GHG-Protocol,SB-253}",AR5,1,56.2,EPA Supply Chain GHG Emission Factors v1.3.0,https://www.epa.gov/climateleadership/supply-chain-ghg-emission-factors-us-industry-and-commodities,2022,2024-01-01,2024-01-01,,,methodologies/scope-3-cat1-spend-based,2026-04-24
scope3-spend-naics512110-epa-scghg-v130,Scope 3 Cat 1 Spend-Based — NAICS 512110 Motion Picture and Video Production,scope3-spend,3,1,naics-512110,0.052,kg CO2e / USD2022,,,,US-national,US-Federal,"{GHG-Protocol,SB-253}",AR5,1,9.6,EPA Supply Chain GHG Emission Factors v1.3.0,https://www.epa.gov/climateleadership/supply-chain-ghg-emission-factors-us-industry-and-commodities,2022,2024-01-01,2024-01-01,,,methodologies/scope-3-cat1-spend-based,2026-04-24
scope3-spend-naics512120-epa-scghg-v130,Scope 3 Cat 1 Spend-Based — NAICS 512120 Motion Picture and Video Distribution,scope3-spend,3,1,naics-512120,0.052,kg CO2e / USD2022,,,,US-national,US-Federal,"{GHG-Protocol,SB-253}",AR5,1,9.6,EPA Supply Chain GHG Emission Factors v1.3.0,https://www.epa.gov/climateleadership/supply-chain-ghg-emission-factors-us-industry-and-commodities,2022,2024-01-01,2024-01-01,,,methodologies/scope-3-cat1-spend-based,2026-04-24
scope3-spend-naics512131-epa-scghg-v130,Scope 3 Cat 1 Spend-Based — NAICS 512131 Motion Picture Theaters (except Drive-Ins),scope3-spend,3,1,naics-512131,0.052,kg CO2e / USD2022,,,,US-national,US-Federal,"{GHG-Protocol,SB-253}",AR5,1,9.6,EPA Supply Chain GHG Emission Factors v1.3.0,https://www.epa.gov/climateleadership/supply-chain-ghg-emission-factors-us-industry-and-commodities,2022,2024-01-01,2024-01-01,,,methodologies/scope-3-cat1-spend-based,2026-04-24
scope3-spend-naics512132-epa-scghg-v130,Scope 3 Cat 1 Spend-Based — NAICS 512132 Drive-In Motion Picture Theaters,scope3-spend,3,1,naics-512132,0.052,kg CO2e / USD2022,,,,US-national,US-Federal,"{GHG-Protocol,SB-253}",AR5,1,9.6,EPA Supply Chain GHG Emission Factors v1.3.0,https://www.epa.gov/climateleadership/supply-chain-ghg-emission-factors-us-industry-and-commodities,2022,2024-01-01,2024-01-01,,,methodologies/scope-3-cat1-spend-based,2026-04-24
scope3-spend-naics512191-epa-scghg-v130,Scope 3 Cat 1 Spend-Based — NAICS 512191 Teleproduction and Other Postproduction Services,scope3-spend,3,1,naics-512191,0.052,kg CO2e / USD2022,,,,US-national,US-Federal,"{GHG-Protocol,SB-253}",AR5,1,9.6,EPA Supply Chain GHG Emission Factors v1.3.0,https://www.epa.gov/climateleadership/supply-chain-ghg-emission-factors-us-industry-and-commodities,2022,2024-01-01,2024-01-01,,,methodologies/scope-3-cat1-spend-based,2026-04-24
scope3-spend-naics512199-epa-scghg-v130,Scope 3 Cat 1 Spend-Based — NAICS 512199 Other Motion Picture and Video Industries,scope3-spend,3,1,naics-512199,0.052,kg CO2e / USD2022,,,,US-national,US-Federal,"{GHG-Protocol,SB-253}",AR5,1,9.6,EPA Supply Chain GHG Emission Factors v1.3.0,https://www.epa.gov/climateleadership/supply-chain-ghg-emission-factors-us-industry-and-commodities,2022,2024-01-01,2024-01-01,,,methodologies/scope-3-cat1-spend-based,2026-04-24
scope3-spend-naics512230-epa-scghg-v130,Scope 3 Cat 1 Spend-Based — NAICS 512230 Music Publishers,scope3-spend,3,1,naics-512230,0.044,kg CO2e / USD2022,,,,US-national,US-Federal,"{GHG-Protocol,SB-253}",AR5,1,40.9,EPA Supply Chain GHG Emission Factors v1.3.0,https://www.epa.gov/climateleadership/supply-chain-ghg-emission-factors-us-industry-and-commodities,2022,2024-01-01,2024-01-01,,,methodologies/scope-3-cat1-spend-based,2026-04-24
scope3-spend-naics512240-epa-scghg-v130,Scope 3 Cat 1 Spend-Based — NAICS 512240 Sound Recording Studios,scope3-spend,3,1,naics-512240,0.044,kg CO2e / USD2022,,,,US-national,US-Federal,"{GHG-Protocol,SB-253}",AR5,1,40.9,EPA Supply Chain GHG Emission Factors v1.3.0,https://www.epa.gov/climateleadership/supply-chain-ghg-emission-factors-us-industry-and-commodities,2022,2024-01-01,2024-01-01,,,methodologies/scope-3-cat1-spend-based,2026-04-24
scope3-spend-naics512250-epa-scghg-v130,Scope 3 Cat 1 Spend-Based — NAICS 512250 Record Production and Distribution,scope3-spend,3,1,naics-512250,0.044,kg CO2e / USD2022,,,,US-national,US-Federal,"{GHG-Protocol,SB-253}",AR5,1,40.9,EPA Supply Chain GHG Emission Factors v1.3.0,https://www.epa.gov/climateleadership/supply-chain-ghg-emission-factors-us-industry-and-commodities,2022,2024-01-01,2024-01-01,,,methodologies/scope-3-cat1-spend-based,2026-04-24
scope3-spend-naics512290-epa-scghg-v130,Scope 3 Cat 1 Spend-Based — NAICS 512290 Other Sound Recording Industries,scope3-spend,3,1,naics-512290,0.044,kg CO2e / USD2022,,,,US-national,US-Federal,"{GHG-Protocol,SB-253}",AR5,1,40.9,EPA Supply Chain GHG Emission Factors v1.3.0,https://www.epa.gov/climateleadership/supply-chain-ghg-emission-factors-us-industry-and-commodities,2022,2024-01-01,2024-01-01,,,methodologies/scope-3-cat1-spend-based,2026-04-24
scope3-spend-naics515111-epa-scghg-v130,Scope 3 Cat 1 Spend-Based — NAICS 515111 Radio Networks,scope3-spend,3,1,naics-515111,0.079,kg CO2e / USD2022,,,,US-national,US-Federal,"{GHG-Protocol,SB-253}",AR5,1,0.0,EPA Supply Chain GHG Emission Factors v1.3.0,https://www.epa.gov/climateleadership/supply-chain-ghg-emission-factors-us-industry-and-commodities,2022,2024-01-01,2024-01-01,,,methodologies/scope-3-cat1-spend-based,2026-04-24
scope3-spend-naics515112-epa-scghg-v130,Scope 3 Cat 1 Spend-Based — NAICS 515112 Radio Stations,scope3-spend,3,1,naics-515112,0.079,kg CO2e / USD2022,,,,US-national,US-Federal,"{GHG-Protocol,SB-253}",AR5,1,0.0,EPA Supply Chain GHG Emission Factors v1.3.0,https://www.epa.gov/climateleadership/supply-chain-ghg-emission-factors-us-industry-and-commodities,2022,2024-01-01,2024-01-01,,,methodologies/scope-3-cat1-spend-based,2026-04-24
scope3-spend-naics515120-epa-scghg-v130,Scope 3 Cat 1 Spend-Based — NAICS 515120 Television Broadcasting,scope3-spend,3,1,naics-515120,0.079,kg CO2e / USD2022,,,,US-national,US-Federal,"{GHG-Protocol,SB-253}",AR5,1,0.0,EPA Supply Chain GHG Emission Factors v1.3.0,https://www.epa.gov/climateleadership/supply-chain-ghg-emission-factors-us-industry-and-commodities,2022,2024-01-01,2024-01-01,,,methodologies/scope-3-cat1-spend-based,2026-04-24
scope3-spend-naics515210-epa-scghg-v130,Scope 3 Cat 1 Spend-Based — NAICS 515210 Cable and Other Subscription Programming,scope3-spend,3,1,naics-515210,0.094,kg CO2e / USD2022,,,,US-national,US-Federal,"{GHG-Protocol,SB-253}",AR5,1,0.0,EPA Supply Chain GHG Emission Factors v1.3.0,https://www.epa.gov/climateleadership/supply-chain-ghg-emission-factors-us-industry-and-commodities,2022,2024-01-01,2024-01-01,,,methodologies/scope-3-cat1-spend-based,2026-04-24
scope3-spend-naics517311-epa-scghg-v130,Scope 3 Cat 1 Spend-Based — NAICS 517311 Wired Telecommunications Carriers,scope3-spend,3,1,naics-517311,0.075,kg CO2e / USD2022,,,,US-national,US-Federal,"{GHG-Protocol,SB-253}",AR5,1,0.0,EPA Supply Chain GHG Emission Factors v1.3.0,https://www.epa.gov/climateleadership/supply-chain-ghg-emission-factors-us-industry-and-commodities,2022,2024-01-01,2024-01-01,,,methodologies/scope-3-cat1-spend-based,2026-04-24
scope3-spend-naics517312-epa-scghg-v130,Scope 3 Cat 1 Spend-Based — NAICS 517312 Wireless Telecommunications Carriers (except Satellite),scope3-spend,3,1,naics-517312,0.096,kg CO2e / USD2022,,,,US-national,US-Federal,"{GHG-Protocol,SB-253}",AR5,1,0.0,EPA Supply Chain GHG Emission Factors v1.3.0,https://www.epa.gov/climateleadership/supply-chain-ghg-emission-factors-us-industry-and-commodities,2022,2024-01-01,2024-01-01,,,methodologies/scope-3-cat1-spend-based,2026-04-24
scope3-spend-naics517410-epa-scghg-v130,Scope 3 Cat 1 Spend-Based — NAICS 517410 Satellite Telecommunications,scope3-spend,3,1,naics-517410,0.078,kg CO2e / USD2022,,,,US-national,US-Federal,"{GHG-Protocol,SB-253}",AR5,1,0.0,EPA Supply Chain GHG Emission Factors v1.3.0,https://www.epa.gov/climateleadership/supply-chain-ghg-emission-factors-us-industry-and-commodities,2022,2024-01-01,2024-01-01,,,methodologies/scope-3-cat1-spend-based,2026-04-24
scope3-spend-naics517911-epa-scghg-v130,Scope 3 Cat 1 Spend-Based — NAICS 517911 Telecommunications Resellers,scope3-spend,3,1,naics-517911,0.078,kg CO2e / USD2022,,,,US-national,US-Federal,"{GHG-Protocol,SB-253}",AR5,1,0.0,EPA Supply Chain GHG Emission Factors v1.3.0,https://www.epa.gov/climateleadership/supply-chain-ghg-emission-factors-us-industry-and-commodities,2022,2024-01-01,2024-01-01,,,methodologies/scope-3-cat1-spend-based,2026-04-24
scope3-spend-naics517919-epa-scghg-v130,Scope 3 Cat 1 Spend-Based — NAICS 517919 All Other Telecommunications,scope3-spend,3,1,naics-517919,0.078,kg CO2e / USD2022,,,,US-national,US-Federal,"{GHG-Protocol,SB-253}",AR5,1,0.0,EPA Supply Chain GHG Emission Factors v1.3.0,https://www.epa.gov/climateleadership/supply-chain-ghg-emission-factors-us-industry-and-commodities,2022,2024-01-01,2024-01-01,,,methodologies/scope-3-cat1-spend-based,2026-04-24
scope3-spend-naics518210-epa-scghg-v130,"Scope 3 Cat 1 Spend-Based — NAICS 518210 Data Processing, Hosting, and Related Services",scope3-spend,3,1,naics-518210,0.093,kg CO2e / USD2022,,,,US-national,US-Federal,"{GHG-Protocol,SB-253}",AR5,1,0.0,EPA Supply Chain GHG Emission Factors v1.3.0,https://www.epa.gov/climateleadership/supply-chain-ghg-emission-factors-us-industry-and-commodities,2022,2024-01-01,2024-01-01,,,methodologies/scope-3-cat1-spend-based,2026-04-24
scope3-spend-naics519110-epa-scghg-v130,Scope 3 Cat 1 Spend-Based — NAICS 519110 News Syndicates,scope3-spend,3,1,naics-519110,0.064,kg CO2e / USD2022,,,,US-national,US-Federal,"{GHG-Protocol,SB-253}",AR5,1,0.0,EPA Supply Chain GHG Emission Factors v1.3.0,https://www.epa.gov/climateleadership/supply-chain-ghg-emission-factors-us-industry-and-commodities,2022,2024-01-01,2024-01-01,,,methodologies/scope-3-cat1-spend-based,2026-04-24
scope3-spend-naics519120-epa-scghg-v130,Scope 3 Cat 1 Spend-Based — NAICS 519120 Libraries and Archives,scope3-spend,3,1,naics-519120,0.064,kg CO2e / USD2022,,,,US-national,US-Federal,"{GHG-Protocol,SB-253}",AR5,1,0.0,EPA Supply Chain GHG Emission Factors v1.3.0,https://www.epa.gov/climateleadership/supply-chain-ghg-emission-factors-us-industry-and-commodities,2022,2024-01-01,2024-01-01,,,methodologies/scope-3-cat1-spend-based,2026-04-24
scope3-spend-naics519130-epa-scghg-v130,Scope 3 Cat 1 Spend-Based — NAICS 519130 Internet Publishing and Broadcasting and Web Search Portals,scope3-spend,3,1,naics-519130,0.067,kg CO2e / USD2022,,,,US-national,US-Federal,"{GHG-Protocol,SB-253}",AR5,1,0.0,EPA Supply Chain GHG Emission Factors v1.3.0,https://www.epa.gov/climateleadership/supply-chain-ghg-emission-factors-us-industry-and-commodities,2022,2024-01-01,2024-01-01,,,methodologies/scope-3-cat1-spend-based,2026-04-24
scope3-spend-naics519190-epa-scghg-v130,Scope 3 Cat 1 Spend-Based — NAICS 519190 All Other Information Services,scope3-spend,3,1,naics-519190,0.064,kg CO2e / USD2022,,,,US-national,US-Federal,"{GHG-Protocol,SB-253}",AR5,1,0.0,EPA Supply Chain GHG Emission Factors v1.3.0,https://www.epa.gov/climateleadership/supply-chain-ghg-emission-factors-us-industry-and-commodities,2022,2024-01-01,2024-01-01,,,methodologies/scope-3-cat1-spend-based,2026-04-24
scope3-spend-naics521110-epa-scghg-v130,Scope 3 Cat 1 Spend-Based — NAICS 521110 Monetary Authorities-Central Bank,scope3-spend,3,1,naics-521110,0.059,kg CO2e / USD2022,,,,US-national,US-Federal,"{GHG-Protocol,SB-253}",AR5,1,0.0,EPA Supply Chain GHG Emission Factors v1.3.0,https://www.epa.gov/climateleadership/supply-chain-ghg-emission-factors-us-industry-and-commodities,2022,2024-01-01,2024-01-01,,,methodologies/scope-3-cat1-spend-based,2026-04-24
scope3-spend-naics522110-epa-scghg-v130,Scope 3 Cat 1 Spend-Based — NAICS 522110 Commercial Banking,scope3-spend,3,1,naics-522110,0.059,kg CO2e / USD2022,,,,US-national,US-Federal,"{GHG-Protocol,SB-253}",AR5,1,0.0,EPA Supply Chain GHG Emission Factors v1.3.0,https://www.epa.gov/climateleadership/supply-chain-ghg-emission-factors-us-industry-and-commodities,2022,2024-01-01,2024-01-01,,,methodologies/scope-3-cat1-spend-based,2026-04-24
scope3-spend-naics522120-epa-scghg-v130,Scope 3 Cat 1 Spend-Based — NAICS 522120 Savings Institutions,scope3-spend,3,1,naics-522120,0.059,kg CO2e / USD2022,,,,US-national,US-Federal,"{GHG-Protocol,SB-253}",AR5,1,0.0,EPA Supply Chain GHG Emission Factors v1.3.0,https://www.epa.gov/climateleadership/supply-chain-ghg-emission-factors-us-industry-and-commodities,2022,2024-01-01,2024-01-01,,,methodologies/scope-3-cat1-spend-based,2026-04-24
scope3-spend-naics522130-epa-scghg-v130,Scope 3 Cat 1 Spend-Based — NAICS 522130 Credit Unions,scope3-spend,3,1,naics-522130,0.059,kg CO2e / USD2022,,,,US-national,US-Federal,"{GHG-Protocol,SB-253}",AR5,1,0.0,EPA Supply Chain GHG Emission Factors v1.3.0,https://www.epa.gov/climateleadership/supply-chain-ghg-emission-factors-us-industry-and-commodities,2022,2024-01-01,2024-01-01,,,methodologies/scope-3-cat1-spend-based,2026-04-24
scope3-spend-naics522190-epa-scghg-v130,Scope 3 Cat 1 Spend-Based — NAICS 522190 Other Depository Credit Intermediation,scope3-spend,3,1,naics-522190,0.059,kg CO2e / USD2022,,,,US-national,US-Federal,"{GHG-Protocol,SB-253}",AR5,1,0.0,EPA Supply Chain GHG Emission Factors v1.3.0,https://www.epa.gov/climateleadership/supply-chain-ghg-emission-factors-us-industry-and-commodities,2022,2024-01-01,2024-01-01,,,methodologies/scope-3-cat1-spend-based,2026-04-24
scope3-spend-naics522210-epa-scghg-v130,Scope 3 Cat 1 Spend-Based — NAICS 522210 Credit Card Issuing,scope3-spend,3,1,naics-522210,0.072,kg CO2e / USD2022,,,,US-national,US-Federal,"{GHG-Protocol,SB-253}",AR5,1,0.0,EPA Supply Chain GHG Emission Factors v1.3.0,https://www.epa.gov/climateleadership/supply-chain-ghg-emission-factors-us-industry-and-commodities,2022,2024-01-01,2024-01-01,,,methodologies/scope-3-cat1-spend-based,2026-04-24
scope3-spend-naics522220-epa-scghg-v130,Scope 3 Cat 1 Spend-Based — NAICS 522220 Sales Financing,scope3-spend,3,1,naics-522220,0.072,kg CO2e / USD2022,,,,US-national,US-Federal,"{GHG-Protocol,SB-253}",AR5,1,0.0,EPA Supply Chain GHG Emission Factors v1.3.0,https://www.epa.gov/climateleadership/supply-chain-ghg-emission-factors-us-industry-and-commodities,2022,2024-01-01,2024-01-01,,,methodologies/scope-3-cat1-spend-based,2026-04-24
scope3-spend-naics522291-epa-scghg-v130,Scope 3 Cat 1 Spend-Based — NAICS 522291 Consumer Lending,scope3-spend,3,1,naics-522291,0.072,kg CO2e / USD2022,,,,US-national,US-Federal,"{GHG-Protocol,SB-253}",AR5,1,0.0,EPA Supply Chain GHG Emission Factors v1.3.0,https://www.epa.gov/climateleadership/supply-chain-ghg-emission-factors-us-industry-and-commodities,2022,2024-01-01,2024-01-01,,,methodologies/scope-3-cat1-spend-based,2026-04-24
scope3-spend-naics522292-epa-scghg-v130,Scope 3 Cat 1 Spend-Based — NAICS 522292 Real Estate Credit,scope3-spend,3,1,naics-522292,0.072,kg CO2e / USD2022,,,,US-national,US-Federal,"{GHG-Protocol,SB-253}",AR5,1,0.0,EPA Supply Chain GHG Emission Factors v1.3.0,https://www.epa.gov/climateleadership/supply-chain-ghg-emission-factors-us-industry-and-commodities,2022,2024-01-01,2024-01-01,,,methodologies/scope-3-cat1-spend-based,2026-04-24
scope3-spend-naics522293-epa-scghg-v130,Scope 3 Cat 1 Spend-Based — NAICS 522293 International Trade Financing,scope3-spend,3,1,naics-522293,0.072,kg CO2e / USD2022,,,,US-national,US-Federal,"{GHG-Protocol,SB-253}",AR5,1,0.0,EPA Supply Chain GHG Emission Factors v1.3.0,https://www.epa.gov/climateleadership/supply-chain-ghg-emission-factors-us-industry-and-commodities,2022,2024-01-01,2024-01-01,,,methodologies/scope-3-cat1-spend-based,2026-04-24
scope3-spend-naics522294-epa-scghg-v130,Scope 3 Cat 1 Spend-Based — NAICS 522294 Secondary Market Financing,scope3-spend,3,1,naics-522294,0.072,kg CO2e / USD2022,,,,US-national,US-Federal,"{GHG-Protocol,SB-253}",AR5,1,0.0,EPA Supply Chain GHG Emission Factors v1.3.0,https://www.epa.gov/climateleadership/supply-chain-ghg-emission-factors-us-industry-and-commodities,2022,2024-01-01,2024-01-01,,,methodologies/scope-3-cat1-spend-based,2026-04-24
scope3-spend-naics522298-epa-scghg-v130,Scope 3 Cat 1 Spend-Based — NAICS 522298 All Other Nondepository Credit Intermediation,scope3-spend,3,1,naics-522298,0.072,kg CO2e / USD2022,,,,US-national,US-Federal,"{GHG-Protocol,SB-253}",AR5,1,0.0,EPA Supply Chain GHG Emission Factors v1.3.0,https://www.epa.gov/climateleadership/supply-chain-ghg-emission-factors-us-industry-and-commodities,2022,2024-01-01,2024-01-01,,,methodologies/scope-3-cat1-spend-based,2026-04-24
scope3-spend-naics522310-epa-scghg-v130,Scope 3 Cat 1 Spend-Based — NAICS 522310 Mortgage and Nonmortgage Loan Brokers,scope3-spend,3,1,naics-522310,0.072,kg CO2e / USD2022,,,,US-national,US-Federal,"{GHG-Protocol,SB-253}",AR5,1,0.0,EPA Supply Chain GHG Emission Factors v1.3.0,https://www.epa.gov/climateleadership/supply-chain-ghg-emission-factors-us-industry-and-commodities,2022,2024-01-01,2024-01-01,,,methodologies/scope-3-cat1-spend-based,2026-04-24
scope3-spend-naics522320-epa-scghg-v130,"Scope 3 Cat 1 Spend-Based — NAICS 522320 Financial Transactions Processing, Reserve, and Clearinghouse Activities",scope3-spend,3,1,naics-522320,0.072,kg CO2e / USD2022,,,,US-national,US-Federal,"{GHG-Protocol,SB-253}",AR5,1,0.0,EPA Supply Chain GHG Emission Factors v1.3.0,https://www.epa.gov/climateleadership/supply-chain-ghg-emission-factors-us-industry-and-commodities,2022,2024-01-01,2024-01-01,,,methodologies/scope-3-cat1-spend-based,2026-04-24
scope3-spend-naics522390-epa-scghg-v130,Scope 3 Cat 1 Spend-Based — NAICS 522390 Other Activities Related to Credit Intermediation,scope3-spend,3,1,naics-522390,0.072,kg CO2e / USD2022,,,,US-national,US-Federal,"{GHG-Protocol,SB-253}",AR5,1,0.0,EPA Supply Chain GHG Emission Factors v1.3.0,https://www.epa.gov/climateleadership/supply-chain-ghg-emission-factors-us-industry-and-commodities,2022,2024-01-01,2024-01-01,,,methodologies/scope-3-cat1-spend-based,2026-04-24
scope3-spend-naics523110-epa-scghg-v130,Scope 3 Cat 1 Spend-Based — NAICS 523110 Investment Banking and Securities Dealing,scope3-spend,3,1,naics-523110,0.043,kg CO2e / USD2022,,,,US-national,US-Federal,"{GHG-Protocol,SB-253}",AR5,1,0.0,EPA Supply Chain GHG Emission Factors v1.3.0,https://www.epa.gov/climateleadership/supply-chain-ghg-emission-factors-us-industry-and-commodities,2022,2024-01-01,2024-01-01,,,methodologies/scope-3-cat1-spend-based,2026-04-24
scope3-spend-naics523120-epa-scghg-v130,Scope 3 Cat 1 Spend-Based — NAICS 523120 Securities Brokerage,scope3-spend,3,1,naics-523120,0.043,kg CO2e / USD2022,,,,US-national,US-Federal,"{GHG-Protocol,SB-253}",AR5,1,0.0,EPA Supply Chain GHG Emission Factors v1.3.0,https://www.epa.gov/climateleadership/supply-chain-ghg-emission-factors-us-industry-and-commodities,2022,2024-01-01,2024-01-01,,,methodologies/scope-3-cat1-spend-based,2026-04-24
scope3-spend-naics523130-epa-scghg-v130,Scope 3 Cat 1 Spend-Based — NAICS 523130 Commodity Contracts Dealing,scope3-spend,3,1,naics-523130,0.043,kg CO2e / USD2022,,,,US-national,US-Federal,"{GHG-Protocol,SB-253}",AR5,1,0.0,EPA Supply Chain GHG Emission Factors v1.3.0,https://www.epa.gov/climateleadership/supply-chain-ghg-emission-factors-us-industry-and-commodities,2022,2024-01-01,2024-01-01,,,methodologies/scope-3-cat1-spend-based,2026-04-24
scope3-spend-naics523140-epa-scghg-v130,Scope 3 Cat 1 Spend-Based — NAICS 523140 Commodity Contracts Brokerage,scope3-spend,3,1,naics-523140,0.043,kg CO2e / USD2022,,,,US-national,US-Federal,"{GHG-Protocol,SB-253}",AR5,1,0.0,EPA Supply Chain GHG Emission Factors v1.3.0,https://www.epa.gov/climateleadership/supply-chain-ghg-emission-factors-us-industry-and-commodities,2022,2024-01-01,2024-01-01,,,methodologies/scope-3-cat1-spend-based,2026-04-24
scope3-spend-naics523210-epa-scghg-v130,Scope 3 Cat 1 Spend-Based — NAICS 523210 Securities and Commodity Exchanges,scope3-spend,3,1,naics-523210,0.043,kg CO2e / USD2022,,,,US-national,US-Federal,"{GHG-Protocol,SB-253}",AR5,1,0.0,EPA Supply Chain GHG Emission Factors v1.3.0,https://www.epa.gov/climateleadership/supply-chain-ghg-emission-factors-us-industry-and-commodities,2022,2024-01-01,2024-01-01,,,methodologies/scope-3-cat1-spend-based,2026-04-24
scope3-spend-naics523910-epa-scghg-v130,Scope 3 Cat 1 Spend-Based — NAICS 523910 Miscellaneous Intermediation,scope3-spend,3,1,naics-523910,0.066,kg CO2e / USD2022,,,,US-national,US-Federal,"{GHG-Protocol,SB-253}",AR5,1,0.0,EPA Supply Chain GHG Emission Factors v1.3.0,https://www.epa.gov/climateleadership/supply-chain-ghg-emission-factors-us-industry-and-commodities,2022,2024-01-01,2024-01-01,,,methodologies/scope-3-cat1-spend-based,2026-04-24
scope3-spend-naics523920-epa-scghg-v130,Scope 3 Cat 1 Spend-Based — NAICS 523920 Portfolio Management,scope3-spend,3,1,naics-523920,0.066,kg CO2e / USD2022,,,,US-national,US-Federal,"{GHG-Protocol,SB-253}",AR5,1,0.0,EPA Supply Chain GHG Emission Factors v1.3.0,https://www.epa.gov/climateleadership/supply-chain-ghg-emission-factors-us-industry-and-commodities,2022,2024-01-01,2024-01-01,,,methodologies/scope-3-cat1-spend-based,2026-04-24
scope3-spend-naics523930-epa-scghg-v130,Scope 3 Cat 1 Spend-Based — NAICS 523930 Investment Advice,scope3-spend,3,1,naics-523930,0.066,kg CO2e / USD2022,,,,US-national,US-Federal,"{GHG-Protocol,SB-253}",AR5,1,0.0,EPA Supply Chain GHG Emission Factors v1.3.0,https://www.epa.gov/climateleadership/supply-chain-ghg-emission-factors-us-industry-and-commodities,2022,2024-01-01,2024-01-01,,,methodologies/scope-3-cat1-spend-based,2026-04-24
scope3-spend-naics523991-epa-scghg-v130,"Scope 3 Cat 1 Spend-Based — NAICS 523991 Trust, Fiduciary, and Custody Activities",scope3-spend,3,1,naics-523991,0.066,kg CO2e / USD2022,,,,US-national,US-Federal,"{GHG-Protocol,SB-253}",AR5,1,0.0,EPA Supply Chain GHG Emission Factors v1.3.0,https://www.epa.gov/climateleadership/supply-chain-ghg-emission-factors-us-industry-and-commodities,2022,2024-01-01,2024-01-01,,,methodologies/scope-3-cat1-spend-based,2026-04-24
scope3-spend-naics523999-epa-scghg-v130,Scope 3 Cat 1 Spend-Based — NAICS 523999 Miscellaneous Financial Investment Activities,scope3-spend,3,1,naics-523999,0.066,kg CO2e / USD2022,,,,US-national,US-Federal,"{GHG-Protocol,SB-253}",AR5,1,0.0,EPA Supply Chain GHG Emission Factors v1.3.0,https://www.epa.gov/climateleadership/supply-chain-ghg-emission-factors-us-industry-and-commodities,2022,2024-01-01,2024-01-01,,,methodologies/scope-3-cat1-spend-based,2026-04-24
scope3-spend-naics524113-epa-scghg-v130,Scope 3 Cat 1 Spend-Based — NAICS 524113 Direct Life Insurance Carriers,scope3-spend,3,1,naics-524113,0.051,kg CO2e / USD2022,,,,US-national,US-Federal,"{GHG-Protocol,SB-253}",AR5,1,0.0,EPA Supply Chain GHG Emission Factors v1.3.0,https://www.epa.gov/climateleadership/supply-chain-ghg-emission-factors-us-industry-and-commodities,2022,2024-01-01,2024-01-01,,,methodologies/scope-3-cat1-spend-based,2026-04-24
scope3-spend-naics524114-epa-scghg-v130,Scope 3 Cat 1 Spend-Based — NAICS 524114 Direct Health and Medical Insurance Carriers,scope3-spend,3,1,naics-524114,0.033,kg CO2e / USD2022,,,,US-national,US-Federal,"{GHG-Protocol,SB-253}",AR5,1,0.0,EPA Supply Chain GHG Emission Factors v1.3.0,https://www.epa.gov/climateleadership/supply-chain-ghg-emission-factors-us-industry-and-commodities,2022,2024-01-01,2024-01-01,,,methodologies/scope-3-cat1-spend-based,2026-04-24
scope3-spend-naics524126-epa-scghg-v130,Scope 3 Cat 1 Spend-Based — NAICS 524126 Direct Property and Casualty Insurance Carriers,scope3-spend,3,1,naics-524126,0.033,kg CO2e / USD2022,,,,US-national,US-Federal,"{GHG-Protocol,SB-253}",AR5,1,0.0,EPA Supply Chain GHG Emission Factors v1.3.0,https://www.epa.gov/climateleadership/supply-chain-ghg-emission-factors-us-industry-and-commodities,2022,2024-01-01,2024-01-01,,,methodologies/scope-3-cat1-spend-based,2026-04-24
scope3-spend-naics524127-epa-scghg-v130,Scope 3 Cat 1 Spend-Based — NAICS 524127 Direct Title Insurance Carriers,scope3-spend,3,1,naics-524127,0.033,kg CO2e / USD2022,,,,US-national,US-Federal,"{GHG-Protocol,SB-253}",AR5,1,0.0,EPA Supply Chain GHG Emission Factors v1.3.0,https://www.epa.gov/climateleadership/supply-chain-ghg-emission-factors-us-industry-and-commodities,2022,2024-01-01,2024-01-01,,,methodologies/scope-3-cat1-spend-based,2026-04-24
scope3-spend-naics524128-epa-scghg-v130,"Scope 3 Cat 1 Spend-Based — NAICS 524128 Other Direct Insurance (except Life, Health, and Medical) Carriers",scope3-spend,3,1,naics-524128,0.033,kg CO2e / USD2022,,,,US-national,US-Federal,"{GHG-Protocol,SB-253}",AR5,1,0.0,EPA Supply Chain GHG Emission Factors v1.3.0,https://www.epa.gov/climateleadership/supply-chain-ghg-emission-factors-us-industry-and-commodities,2022,2024-01-01,2024-01-01,,,methodologies/scope-3-cat1-spend-based,2026-04-24
scope3-spend-naics524130-epa-scghg-v130,Scope 3 Cat 1 Spend-Based — NAICS 524130 Reinsurance Carriers,scope3-spend,3,1,naics-524130,0.033,kg CO2e / USD2022,,,,US-national,US-Federal,"{GHG-Protocol,SB-253}",AR5,1,0.0,EPA Supply Chain GHG Emission Factors v1.3.0,https://www.epa.gov/climateleadership/supply-chain-ghg-emission-factors-us-industry-and-commodities,2022,2024-01-01,2024-01-01,,,methodologies/scope-3-cat1-spend-based,2026-04-24
scope3-spend-naics524210-epa-scghg-v130,Scope 3 Cat 1 Spend-Based — NAICS 524210 Insurance Agencies and Brokerages,scope3-spend,3,1,naics-524210,0.029,kg CO2e / USD2022,,,,US-national,US-Federal,"{GHG-Protocol,SB-253}",AR5,1,0.0,EPA Supply Chain GHG Emission Factors v1.3.0,https://www.epa.gov/climateleadership/supply-chain-ghg-emission-factors-us-industry-and-commodities,2022,2024-01-01,2024-01-01,,,methodologies/scope-3-cat1-spend-based,2026-04-24
scope3-spend-naics524291-epa-scghg-v130,Scope 3 Cat 1 Spend-Based — NAICS 524291 Claims Adjusting,scope3-spend,3,1,naics-524291,0.029,kg CO2e / USD2022,,,,US-national,US-Federal,"{GHG-Protocol,SB-253}",AR5,1,0.0,EPA Supply Chain GHG Emission Factors v1.3.0,https://www.epa.gov/climateleadership/supply-chain-ghg-emission-factors-us-industry-and-commodities,2022,2024-01-01,2024-01-01,,,methodologies/scope-3-cat1-spend-based,2026-04-24
scope3-spend-naics524292-epa-scghg-v130,Scope 3 Cat 1 Spend-Based — NAICS 524292 Third Party Administration of Insurance and Pension Funds,scope3-spend,3,1,naics-524292,0.029,kg CO2e / USD2022,,,,US-national,US-Federal,"{GHG-Protocol,SB-253}",AR5,1,0.0,EPA Supply Chain GHG Emission Factors v1.3.0,https://www.epa.gov/climateleadership/supply-chain-ghg-emission-factors-us-industry-and-commodities,2022,2024-01-01,2024-01-01,,,methodologies/scope-3-cat1-spend-based,2026-04-24
scope3-spend-naics524298-epa-scghg-v130,Scope 3 Cat 1 Spend-Based — NAICS 524298 All Other Insurance Related Activities,scope3-spend,3,1,naics-524298,0.029,kg CO2e / USD2022,,,,US-national,US-Federal,"{GHG-Protocol,SB-253}",AR5,1,0.0,EPA Supply Chain GHG Emission Factors v1.3.0,https://www.epa.gov/climateleadership/supply-chain-ghg-emission-factors-us-industry-and-commodities,2022,2024-01-01,2024-01-01,,,methodologies/scope-3-cat1-spend-based,2026-04-24
scope3-spend-naics525110-epa-scghg-v130,Scope 3 Cat 1 Spend-Based — NAICS 525110 Pension Funds,scope3-spend,3,1,naics-525110,0.218,kg CO2e / USD2022,,,,US-national,US-Federal,"{GHG-Protocol,SB-253}",AR5,1,0.0,EPA Supply Chain GHG Emission Factors v1.3.0,https://www.epa.gov/climateleadership/supply-chain-ghg-emission-factors-us-industry-and-commodities,2022,2024-01-01,2024-01-01,,,methodologies/scope-3-cat1-spend-based,2026-04-24
scope3-spend-naics525120-epa-scghg-v130,Scope 3 Cat 1 Spend-Based — NAICS 525120 Health and Welfare Funds,scope3-spend,3,1,naics-525120,0.218,kg CO2e / USD2022,,,,US-national,US-Federal,"{GHG-Protocol,SB-253}",AR5,1,0.0,EPA Supply Chain GHG Emission Factors v1.3.0,https://www.epa.gov/climateleadership/supply-chain-ghg-emission-factors-us-industry-and-commodities,2022,2024-01-01,2024-01-01,,,methodologies/scope-3-cat1-spend-based,2026-04-24
scope3-spend-naics525190-epa-scghg-v130,Scope 3 Cat 1 Spend-Based — NAICS 525190 Other Insurance Funds,scope3-spend,3,1,naics-525190,0.218,kg CO2e / USD2022,,,,US-national,US-Federal,"{GHG-Protocol,SB-253}",AR5,1,0.0,EPA Supply Chain GHG Emission Factors v1.3.0,https://www.epa.gov/climateleadership/supply-chain-ghg-emission-factors-us-industry-and-commodities,2022,2024-01-01,2024-01-01,,,methodologies/scope-3-cat1-spend-based,2026-04-24
scope3-spend-naics525910-epa-scghg-v130,Scope 3 Cat 1 Spend-Based — NAICS 525910 Open-End Investment Funds,scope3-spend,3,1,naics-525910,0.218,kg CO2e / USD2022,,,,US-national,US-Federal,"{GHG-Protocol,SB-253}",AR5,1,0.0,EPA Supply Chain GHG Emission Factors v1.3.0,https://www.epa.gov/climateleadership/supply-chain-ghg-emission-factors-us-industry-and-commodities,2022,2024-01-01,2024-01-01,,,methodologies/scope-3-cat1-spend-based,2026-04-24
scope3-spend-naics525920-epa-scghg-v130,"Scope 3 Cat 1 Spend-Based — NAICS 525920 Trusts, Estates, and Agency Accounts",scope3-spend,3,1,naics-525920,0.218,kg CO2e / USD2022,,,,US-national,US-Federal,"{GHG-Protocol,SB-253}",AR5,1,0.0,EPA Supply Chain GHG Emission Factors v1.3.0,https://www.epa.gov/climateleadership/supply-chain-ghg-emission-factors-us-industry-and-commodities,2022,2024-01-01,2024-01-01,,,methodologies/scope-3-cat1-spend-based,2026-04-24
scope3-spend-naics525990-epa-scghg-v130,Scope 3 Cat 1 Spend-Based — NAICS 525990 Other Financial Vehicles,scope3-spend,3,1,naics-525990,0.218,kg CO2e / USD2022,,,,US-national,US-Federal,"{GHG-Protocol,SB-253}",AR5,1,0.0,EPA Supply Chain GHG Emission Factors v1.3.0,https://www.epa.gov/climateleadership/supply-chain-ghg-emission-factors-us-industry-and-commodities,2022,2024-01-01,2024-01-01,,,methodologies/scope-3-cat1-spend-based,2026-04-24
scope3-spend-naics531110-epa-scghg-v130,Scope 3 Cat 1 Spend-Based — NAICS 531110 Lessors of Residential Buildings and Dwellings,scope3-spend,3,1,naics-531110,0.033,kg CO2e / USD2022,,,,US-national,US-Federal,"{GHG-Protocol,SB-253}",AR5,1,0.0,EPA Supply Chain GHG Emission Factors v1.3.0,https://www.epa.gov/climateleadership/supply-chain-ghg-emission-factors-us-industry-and-commodities,2022,2024-01-01,2024-01-01,,,methodologies/scope-3-cat1-spend-based,2026-04-24
scope3-spend-naics531120-epa-scghg-v130,Scope 3 Cat 1 Spend-Based — NAICS 531120 Lessors of Nonresidential Buildings (excpet Miniwarehouses),scope3-spend,3,1,naics-531120,0.246,kg CO2e / USD2022,,,,US-national,US-Federal,"{GHG-Protocol,SB-253}",AR5,1,0.0,EPA Supply Chain GHG Emission Factors v1.3.0,https://www.epa.gov/climateleadership/supply-chain-ghg-emission-factors-us-industry-and-commodities,2022,2024-01-01,2024-01-01,,,methodologies/scope-3-cat1-spend-based,2026-04-24
scope3-spend-naics531130-epa-scghg-v130,Scope 3 Cat 1 Spend-Based — NAICS 531130 Lessors of Miniwarehouses and Self-Storage Units,scope3-spend,3,1,naics-531130,0.246,kg CO2e / USD2022,,,,US-national,US-Federal,"{GHG-Protocol,SB-253}",AR5,1,0.0,EPA Supply Chain GHG Emission Factors v1.3.0,https://www.epa.gov/climateleadership/supply-chain-ghg-emission-factors-us-industry-and-commodities,2022,2024-01-01,2024-01-01,,,methodologies/scope-3-cat1-spend-based,2026-04-24
scope3-spend-naics531190-epa-scghg-v130,Scope 3 Cat 1 Spend-Based — NAICS 531190 Lessors of Other Real Estate Property,scope3-spend,3,1,naics-531190,0.246,kg CO2e / USD2022,,,,US-national,US-Federal,"{GHG-Protocol,SB-253}",AR5,1,0.0,EPA Supply Chain GHG Emission Factors v1.3.0,https://www.epa.gov/climateleadership/supply-chain-ghg-emission-factors-us-industry-and-commodities,2022,2024-01-01,2024-01-01,,,methodologies/scope-3-cat1-spend-based,2026-04-24
scope3-spend-naics531210-epa-scghg-v130,Scope 3 Cat 1 Spend-Based — NAICS 531210 Offices of Real Estate Agents and Brokers,scope3-spend,3,1,naics-531210,0.246,kg CO2e / USD2022,,,,US-national,US-Federal,"{GHG-Protocol,SB-253}",AR5,1,0.0,EPA Supply Chain GHG Emission Factors v1.3.0,https://www.epa.gov/climateleadership/supply-chain-ghg-emission-factors-us-industry-and-commodities,2022,2024-01-01,2024-01-01,,,methodologies/scope-3-cat1-spend-based,2026-04-24
scope3-spend-naics531311-epa-scghg-v130,Scope 3 Cat 1 Spend-Based — NAICS 531311 Residential Property Managers,scope3-spend,3,1,naics-531311,0.246,kg CO2e / USD2022,,,,US-national,US-Federal,"{GHG-Protocol,SB-253}",AR5,1,0.0,EPA Supply Chain GHG Emission Factors v1.3.0,https://www.epa.gov/climateleadership/supply-chain-ghg-emission-factors-us-industry-and-commodities,2022,2024-01-01,2024-01-01,,,methodologies/scope-3-cat1-spend-based,2026-04-24
scope3-spend-naics531312-epa-scghg-v130,Scope 3 Cat 1 Spend-Based — NAICS 531312 Nonresidential Property Managers,scope3-spend,3,1,naics-531312,0.246,kg CO2e / USD2022,,,,US-national,US-Federal,"{GHG-Protocol,SB-253}",AR5,1,0.0,EPA Supply Chain GHG Emission Factors v1.3.0,https://www.epa.gov/climateleadership/supply-chain-ghg-emission-factors-us-industry-and-commodities,2022,2024-01-01,2024-01-01,,,methodologies/scope-3-cat1-spend-based,2026-04-24
scope3-spend-naics531320-epa-scghg-v130,Scope 3 Cat 1 Spend-Based — NAICS 531320 Offices of Real Estate Appraisers,scope3-spend,3,1,naics-531320,0.246,kg CO2e / USD2022,,,,US-national,US-Federal,"{GHG-Protocol,SB-253}",AR5,1,0.0,EPA Supply Chain GHG Emission Factors v1.3.0,https://www.epa.gov/climateleadership/supply-chain-ghg-emission-factors-us-industry-and-commodities,2022,2024-01-01,2024-01-01,,,methodologies/scope-3-cat1-spend-based,2026-04-24
scope3-spend-naics531390-epa-scghg-v130,Scope 3 Cat 1 Spend-Based — NAICS 531390 Other Activities Related to Real Estate,scope3-spend,3,1,naics-531390,0.246,kg CO2e / USD2022,,,,US-national,US-Federal,"{GHG-Protocol,SB-253}",AR5,1,0.0,EPA Supply Chain GHG Emission Factors v1.3.0,https://www.epa.gov/climateleadership/supply-chain-ghg-emission-factors-us-industry-and-commodities,2022,2024-01-01,2024-01-01,,,methodologies/scope-3-cat1-spend-based,2026-04-24
scope3-spend-naics532111-epa-scghg-v130,Scope 3 Cat 1 Spend-Based — NAICS 532111 Passenger Car Rental,scope3-spend,3,1,naics-532111,0.11,kg CO2e / USD2022,,,,US-national,US-Federal,"{GHG-Protocol,SB-253}",AR5,1,0.0,EPA Supply Chain GHG Emission Factors v1.3.0,https://www.epa.gov/climateleadership/supply-chain-ghg-emission-factors-us-industry-and-commodities,2022,2024-01-01,2024-01-01,,,methodologies/scope-3-cat1-spend-based,2026-04-24
scope3-spend-naics532112-epa-scghg-v130,Scope 3 Cat 1 Spend-Based — NAICS 532112 Passenger Car Leasing,scope3-spend,3,1,naics-532112,0.11,kg CO2e / USD2022,,,,US-national,US-Federal,"{GHG-Protocol,SB-253}",AR5,1,0.0,EPA Supply Chain GHG Emission Factors v1.3.0,https://www.epa.gov/climateleadership/supply-chain-ghg-emission-factors-us-industry-and-commodities,2022,2024-01-01,2024-01-01,,,methodologies/scope-3-cat1-spend-based,2026-04-24
scope3-spend-naics532120-epa-scghg-v130,"Scope 3 Cat 1 Spend-Based — NAICS 532120 Truck, Utility Trailer, and RV (Recreational Vehicle) Rental and Leasing",scope3-spend,3,1,naics-532120,0.11,kg CO2e / USD2022,,,,US-national,US-Federal,"{GHG-Protocol,SB-253}",AR5,1,0.0,EPA Supply Chain GHG Emission Factors v1.3.0,https://www.epa.gov/climateleadership/supply-chain-ghg-emission-factors-us-industry-and-commodities,2022,2024-01-01,2024-01-01,,,methodologies/scope-3-cat1-spend-based,2026-04-24
scope3-spend-naics532210-epa-scghg-v130,Scope 3 Cat 1 Spend-Based — NAICS 532210 Consumer Electronics and Appliances Rental,scope3-spend,3,1,naics-532210,0.102,kg CO2e / USD2022,,,,US-national,US-Federal,"{GHG-Protocol,SB-253}",AR5,1,0.0,EPA Supply Chain GHG Emission Factors v1.3.0,https://www.epa.gov/climateleadership/supply-chain-ghg-emission-factors-us-industry-and-commodities,2022,2024-01-01,2024-01-01,,,methodologies/scope-3-cat1-spend-based,2026-04-24
scope3-spend-naics532281-epa-scghg-v130,Scope 3 Cat 1 Spend-Based — NAICS 532281 Formal Wear and Costume Rental,scope3-spend,3,1,naics-532281,0.102,kg CO2e / USD2022,,,,US-national,US-Federal,"{GHG-Protocol,SB-253}",AR5,1,0.0,EPA Supply Chain GHG Emission Factors v1.3.0,https://www.epa.gov/climateleadership/supply-chain-ghg-emission-factors-us-industry-and-commodities,2022,2024-01-01,2024-01-01,,,methodologies/scope-3-cat1-spend-based,2026-04-24
scope3-spend-naics532282-epa-scghg-v130,Scope 3 Cat 1 Spend-Based — NAICS 532282 Video Tape and Disc Rental,scope3-spend,3,1,naics-532282,0.102,kg CO2e / USD2022,,,,US-national,US-Federal,"{GHG-Protocol,SB-253}",AR5,1,0.0,EPA Supply Chain GHG Emission Factors v1.3.0,https://www.epa.gov/climateleadership/supply-chain-ghg-emission-factors-us-industry-and-commodities,2022,2024-01-01,2024-01-01,,,methodologies/scope-3-cat1-spend-based,2026-04-24
scope3-spend-naics532283-epa-scghg-v130,Scope 3 Cat 1 Spend-Based — NAICS 532283 Home Health Equipment Rental,scope3-spend,3,1,naics-532283,0.102,kg CO2e / USD2022,,,,US-national,US-Federal,"{GHG-Protocol,SB-253}",AR5,1,0.0,EPA Supply Chain GHG Emission Factors v1.3.0,https://www.epa.gov/climateleadership/supply-chain-ghg-emission-factors-us-industry-and-commodities,2022,2024-01-01,2024-01-01,,,methodologies/scope-3-cat1-spend-based,2026-04-24
scope3-spend-naics532284-epa-scghg-v130,Scope 3 Cat 1 Spend-Based — NAICS 532284 Recreational Goods Rental,scope3-spend,3,1,naics-532284,0.102,kg CO2e / USD2022,,,,US-national,US-Federal,"{GHG-Protocol,SB-253}",AR5,1,0.0,EPA Supply Chain GHG Emission Factors v1.3.0,https://www.epa.gov/climateleadership/supply-chain-ghg-emission-factors-us-industry-and-commodities,2022,2024-01-01,2024-01-01,,,methodologies/scope-3-cat1-spend-based,2026-04-24
scope3-spend-naics532289-epa-scghg-v130,Scope 3 Cat 1 Spend-Based — NAICS 532289 All Other Consumer Goods Rental,scope3-spend,3,1,naics-532289,0.102,kg CO2e / USD2022,,,,US-national,US-Federal,"{GHG-Protocol,SB-253}",AR5,1,0.0,EPA Supply Chain GHG Emission Factors v1.3.0,https://www.epa.gov/climateleadership/supply-chain-ghg-emission-factors-us-industry-and-commodities,2022,2024-01-01,2024-01-01,,,methodologies/scope-3-cat1-spend-based,2026-04-24
scope3-spend-naics532310-epa-scghg-v130,Scope 3 Cat 1 Spend-Based — NAICS 532310 General Rental Centers,scope3-spend,3,1,naics-532310,0.102,kg CO2e / USD2022,,,,US-national,US-Federal,"{GHG-Protocol,SB-253}",AR5,1,0.0,EPA Supply Chain GHG Emission Factors v1.3.0,https://www.epa.gov/climateleadership/supply-chain-ghg-emission-factors-us-industry-and-commodities,2022,2024-01-01,2024-01-01,,,methodologies/scope-3-cat1-spend-based,2026-04-24
scope3-spend-naics532411-epa-scghg-v130,"Scope 3 Cat 1 Spend-Based — NAICS 532411 Commercial Air, Rail, and Water Transportation Equipment Rental and Leasing",scope3-spend,3,1,naics-532411,0.106,kg CO2e / USD2022,,,,US-national,US-Federal,"{GHG-Protocol,SB-253}",AR5,1,0.0,EPA Supply Chain GHG Emission Factors v1.3.0,https://www.epa.gov/climateleadership/supply-chain-ghg-emission-factors-us-industry-and-commodities,2022,2024-01-01,2024-01-01,,,methodologies/scope-3-cat1-spend-based,2026-04-24
scope3-spend-naics532412-epa-scghg-v130,"Scope 3 Cat 1 Spend-Based — NAICS 532412 Construction, Mining, and Forestry Machinery and Equipment Rental and Leasing",scope3-spend,3,1,naics-532412,0.106,kg CO2e / USD2022,,,,US-national,US-Federal,"{GHG-Protocol,SB-253}",AR5,1,0.0,EPA Supply Chain GHG Emission Factors v1.3.0,https://www.epa.gov/climateleadership/supply-chain-ghg-emission-factors-us-industry-and-commodities,2022,2024-01-01,2024-01-01,,,methodologies/scope-3-cat1-spend-based,2026-04-24
scope3-spend-naics532420-epa-scghg-v130,Scope 3 Cat 1 Spend-Based — NAICS 532420 Office Machinery and Equipment Rental and Leasing,scope3-spend,3,1,naics-532420,0.106,kg CO2e / USD2022,,,,US-national,US-Federal,"{GHG-Protocol,SB-253}",AR5,1,0.0,EPA Supply Chain GHG Emission Factors v1.3.0,https://www.epa.gov/climateleadership/supply-chain-ghg-emission-factors-us-industry-and-commodities,2022,2024-01-01,2024-01-01,,,methodologies/scope-3-cat1-spend-based,2026-04-24
scope3-spend-naics532490-epa-scghg-v130,Scope 3 Cat 1 Spend-Based — NAICS 532490 Other Commercial and Industrial Machinery and Equipment Rental and Leasing,scope3-spend,3,1,naics-532490,0.106,kg CO2e / USD2022,,,,US-national,US-Federal,"{GHG-Protocol,SB-253}",AR5,1,0.0,EPA Supply Chain GHG Emission Factors v1.3.0,https://www.epa.gov/climateleadership/supply-chain-ghg-emission-factors-us-industry-and-commodities,2022,2024-01-01,2024-01-01,,,methodologies/scope-3-cat1-spend-based,2026-04-24
scope3-spend-naics533110-epa-scghg-v130,Scope 3 Cat 1 Spend-Based — NAICS 533110 Lessors of Nonfinancial Intangible Assets (except Copyrighted Works),scope3-spend,3,1,naics-533110,0.052,kg CO2e / USD2022,,,,US-national,US-Federal,"{GHG-Protocol,SB-253}",AR5,1,0.0,EPA Supply Chain GHG Emission Factors v1.3.0,https://www.epa.gov/climateleadership/supply-chain-ghg-emission-factors-us-industry-and-commodities,2022,2024-01-01,2024-01-01,,,methodologies/scope-3-cat1-spend-based,2026-04-24
scope3-spend-naics541110-epa-scghg-v130,Scope 3 Cat 1 Spend-Based — NAICS 541110 Offices of Lawyers,scope3-spend,3,1,naics-541110,0.041,kg CO2e / USD2022,,,,US-national,US-Federal,"{GHG-Protocol,SB-253}",AR5,1,0.0,EPA Supply Chain GHG Emission Factors v1.3.0,https://www.epa.gov/climateleadership/supply-chain-ghg-emission-factors-us-industry-and-commodities,2022,2024-01-01,2024-01-01,,,methodologies/scope-3-cat1-spend-based,2026-04-24
scope3-spend-naics541120-epa-scghg-v130,Scope 3 Cat 1 Spend-Based — NAICS 541120 Offices of Notaries,scope3-spend,3,1,naics-541120,0.041,kg CO2e / USD2022,,,,US-national,US-Federal,"{GHG-Protocol,SB-253}",AR5,1,0.0,EPA Supply Chain GHG Emission Factors v1.3.0,https://www.epa.gov/climateleadership/supply-chain-ghg-emission-factors-us-industry-and-commodities,2022,2024-01-01,2024-01-01,,,methodologies/scope-3-cat1-spend-based,2026-04-24
scope3-spend-naics541191-epa-scghg-v130,Scope 3 Cat 1 Spend-Based — NAICS 541191 Title Abstract and Settlement Offices,scope3-spend,3,1,naics-541191,0.041,kg CO2e / USD2022,,,,US-national,US-Federal,"{GHG-Protocol,SB-253}",AR5,1,0.0,EPA Supply Chain GHG Emission Factors v1.3.0,https://www.epa.gov/climateleadership/supply-chain-ghg-emission-factors-us-industry-and-commodities,2022,2024-01-01,2024-01-01,,,methodologies/scope-3-cat1-spend-based,2026-04-24
scope3-spend-naics541199-epa-scghg-v130,Scope 3 Cat 1 Spend-Based — NAICS 541199 All Other Legal Services,scope3-spend,3,1,naics-541199,0.041,kg CO2e / USD2022,,,,US-national,US-Federal,"{GHG-Protocol,SB-253}",AR5,1,0.0,EPA Supply Chain GHG Emission Factors v1.3.0,https://www.epa.gov/climateleadership/supply-chain-ghg-emission-factors-us-industry-and-commodities,2022,2024-01-01,2024-01-01,,,methodologies/scope-3-cat1-spend-based,2026-04-24
scope3-spend-naics541211-epa-scghg-v130,Scope 3 Cat 1 Spend-Based — NAICS 541211 Offices of Certified Public Accountants,scope3-spend,3,1,naics-541211,0.054,kg CO2e / USD2022,,,,US-national,US-Federal,"{GHG-Protocol,SB-253}",AR5,1,0.0,EPA Supply Chain GHG Emission Factors v1.3.0,https://www.epa.gov/climateleadership/supply-chain-ghg-emission-factors-us-industry-and-commodities,2022,2024-01-01,2024-01-01,,,methodologies/scope-3-cat1-spend-based,2026-04-24
scope3-spend-naics541213-epa-scghg-v130,Scope 3 Cat 1 Spend-Based — NAICS 541213 Tax Preparation Services,scope3-spend,3,1,naics-541213,0.054,kg CO2e / USD2022,,,,US-national,US-Federal,"{GHG-Protocol,SB-253}",AR5,1,0.0,EPA Supply Chain GHG Emission Factors v1.3.0,https://www.epa.gov/climateleadership/supply-chain-ghg-emission-factors-us-industry-and-commodities,2022,2024-01-01,2024-01-01,,,methodologies/scope-3-cat1-spend-based,2026-04-24
scope3-spend-naics541214-epa-scghg-v130,Scope 3 Cat 1 Spend-Based — NAICS 541214 Payroll Services,scope3-spend,3,1,naics-541214,0.054,kg CO2e / USD2022,,,,US-national,US-Federal,"{GHG-Protocol,SB-253}",AR5,1,0.0,EPA Supply Chain GHG Emission Factors v1.3.0,https://www.epa.gov/climateleadership/supply-chain-ghg-emission-factors-us-industry-and-commodities,2022,2024-01-01,2024-01-01,,,methodologies/scope-3-cat1-spend-based,2026-04-24
scope3-spend-naics541219-epa-scghg-v130,Scope 3 Cat 1 Spend-Based — NAICS 541219 Other Accounting Services,scope3-spend,3,1,naics-541219,0.054,kg CO2e / USD2022,,,,US-national,US-Federal,"{GHG-Protocol,SB-253}",AR5,1,0.0,EPA Supply Chain GHG Emission Factors v1.3.0,https://www.epa.gov/climateleadership/supply-chain-ghg-emission-factors-us-industry-and-commodities,2022,2024-01-01,2024-01-01,,,methodologies/scope-3-cat1-spend-based,2026-04-24
scope3-spend-naics541310-epa-scghg-v130,Scope 3 Cat 1 Spend-Based — NAICS 541310 Architectural Services,scope3-spend,3,1,naics-541310,0.103,kg CO2e / USD2022,,,,US-national,US-Federal,"{GHG-Protocol,SB-253}",AR5,1,0.0,EPA Supply Chain GHG Emission Factors v1.3.0,https://www.epa.gov/climateleadership/supply-chain-ghg-emission-factors-us-industry-and-commodities,2022,2024-01-01,2024-01-01,,,methodologies/scope-3-cat1-spend-based,2026-04-24
scope3-spend-naics541320-epa-scghg-v130,Scope 3 Cat 1 Spend-Based — NAICS 541320 Landscape Architectural Services,scope3-spend,3,1,naics-541320,0.103,kg CO2e / USD2022,,,,US-national,US-Federal,"{GHG-Protocol,SB-253}",AR5,1,0.0,EPA Supply Chain GHG Emission Factors v1.3.0,https://www.epa.gov/climateleadership/supply-chain-ghg-emission-factors-us-industry-and-commodities,2022,2024-01-01,2024-01-01,,,methodologies/scope-3-cat1-spend-based,2026-04-24
scope3-spend-naics541330-epa-scghg-v130,Scope 3 Cat 1 Spend-Based — NAICS 541330 Engineering Services,scope3-spend,3,1,naics-541330,0.103,kg CO2e / USD2022,,,,US-national,US-Federal,"{GHG-Protocol,SB-253}",AR5,1,0.0,EPA Supply Chain GHG Emission Factors v1.3.0,https://www.epa.gov/climateleadership/supply-chain-ghg-emission-factors-us-industry-and-commodities,2022,2024-01-01,2024-01-01,,,methodologies/scope-3-cat1-spend-based,2026-04-24
scope3-spend-naics541340-epa-scghg-v130,Scope 3 Cat 1 Spend-Based — NAICS 541340 Drafting Services,scope3-spend,3,1,naics-541340,0.103,kg CO2e / USD2022,,,,US-national,US-Federal,"{GHG-Protocol,SB-253}",AR5,1,0.0,EPA Supply Chain GHG Emission Factors v1.3.0,https://www.epa.gov/climateleadership/supply-chain-ghg-emission-factors-us-industry-and-commodities,2022,2024-01-01,2024-01-01,,,methodologies/scope-3-cat1-spend-based,2026-04-24
scope3-spend-naics541350-epa-scghg-v130,Scope 3 Cat 1 Spend-Based — NAICS 541350 Building Inspection Services,scope3-spend,3,1,naics-541350,0.103,kg CO2e / USD2022,,,,US-national,US-Federal,"{GHG-Protocol,SB-253}",AR5,1,0.0,EPA Supply Chain GHG Emission Factors v1.3.0,https://www.epa.gov/climateleadership/supply-chain-ghg-emission-factors-us-industry-and-commodities,2022,2024-01-01,2024-01-01,,,methodologies/scope-3-cat1-spend-based,2026-04-24
scope3-spend-naics541360-epa-scghg-v130,Scope 3 Cat 1 Spend-Based — NAICS 541360 Geophysical Surveying and Mapping Services,scope3-spend,3,1,naics-541360,0.103,kg CO2e / USD2022,,,,US-national,US-Federal,"{GHG-Protocol,SB-253}",AR5,1,0.0,EPA Supply Chain GHG Emission Factors v1.3.0,https://www.epa.gov/climateleadership/supply-chain-ghg-emission-factors-us-industry-and-commodities,2022,2024-01-01,2024-01-01,,,methodologies/scope-3-cat1-spend-based,2026-04-24
scope3-spend-naics541370-epa-scghg-v130,Scope 3 Cat 1 Spend-Based — NAICS 541370 Surveying and Mapping (except Geophysical) Services,scope3-spend,3,1,naics-541370,0.103,kg CO2e / USD2022,,,,US-national,US-Federal,"{GHG-Protocol,SB-253}",AR5,1,0.0,EPA Supply Chain GHG Emission Factors v1.3.0,https://www.epa.gov/climateleadership/supply-chain-ghg-emission-factors-us-industry-and-commodities,2022,2024-01-01,2024-01-01,,,methodologies/scope-3-cat1-spend-based,2026-04-24
scope3-spend-naics541380-epa-scghg-v130,Scope 3 Cat 1 Spend-Based — NAICS 541380 Testing Laboratories,scope3-spend,3,1,naics-541380,0.103,kg CO2e / USD2022,,,,US-national,US-Federal,"{GHG-Protocol,SB-253}",AR5,1,0.0,EPA Supply Chain GHG Emission Factors v1.3.0,https://www.epa.gov/climateleadership/supply-chain-ghg-emission-factors-us-industry-and-commodities,2022,2024-01-01,2024-01-01,,,methodologies/scope-3-cat1-spend-based,2026-04-24
scope3-spend-naics541410-epa-scghg-v130,Scope 3 Cat 1 Spend-Based — NAICS 541410 Interior Design Services,scope3-spend,3,1,naics-541410,0.094,kg CO2e / USD2022,,,,US-national,US-Federal,"{GHG-Protocol,SB-253}",AR5,1,0.0,EPA Supply Chain GHG Emission Factors v1.3.0,https://www.epa.gov/climateleadership/supply-chain-ghg-emission-factors-us-industry-and-commodities,2022,2024-01-01,2024-01-01,,,methodologies/scope-3-cat1-spend-based,2026-04-24
scope3-spend-naics541420-epa-scghg-v130,Scope 3 Cat 1 Spend-Based — NAICS 541420 Industrial Design Services,scope3-spend,3,1,naics-541420,0.094,kg CO2e / USD2022,,,,US-national,US-Federal,"{GHG-Protocol,SB-253}",AR5,1,0.0,EPA Supply Chain GHG Emission Factors v1.3.0,https://www.epa.gov/climateleadership/supply-chain-ghg-emission-factors-us-industry-and-commodities,2022,2024-01-01,2024-01-01,,,methodologies/scope-3-cat1-spend-based,2026-04-24
scope3-spend-naics541430-epa-scghg-v130,Scope 3 Cat 1 Spend-Based — NAICS 541430 Graphic Design Services,scope3-spend,3,1,naics-541430,0.094,kg CO2e / USD2022,,,,US-national,US-Federal,"{GHG-Protocol,SB-253}",AR5,1,0.0,EPA Supply Chain GHG Emission Factors v1.3.0,https://www.epa.gov/climateleadership/supply-chain-ghg-emission-factors-us-industry-and-commodities,2022,2024-01-01,2024-01-01,,,methodologies/scope-3-cat1-spend-based,2026-04-24
scope3-spend-naics541490-epa-scghg-v130,Scope 3 Cat 1 Spend-Based — NAICS 541490 Other Specialized Design Services,scope3-spend,3,1,naics-541490,0.094,kg CO2e / USD2022,,,,US-national,US-Federal,"{GHG-Protocol,SB-253}",AR5,1,0.0,EPA Supply Chain GHG Emission Factors v1.3.0,https://www.epa.gov/climateleadership/supply-chain-ghg-emission-factors-us-industry-and-commodities,2022,2024-01-01,2024-01-01,,,methodologies/scope-3-cat1-spend-based,2026-04-24
scope3-spend-naics541511-epa-scghg-v130,Scope 3 Cat 1 Spend-Based — NAICS 541511 Custom Computer Programming Services,scope3-spend,3,1,naics-541511,0.084,kg CO2e / USD2022,,,,US-national,US-Federal,"{GHG-Protocol,SB-253}",AR5,1,0.0,EPA Supply Chain GHG Emission Factors v1.3.0,https://www.epa.gov/climateleadership/supply-chain-ghg-emission-factors-us-industry-and-commodities,2022,2024-01-01,2024-01-01,,,methodologies/scope-3-cat1-spend-based,2026-04-24
scope3-spend-naics541512-epa-scghg-v130,Scope 3 Cat 1 Spend-Based — NAICS 541512 Computer Systems Design Services,scope3-spend,3,1,naics-541512,0.089,kg CO2e / USD2022,,,,US-national,US-Federal,"{GHG-Protocol,SB-253}",AR5,1,0.0,EPA Supply Chain GHG Emission Factors v1.3.0,https://www.epa.gov/climateleadership/supply-chain-ghg-emission-factors-us-industry-and-commodities,2022,2024-01-01,2024-01-01,,,methodologies/scope-3-cat1-spend-based,2026-04-24
scope3-spend-naics541513-epa-scghg-v130,Scope 3 Cat 1 Spend-Based — NAICS 541513 Computer Facilities Management Services,scope3-spend,3,1,naics-541513,0.08,kg CO2e / USD2022,,,,US-national,US-Federal,"{GHG-Protocol,SB-253}",AR5,1,0.0,EPA Supply Chain GHG Emission Factors v1.3.0,https://www.epa.gov/climateleadership/supply-chain-ghg-emission-factors-us-industry-and-commodities,2022,2024-01-01,2024-01-01,,,methodologies/scope-3-cat1-spend-based,2026-04-24
scope3-spend-naics541519-epa-scghg-v130,Scope 3 Cat 1 Spend-Based — NAICS 541519 Other Computer Related Services,scope3-spend,3,1,naics-541519,0.08,kg CO2e / USD2022,,,,US-national,US-Federal,"{GHG-Protocol,SB-253}",AR5,1,0.0,EPA Supply Chain GHG Emission Factors v1.3.0,https://www.epa.gov/climateleadership/supply-chain-ghg-emission-factors-us-industry-and-commodities,2022,2024-01-01,2024-01-01,,,methodologies/scope-3-cat1-spend-based,2026-04-24
scope3-spend-naics541611-epa-scghg-v130,Scope 3 Cat 1 Spend-Based — NAICS 541611 Administrative Management and General Management Consulting Services,scope3-spend,3,1,naics-541611,0.078,kg CO2e / USD2022,,,,US-national,US-Federal,"{GHG-Protocol,SB-253}",AR5,1,0.0,EPA Supply Chain GHG Emission Factors v1.3.0,https://www.epa.gov/climateleadership/supply-chain-ghg-emission-factors-us-industry-and-commodities,2022,2024-01-01,2024-01-01,,,methodologies/scope-3-cat1-spend-based,2026-04-24
scope3-spend-naics541612-epa-scghg-v130,Scope 3 Cat 1 Spend-Based — NAICS 541612 Human Resources Consulting Services,scope3-spend,3,1,naics-541612,0.078,kg CO2e / USD2022,,,,US-national,US-Federal,"{GHG-Protocol,SB-253}",AR5,1,0.0,EPA Supply Chain GHG Emission Factors v1.3.0,https://www.epa.gov/climateleadership/supply-chain-ghg-emission-factors-us-industry-and-commodities,2022,2024-01-01,2024-01-01,,,methodologies/scope-3-cat1-spend-based,2026-04-24
scope3-spend-naics541613-epa-scghg-v130,Scope 3 Cat 1 Spend-Based — NAICS 541613 Marketing Consulting Services,scope3-spend,3,1,naics-541613,0.078,kg CO2e / USD2022,,,,US-national,US-Federal,"{GHG-Protocol,SB-253}",AR5,1,0.0,EPA Supply Chain GHG Emission Factors v1.3.0,https://www.epa.gov/climateleadership/supply-chain-ghg-emission-factors-us-industry-and-commodities,2022,2024-01-01,2024-01-01,,,methodologies/scope-3-cat1-spend-based,2026-04-24
scope3-spend-naics541614-epa-scghg-v130,"Scope 3 Cat 1 Spend-Based — NAICS 541614 Process, Physical Distribution, and Logistics Consulting Services",scope3-spend,3,1,naics-541614,0.078,kg CO2e / USD2022,,,,US-national,US-Federal,"{GHG-Protocol,SB-253}",AR5,1,0.0,EPA Supply Chain GHG Emission Factors v1.3.0,https://www.epa.gov/climateleadership/supply-chain-ghg-emission-factors-us-industry-and-commodities,2022,2024-01-01,2024-01-01,,,methodologies/scope-3-cat1-spend-based,2026-04-24
scope3-spend-naics541618-epa-scghg-v130,Scope 3 Cat 1 Spend-Based — NAICS 541618 Other Management Consulting Services,scope3-spend,3,1,naics-541618,0.078,kg CO2e / USD2022,,,,US-national,US-Federal,"{GHG-Protocol,SB-253}",AR5,1,0.0,EPA Supply Chain GHG Emission Factors v1.3.0,https://www.epa.gov/climateleadership/supply-chain-ghg-emission-factors-us-industry-and-commodities,2022,2024-01-01,2024-01-01,,,methodologies/scope-3-cat1-spend-based,2026-04-24
scope3-spend-naics541620-epa-scghg-v130,Scope 3 Cat 1 Spend-Based — NAICS 541620 Environmental Consulting Services,scope3-spend,3,1,naics-541620,0.09,kg CO2e / USD2022,,,,US-national,US-Federal,"{GHG-Protocol,SB-253}",AR5,1,0.0,EPA Supply Chain GHG Emission Factors v1.3.0,https://www.epa.gov/climateleadership/supply-chain-ghg-emission-factors-us-industry-and-commodities,2022,2024-01-01,2024-01-01,,,methodologies/scope-3-cat1-spend-based,2026-04-24
scope3-spend-naics541690-epa-scghg-v130,Scope 3 Cat 1 Spend-Based — NAICS 541690 Other Scientific and Technical Consulting Services,scope3-spend,3,1,naics-541690,0.09,kg CO2e / USD2022,,,,US-national,US-Federal,"{GHG-Protocol,SB-253}",AR5,1,0.0,EPA Supply Chain GHG Emission Factors v1.3.0,https://www.epa.gov/climateleadership/supply-chain-ghg-emission-factors-us-industry-and-commodities,2022,2024-01-01,2024-01-01,,,methodologies/scope-3-cat1-spend-based,2026-04-24
scope3-spend-naics541713-epa-scghg-v130,Scope 3 Cat 1 Spend-Based — NAICS 541713 Research and Development in Nanotechnology,scope3-spend,3,1,naics-541713,0.156,kg CO2e / USD2022,,,,US-national,US-Federal,"{GHG-Protocol,SB-253}",AR5,1,0.0,EPA Supply Chain GHG Emission Factors v1.3.0,https://www.epa.gov/climateleadership/supply-chain-ghg-emission-factors-us-industry-and-commodities,2022,2024-01-01,2024-01-01,,,methodologies/scope-3-cat1-spend-based,2026-04-24
scope3-spend-naics541714-epa-scghg-v130,Scope 3 Cat 1 Spend-Based — NAICS 541714 Research and Development in Biotechnology (except Nanobiotechnology),scope3-spend,3,1,naics-541714,0.156,kg CO2e / USD2022,,,,US-national,US-Federal,"{GHG-Protocol,SB-253}",AR5,1,0.0,EPA Supply Chain GHG Emission Factors v1.3.0,https://www.epa.gov/climateleadership/supply-chain-ghg-emission-factors-us-industry-and-commodities,2022,2024-01-01,2024-01-01,,,methodologies/scope-3-cat1-spend-based,2026-04-24
scope3-spend-naics541715-epa-scghg-v130,"Scope 3 Cat 1 Spend-Based — NAICS 541715 Research and Development in the Physical, Engineering, and Life Sciences (except Nanotechnology and Biotechnology)",scope3-spend,3,1,naics-541715,0.156,kg CO2e / USD2022,,,,US-national,US-Federal,"{GHG-Protocol,SB-253}",AR5,1,0.0,EPA Supply Chain GHG Emission Factors v1.3.0,https://www.epa.gov/climateleadership/supply-chain-ghg-emission-factors-us-industry-and-commodities,2022,2024-01-01,2024-01-01,,,methodologies/scope-3-cat1-spend-based,2026-04-24
scope3-spend-naics541720-epa-scghg-v130,Scope 3 Cat 1 Spend-Based — NAICS 541720 Research and Development in the Social Sciences and Humanities,scope3-spend,3,1,naics-541720,0.156,kg CO2e / USD2022,,,,US-national,US-Federal,"{GHG-Protocol,SB-253}",AR5,1,0.0,EPA Supply Chain GHG Emission Factors v1.3.0,https://www.epa.gov/climateleadership/supply-chain-ghg-emission-factors-us-industry-and-commodities,2022,2024-01-01,2024-01-01,,,methodologies/scope-3-cat1-spend-based,2026-04-24
scope3-spend-naics541810-epa-scghg-v130,Scope 3 Cat 1 Spend-Based — NAICS 541810 Advertising Agencies,scope3-spend,3,1,naics-541810,0.085,kg CO2e / USD2022,,,,US-national,US-Federal,"{GHG-Protocol,SB-253}",AR5,1,0.0,EPA Supply Chain GHG Emission Factors v1.3.0,https://www.epa.gov/climateleadership/supply-chain-ghg-emission-factors-us-industry-and-commodities,2022,2024-01-01,2024-01-01,,,methodologies/scope-3-cat1-spend-based,2026-04-24
scope3-spend-naics541820-epa-scghg-v130,Scope 3 Cat 1 Spend-Based — NAICS 541820 Public Relations Agencies,scope3-spend,3,1,naics-541820,0.085,kg CO2e / USD2022,,,,US-national,US-Federal,"{GHG-Protocol,SB-253}",AR5,1,0.0,EPA Supply Chain GHG Emission Factors v1.3.0,https://www.epa.gov/climateleadership/supply-chain-ghg-emission-factors-us-industry-and-commodities,2022,2024-01-01,2024-01-01,,,methodologies/scope-3-cat1-spend-based,2026-04-24
scope3-spend-naics541830-epa-scghg-v130,Scope 3 Cat 1 Spend-Based — NAICS 541830 Media Buying Agencies,scope3-spend,3,1,naics-541830,0.085,kg CO2e / USD2022,,,,US-national,US-Federal,"{GHG-Protocol,SB-253}",AR5,1,0.0,EPA Supply Chain GHG Emission Factors v1.3.0,https://www.epa.gov/climateleadership/supply-chain-ghg-emission-factors-us-industry-and-commodities,2022,2024-01-01,2024-01-01,,,methodologies/scope-3-cat1-spend-based,2026-04-24
scope3-spend-naics541840-epa-scghg-v130,Scope 3 Cat 1 Spend-Based — NAICS 541840 Media Representatives,scope3-spend,3,1,naics-541840,0.085,kg CO2e / USD2022,,,,US-national,US-Federal,"{GHG-Protocol,SB-253}",AR5,1,0.0,EPA Supply Chain GHG Emission Factors v1.3.0,https://www.epa.gov/climateleadership/supply-chain-ghg-emission-factors-us-industry-and-commodities,2022,2024-01-01,2024-01-01,,,methodologies/scope-3-cat1-spend-based,2026-04-24
scope3-spend-naics541850-epa-scghg-v130,Scope 3 Cat 1 Spend-Based — NAICS 541850 Outdoor Advertising,scope3-spend,3,1,naics-541850,0.085,kg CO2e / USD2022,,,,US-national,US-Federal,"{GHG-Protocol,SB-253}",AR5,1,0.0,EPA Supply Chain GHG Emission Factors v1.3.0,https://www.epa.gov/climateleadership/supply-chain-ghg-emission-factors-us-industry-and-commodities,2022,2024-01-01,2024-01-01,,,methodologies/scope-3-cat1-spend-based,2026-04-24
scope3-spend-naics541860-epa-scghg-v130,Scope 3 Cat 1 Spend-Based — NAICS 541860 Direct Mail Advertising,scope3-spend,3,1,naics-541860,0.085,kg CO2e / USD2022,,,,US-national,US-Federal,"{GHG-Protocol,SB-253}",AR5,1,0.0,EPA Supply Chain GHG Emission Factors v1.3.0,https://www.epa.gov/climateleadership/supply-chain-ghg-emission-factors-us-industry-and-commodities,2022,2024-01-01,2024-01-01,,,methodologies/scope-3-cat1-spend-based,2026-04-24
scope3-spend-naics541870-epa-scghg-v130,Scope 3 Cat 1 Spend-Based — NAICS 541870 Advertising Material Distribution Services,scope3-spend,3,1,naics-541870,0.085,kg CO2e / USD2022,,,,US-national,US-Federal,"{GHG-Protocol,SB-253}",AR5,1,0.0,EPA Supply Chain GHG Emission Factors v1.3.0,https://www.epa.gov/climateleadership/supply-chain-ghg-emission-factors-us-industry-and-commodities,2022,2024-01-01,2024-01-01,,,methodologies/scope-3-cat1-spend-based,2026-04-24
scope3-spend-naics541890-epa-scghg-v130,Scope 3 Cat 1 Spend-Based — NAICS 541890 Other Services Related to Advertising,scope3-spend,3,1,naics-541890,0.085,kg CO2e / USD2022,,,,US-national,US-Federal,"{GHG-Protocol,SB-253}",AR5,1,0.0,EPA Supply Chain GHG Emission Factors v1.3.0,https://www.epa.gov/climateleadership/supply-chain-ghg-emission-factors-us-industry-and-commodities,2022,2024-01-01,2024-01-01,,,methodologies/scope-3-cat1-spend-based,2026-04-24
scope3-spend-naics541910-epa-scghg-v130,Scope 3 Cat 1 Spend-Based — NAICS 541910 Marketing Research and Public Opinion Polling,scope3-spend,3,1,naics-541910,0.08,kg CO2e / USD2022,,,,US-national,US-Federal,"{GHG-Protocol,SB-253}",AR5,1,0.0,EPA Supply Chain GHG Emission Factors v1.3.0,https://www.epa.gov/climateleadership/supply-chain-ghg-emission-factors-us-industry-and-commodities,2022,2024-01-01,2024-01-01,,,methodologies/scope-3-cat1-spend-based,2026-04-24
scope3-spend-naics541921-epa-scghg-v130,"Scope 3 Cat 1 Spend-Based — NAICS 541921 Photography Studios, Portrait",scope3-spend,3,1,naics-541921,0.125,kg CO2e / USD2022,,,,US-national,US-Federal,"{GHG-Protocol,SB-253}",AR5,1,0.0,EPA Supply Chain GHG Emission Factors v1.3.0,https://www.epa.gov/climateleadership/supply-chain-ghg-emission-factors-us-industry-and-commodities,2022,2024-01-01,2024-01-01,,,methodologies/scope-3-cat1-spend-based,2026-04-24
scope3-spend-naics541922-epa-scghg-v130,Scope 3 Cat 1 Spend-Based — NAICS 541922 Commercial Photography,scope3-spend,3,1,naics-541922,0.125,kg CO2e / USD2022,,,,US-national,US-Federal,"{GHG-Protocol,SB-253}",AR5,1,0.0,EPA Supply Chain GHG Emission Factors v1.3.0,https://www.epa.gov/climateleadership/supply-chain-ghg-emission-factors-us-industry-and-commodities,2022,2024-01-01,2024-01-01,,,methodologies/scope-3-cat1-spend-based,2026-04-24
scope3-spend-naics541930-epa-scghg-v130,Scope 3 Cat 1 Spend-Based — NAICS 541930 Translation and Interpretation Services,scope3-spend,3,1,naics-541930,0.08,kg CO2e / USD2022,,,,US-national,US-Federal,"{GHG-Protocol,SB-253}",AR5,1,0.0,EPA Supply Chain GHG Emission Factors v1.3.0,https://www.epa.gov/climateleadership/supply-chain-ghg-emission-factors-us-industry-and-commodities,2022,2024-01-01,2024-01-01,,,methodologies/scope-3-cat1-spend-based,2026-04-24
scope3-spend-naics541940-epa-scghg-v130,Scope 3 Cat 1 Spend-Based — NAICS 541940 Veterinary Services,scope3-spend,3,1,naics-541940,0.127,kg CO2e / USD2022,,,,US-national,US-Federal,"{GHG-Protocol,SB-253}",AR5,1,0.0,EPA Supply Chain GHG Emission Factors v1.3.0,https://www.epa.gov/climateleadership/supply-chain-ghg-emission-factors-us-industry-and-commodities,2022,2024-01-01,2024-01-01,,,methodologies/scope-3-cat1-spend-based,2026-04-24
scope3-spend-naics541990-epa-scghg-v130,"Scope 3 Cat 1 Spend-Based — NAICS 541990 All Other Professional, Scientific, and Technical Services",scope3-spend,3,1,naics-541990,0.08,kg CO2e / USD2022,,,,US-national,US-Federal,"{GHG-Protocol,SB-253}",AR5,1,0.0,EPA Supply Chain GHG Emission Factors v1.3.0,https://www.epa.gov/climateleadership/supply-chain-ghg-emission-factors-us-industry-and-commodities,2022,2024-01-01,2024-01-01,,,methodologies/scope-3-cat1-spend-based,2026-04-24
scope3-spend-naics551111-epa-scghg-v130,Scope 3 Cat 1 Spend-Based — NAICS 551111 Offices of Bank Holding Companies,scope3-spend,3,1,naics-551111,0.084,kg CO2e / USD2022,,,,US-national,US-Federal,"{GHG-Protocol,SB-253}",AR5,1,0.0,EPA Supply Chain GHG Emission Factors v1.3.0,https://www.epa.gov/climateleadership/supply-chain-ghg-emission-factors-us-industry-and-commodities,2022,2024-01-01,2024-01-01,,,methodologies/scope-3-cat1-spend-based,2026-04-24
scope3-spend-naics551112-epa-scghg-v130,Scope 3 Cat 1 Spend-Based — NAICS 551112 Offices of Other Holding Companies,scope3-spend,3,1,naics-551112,0.084,kg CO2e / USD2022,,,,US-national,US-Federal,"{GHG-Protocol,SB-253}",AR5,1,0.0,EPA Supply Chain GHG Emission Factors v1.3.0,https://www.epa.gov/climateleadership/supply-chain-ghg-emission-factors-us-industry-and-commodities,2022,2024-01-01,2024-01-01,,,methodologies/scope-3-cat1-spend-based,2026-04-24
scope3-spend-naics551114-epa-scghg-v130,"Scope 3 Cat 1 Spend-Based — NAICS 551114 Corporate, Subsidiary, and Regional Managing Offices",scope3-spend,3,1,naics-551114,0.084,kg CO2e / USD2022,,,,US-national,US-Federal,"{GHG-Protocol,SB-253}",AR5,1,0.0,EPA Supply Chain GHG Emission Factors v1.3.0,https://www.epa.gov/climateleadership/supply-chain-ghg-emission-factors-us-industry-and-commodities,2022,2024-01-01,2024-01-01,,,methodologies/scope-3-cat1-spend-based,2026-04-24
scope3-spend-naics561110-epa-scghg-v130,Scope 3 Cat 1 Spend-Based — NAICS 561110 Office Administrative Services,scope3-spend,3,1,naics-561110,0.1,kg CO2e / USD2022,,,,US-national,US-Federal,"{GHG-Protocol,SB-253}",AR5,1,0.0,EPA Supply Chain GHG Emission Factors v1.3.0,https://www.epa.gov/climateleadership/supply-chain-ghg-emission-factors-us-industry-and-commodities,2022,2024-01-01,2024-01-01,,,methodologies/scope-3-cat1-spend-based,2026-04-24
scope3-spend-naics561210-epa-scghg-v130,Scope 3 Cat 1 Spend-Based — NAICS 561210 Facilities Support Services,scope3-spend,3,1,naics-561210,0.199,kg CO2e / USD2022,,,,US-national,US-Federal,"{GHG-Protocol,SB-253}",AR5,1,0.0,EPA Supply Chain GHG Emission Factors v1.3.0,https://www.epa.gov/climateleadership/supply-chain-ghg-emission-factors-us-industry-and-commodities,2022,2024-01-01,2024-01-01,,,methodologies/scope-3-cat1-spend-based,2026-04-24
scope3-spend-naics561311-epa-scghg-v130,Scope 3 Cat 1 Spend-Based — NAICS 561311 Employment Placement Agencies,scope3-spend,3,1,naics-561311,0.051,kg CO2e / USD2022,,,,US-national,US-Federal,"{GHG-Protocol,SB-253}",AR5,1,0.0,EPA Supply Chain GHG Emission Factors v1.3.0,https://www.epa.gov/climateleadership/supply-chain-ghg-emission-factors-us-industry-and-commodities,2022,2024-01-01,2024-01-01,,,methodologies/scope-3-cat1-spend-based,2026-04-24
scope3-spend-naics561312-epa-scghg-v130,Scope 3 Cat 1 Spend-Based — NAICS 561312 Executive Search Services,scope3-spend,3,1,naics-561312,0.051,kg CO2e / USD2022,,,,US-national,US-Federal,"{GHG-Protocol,SB-253}",AR5,1,0.0,EPA Supply Chain GHG Emission Factors v1.3.0,https://www.epa.gov/climateleadership/supply-chain-ghg-emission-factors-us-industry-and-commodities,2022,2024-01-01,2024-01-01,,,methodologies/scope-3-cat1-spend-based,2026-04-24
scope3-spend-naics561320-epa-scghg-v130,Scope 3 Cat 1 Spend-Based — NAICS 561320 Temporary Help Services,scope3-spend,3,1,naics-561320,0.051,kg CO2e / USD2022,,,,US-national,US-Federal,"{GHG-Protocol,SB-253}",AR5,1,0.0,EPA Supply Chain GHG Emission Factors v1.3.0,https://www.epa.gov/climateleadership/supply-chain-ghg-emission-factors-us-industry-and-commodities,2022,2024-01-01,2024-01-01,,,methodologies/scope-3-cat1-spend-based,2026-04-24
scope3-spend-naics561330-epa-scghg-v130,Scope 3 Cat 1 Spend-Based — NAICS 561330 Professional Employer Organizations,scope3-spend,3,1,naics-561330,0.051,kg CO2e / USD2022,,,,US-national,US-Federal,"{GHG-Protocol,SB-253}",AR5,1,0.0,EPA Supply Chain GHG Emission Factors v1.3.0,https://www.epa.gov/climateleadership/supply-chain-ghg-emission-factors-us-industry-and-commodities,2022,2024-01-01,2024-01-01,,,methodologies/scope-3-cat1-spend-based,2026-04-24
scope3-spend-naics561410-epa-scghg-v130,Scope 3 Cat 1 Spend-Based — NAICS 561410 Document Preparation Services,scope3-spend,3,1,naics-561410,0.111,kg CO2e / USD2022,,,,US-national,US-Federal,"{GHG-Protocol,SB-253}",AR5,1,0.0,EPA Supply Chain GHG Emission Factors v1.3.0,https://www.epa.gov/climateleadership/supply-chain-ghg-emission-factors-us-industry-and-commodities,2022,2024-01-01,2024-01-01,,,methodologies/scope-3-cat1-spend-based,2026-04-24
scope3-spend-naics561421-epa-scghg-v130,Scope 3 Cat 1 Spend-Based — NAICS 561421 Telephone Answering Services,scope3-spend,3,1,naics-561421,0.111,kg CO2e / USD2022,,,,US-national,US-Federal,"{GHG-Protocol,SB-253}",AR5,1,0.0,EPA Supply Chain GHG Emission Factors v1.3.0,https://www.epa.gov/climateleadership/supply-chain-ghg-emission-factors-us-industry-and-commodities,2022,2024-01-01,2024-01-01,,,methodologies/scope-3-cat1-spend-based,2026-04-24
scope3-spend-naics561422-epa-scghg-v130,Scope 3 Cat 1 Spend-Based — NAICS 561422 Telemarketing Bureaus and Other Contact Centers,scope3-spend,3,1,naics-561422,0.111,kg CO2e / USD2022,,,,US-national,US-Federal,"{GHG-Protocol,SB-253}",AR5,1,0.0,EPA Supply Chain GHG Emission Factors v1.3.0,https://www.epa.gov/climateleadership/supply-chain-ghg-emission-factors-us-industry-and-commodities,2022,2024-01-01,2024-01-01,,,methodologies/scope-3-cat1-spend-based,2026-04-24
scope3-spend-naics561431-epa-scghg-v130,Scope 3 Cat 1 Spend-Based — NAICS 561431 Private Mail Centers,scope3-spend,3,1,naics-561431,0.111,kg CO2e / USD2022,,,,US-national,US-Federal,"{GHG-Protocol,SB-253}",AR5,1,0.0,EPA Supply Chain GHG Emission Factors v1.3.0,https://www.epa.gov/climateleadership/supply-chain-ghg-emission-factors-us-industry-and-commodities,2022,2024-01-01,2024-01-01,,,methodologies/scope-3-cat1-spend-based,2026-04-24
scope3-spend-naics561439-epa-scghg-v130,Scope 3 Cat 1 Spend-Based — NAICS 561439 Other Business Service Centers (including Copy Shops),scope3-spend,3,1,naics-561439,0.111,kg CO2e / USD2022,,,,US-national,US-Federal,"{GHG-Protocol,SB-253}",AR5,1,0.0,EPA Supply Chain GHG Emission Factors v1.3.0,https://www.epa.gov/climateleadership/supply-chain-ghg-emission-factors-us-industry-and-commodities,2022,2024-01-01,2024-01-01,,,methodologies/scope-3-cat1-spend-based,2026-04-24
scope3-spend-naics561440-epa-scghg-v130,Scope 3 Cat 1 Spend-Based — NAICS 561440 Collection Agencies,scope3-spend,3,1,naics-561440,0.111,kg CO2e / USD2022,,,,US-national,US-Federal,"{GHG-Protocol,SB-253}",AR5,1,0.0,EPA Supply Chain GHG Emission Factors v1.3.0,https://www.epa.gov/climateleadership/supply-chain-ghg-emission-factors-us-industry-and-commodities,2022,2024-01-01,2024-01-01,,,methodologies/scope-3-cat1-spend-based,2026-04-24
scope3-spend-naics561450-epa-scghg-v130,Scope 3 Cat 1 Spend-Based — NAICS 561450 Credit Bureaus,scope3-spend,3,1,naics-561450,0.111,kg CO2e / USD2022,,,,US-national,US-Federal,"{GHG-Protocol,SB-253}",AR5,1,0.0,EPA Supply Chain GHG Emission Factors v1.3.0,https://www.epa.gov/climateleadership/supply-chain-ghg-emission-factors-us-industry-and-commodities,2022,2024-01-01,2024-01-01,,,methodologies/scope-3-cat1-spend-based,2026-04-24
scope3-spend-naics561491-epa-scghg-v130,Scope 3 Cat 1 Spend-Based — NAICS 561491 Repossession Services,scope3-spend,3,1,naics-561491,0.111,kg CO2e / USD2022,,,,US-national,US-Federal,"{GHG-Protocol,SB-253}",AR5,1,0.0,EPA Supply Chain GHG Emission Factors v1.3.0,https://www.epa.gov/climateleadership/supply-chain-ghg-emission-factors-us-industry-and-commodities,2022,2024-01-01,2024-01-01,,,methodologies/scope-3-cat1-spend-based,2026-04-24
scope3-spend-naics561492-epa-scghg-v130,Scope 3 Cat 1 Spend-Based — NAICS 561492 Court Reporting and Stenotype Services,scope3-spend,3,1,naics-561492,0.111,kg CO2e / USD2022,,,,US-national,US-Federal,"{GHG-Protocol,SB-253}",AR5,1,0.0,EPA Supply Chain GHG Emission Factors v1.3.0,https://www.epa.gov/climateleadership/supply-chain-ghg-emission-factors-us-industry-and-commodities,2022,2024-01-01,2024-01-01,,,methodologies/scope-3-cat1-spend-based,2026-04-24
scope3-spend-naics561499-epa-scghg-v130,Scope 3 Cat 1 Spend-Based — NAICS 561499 All Other Business Support Services,scope3-spend,3,1,naics-561499,0.111,kg CO2e / USD2022,,,,US-national,US-Federal,"{GHG-Protocol,SB-253}",AR5,1,0.0,EPA Supply Chain GHG Emission Factors v1.3.0,https://www.epa.gov/climateleadership/supply-chain-ghg-emission-factors-us-industry-and-commodities,2022,2024-01-01,2024-01-01,,,methodologies/scope-3-cat1-spend-based,2026-04-24
scope3-spend-naics561510-epa-scghg-v130,Scope 3 Cat 1 Spend-Based — NAICS 561510 Travel Agencies,scope3-spend,3,1,naics-561510,0.088,kg CO2e / USD2022,,,,US-national,US-Federal,"{GHG-Protocol,SB-253}",AR5,1,0.0,EPA Supply Chain GHG Emission Factors v1.3.0,https://www.epa.gov/climateleadership/supply-chain-ghg-emission-factors-us-industry-and-commodities,2022,2024-01-01,2024-01-01,,,methodologies/scope-3-cat1-spend-based,2026-04-24
scope3-spend-naics561520-epa-scghg-v130,Scope 3 Cat 1 Spend-Based — NAICS 561520 Tour Operators,scope3-spend,3,1,naics-561520,0.088,kg CO2e / USD2022,,,,US-national,US-Federal,"{GHG-Protocol,SB-253}",AR5,1,0.0,EPA Supply Chain GHG Emission Factors v1.3.0,https://www.epa.gov/climateleadership/supply-chain-ghg-emission-factors-us-industry-and-commodities,2022,2024-01-01,2024-01-01,,,methodologies/scope-3-cat1-spend-based,2026-04-24
scope3-spend-naics561591-epa-scghg-v130,Scope 3 Cat 1 Spend-Based — NAICS 561591 Convention and Visitors Bureaus,scope3-spend,3,1,naics-561591,0.088,kg CO2e / USD2022,,,,US-national,US-Federal,"{GHG-Protocol,SB-253}",AR5,1,0.0,EPA Supply Chain GHG Emission Factors v1.3.0,https://www.epa.gov/climateleadership/supply-chain-ghg-emission-factors-us-industry-and-commodities,2022,2024-01-01,2024-01-01,,,methodologies/scope-3-cat1-spend-based,2026-04-24
scope3-spend-naics561599-epa-scghg-v130,Scope 3 Cat 1 Spend-Based — NAICS 561599 All Other Travel Arrangement and Reservation Services,scope3-spend,3,1,naics-561599,0.088,kg CO2e / USD2022,,,,US-national,US-Federal,"{GHG-Protocol,SB-253}",AR5,1,0.0,EPA Supply Chain GHG Emission Factors v1.3.0,https://www.epa.gov/climateleadership/supply-chain-ghg-emission-factors-us-industry-and-commodities,2022,2024-01-01,2024-01-01,,,methodologies/scope-3-cat1-spend-based,2026-04-24
scope3-spend-naics561611-epa-scghg-v130,Scope 3 Cat 1 Spend-Based — NAICS 561611 Investigation Services,scope3-spend,3,1,naics-561611,0.074,kg CO2e / USD2022,,,,US-national,US-Federal,"{GHG-Protocol,SB-253}",AR5,1,0.0,EPA Supply Chain GHG Emission Factors v1.3.0,https://www.epa.gov/climateleadership/supply-chain-ghg-emission-factors-us-industry-and-commodities,2022,2024-01-01,2024-01-01,,,methodologies/scope-3-cat1-spend-based,2026-04-24
scope3-spend-naics561612-epa-scghg-v130,Scope 3 Cat 1 Spend-Based — NAICS 561612 Security Guards and Patrol Services,scope3-spend,3,1,naics-561612,0.074,kg CO2e / USD2022,,,,US-national,US-Federal,"{GHG-Protocol,SB-253}",AR5,1,0.0,EPA Supply Chain GHG Emission Factors v1.3.0,https://www.epa.gov/climateleadership/supply-chain-ghg-emission-factors-us-industry-and-commodities,2022,2024-01-01,2024-01-01,,,methodologies/scope-3-cat1-spend-based,2026-04-24
scope3-spend-naics561613-epa-scghg-v130,Scope 3 Cat 1 Spend-Based — NAICS 561613 Armored Car Services,scope3-spend,3,1,naics-561613,0.074,kg CO2e / USD2022,,,,US-national,US-Federal,"{GHG-Protocol,SB-253}",AR5,1,0.0,EPA Supply Chain GHG Emission Factors v1.3.0,https://www.epa.gov/climateleadership/supply-chain-ghg-emission-factors-us-industry-and-commodities,2022,2024-01-01,2024-01-01,,,methodologies/scope-3-cat1-spend-based,2026-04-24
scope3-spend-naics561621-epa-scghg-v130,Scope 3 Cat 1 Spend-Based — NAICS 561621 Security Systems Services (except Locksmiths),scope3-spend,3,1,naics-561621,0.074,kg CO2e / USD2022,,,,US-national,US-Federal,"{GHG-Protocol,SB-253}",AR5,1,0.0,EPA Supply Chain GHG Emission Factors v1.3.0,https://www.epa.gov/climateleadership/supply-chain-ghg-emission-factors-us-industry-and-commodities,2022,2024-01-01,2024-01-01,,,methodologies/scope-3-cat1-spend-based,2026-04-24
scope3-spend-naics561622-epa-scghg-v130,Scope 3 Cat 1 Spend-Based — NAICS 561622 Locksmiths,scope3-spend,3,1,naics-561622,0.074,kg CO2e / USD2022,,,,US-national,US-Federal,"{GHG-Protocol,SB-253}",AR5,1,0.0,EPA Supply Chain GHG Emission Factors v1.3.0,https://www.epa.gov/climateleadership/supply-chain-ghg-emission-factors-us-industry-and-commodities,2022,2024-01-01,2024-01-01,,,methodologies/scope-3-cat1-spend-based,2026-04-24
scope3-spend-naics561710-epa-scghg-v130,Scope 3 Cat 1 Spend-Based — NAICS 561710 Exterminating and Pest Control Services,scope3-spend,3,1,naics-561710,0.214,kg CO2e / USD2022,,,,US-national,US-Federal,"{GHG-Protocol,SB-253}",AR5,1,0.0,EPA Supply Chain GHG Emission Factors v1.3.0,https://www.epa.gov/climateleadership/supply-chain-ghg-emission-factors-us-industry-and-commodities,2022,2024-01-01,2024-01-01,,,methodologies/scope-3-cat1-spend-based,2026-04-24
scope3-spend-naics561720-epa-scghg-v130,Scope 3 Cat 1 Spend-Based — NAICS 561720 Janitorial Services,scope3-spend,3,1,naics-561720,0.214,kg CO2e / USD2022,,,,US-national,US-Federal,"{GHG-Protocol,SB-253}",AR5,1,0.0,EPA Supply Chain GHG Emission Factors v1.3.0,https://www.epa.gov/climateleadership/supply-chain-ghg-emission-factors-us-industry-and-commodities,2022,2024-01-01,2024-01-01,,,methodologies/scope-3-cat1-spend-based,2026-04-24
scope3-spend-naics561730-epa-scghg-v130,Scope 3 Cat 1 Spend-Based — NAICS 561730 Landscaping Services,scope3-spend,3,1,naics-561730,0.214,kg CO2e / USD2022,,,,US-national,US-Federal,"{GHG-Protocol,SB-253}",AR5,1,0.0,EPA Supply Chain GHG Emission Factors v1.3.0,https://www.epa.gov/climateleadership/supply-chain-ghg-emission-factors-us-industry-and-commodities,2022,2024-01-01,2024-01-01,,,methodologies/scope-3-cat1-spend-based,2026-04-24
scope3-spend-naics561740-epa-scghg-v130,Scope 3 Cat 1 Spend-Based — NAICS 561740 Carpet and Upholstery Cleaning Services,scope3-spend,3,1,naics-561740,0.214,kg CO2e / USD2022,,,,US-national,US-Federal,"{GHG-Protocol,SB-253}",AR5,1,0.0,EPA Supply Chain GHG Emission Factors v1.3.0,https://www.epa.gov/climateleadership/supply-chain-ghg-emission-factors-us-industry-and-commodities,2022,2024-01-01,2024-01-01,,,methodologies/scope-3-cat1-spend-based,2026-04-24
scope3-spend-naics561790-epa-scghg-v130,Scope 3 Cat 1 Spend-Based — NAICS 561790 Other Services to Buildings and Dwellings,scope3-spend,3,1,naics-561790,0.214,kg CO2e / USD2022,,,,US-national,US-Federal,"{GHG-Protocol,SB-253}",AR5,1,0.0,EPA Supply Chain GHG Emission Factors v1.3.0,https://www.epa.gov/climateleadership/supply-chain-ghg-emission-factors-us-industry-and-commodities,2022,2024-01-01,2024-01-01,,,methodologies/scope-3-cat1-spend-based,2026-04-24
scope3-spend-naics561910-epa-scghg-v130,Scope 3 Cat 1 Spend-Based — NAICS 561910 Packaging and Labeling Services,scope3-spend,3,1,naics-561910,0.127,kg CO2e / USD2022,,,,US-national,US-Federal,"{GHG-Protocol,SB-253}",AR5,1,0.0,EPA Supply Chain GHG Emission Factors v1.3.0,https://www.epa.gov/climateleadership/supply-chain-ghg-emission-factors-us-industry-and-commodities,2022,2024-01-01,2024-01-01,,,methodologies/scope-3-cat1-spend-based,2026-04-24
scope3-spend-naics561920-epa-scghg-v130,Scope 3 Cat 1 Spend-Based — NAICS 561920 Convention and Trade Show Organizers,scope3-spend,3,1,naics-561920,0.127,kg CO2e / USD2022,,,,US-national,US-Federal,"{GHG-Protocol,SB-253}",AR5,1,0.0,EPA Supply Chain GHG Emission Factors v1.3.0,https://www.epa.gov/climateleadership/supply-chain-ghg-emission-factors-us-industry-and-commodities,2022,2024-01-01,2024-01-01,,,methodologies/scope-3-cat1-spend-based,2026-04-24
scope3-spend-naics561990-epa-scghg-v130,Scope 3 Cat 1 Spend-Based — NAICS 561990 All Other Support Services,scope3-spend,3,1,naics-561990,0.127,kg CO2e / USD2022,,,,US-national,US-Federal,"{GHG-Protocol,SB-253}",AR5,1,0.0,EPA Supply Chain GHG Emission Factors v1.3.0,https://www.epa.gov/climateleadership/supply-chain-ghg-emission-factors-us-industry-and-commodities,2022,2024-01-01,2024-01-01,,,methodologies/scope-3-cat1-spend-based,2026-04-24
scope3-spend-naics562111-epa-scghg-v130,Scope 3 Cat 1 Spend-Based — NAICS 562111 Solid Waste Collection,scope3-spend,3,1,naics-562111,0.988,kg CO2e / USD2022,,,,US-national,US-Federal,"{GHG-Protocol,SB-253}",AR5,1,0.0,EPA Supply Chain GHG Emission Factors v1.3.0,https://www.epa.gov/climateleadership/supply-chain-ghg-emission-factors-us-industry-and-commodities,2022,2024-01-01,2024-01-01,,,methodologies/scope-3-cat1-spend-based,2026-04-24
scope3-spend-naics562112-epa-scghg-v130,Scope 3 Cat 1 Spend-Based — NAICS 562112 Hazardous Waste Collection,scope3-spend,3,1,naics-562112,0.988,kg CO2e / USD2022,,,,US-national,US-Federal,"{GHG-Protocol,SB-253}",AR5,1,0.0,EPA Supply Chain GHG Emission Factors v1.3.0,https://www.epa.gov/climateleadership/supply-chain-ghg-emission-factors-us-industry-and-commodities,2022,2024-01-01,2024-01-01,,,methodologies/scope-3-cat1-spend-based,2026-04-24
scope3-spend-naics562119-epa-scghg-v130,Scope 3 Cat 1 Spend-Based — NAICS 562119 Other Waste Collection,scope3-spend,3,1,naics-562119,0.988,kg CO2e / USD2022,,,,US-national,US-Federal,"{GHG-Protocol,SB-253}",AR5,1,0.0,EPA Supply Chain GHG Emission Factors v1.3.0,https://www.epa.gov/climateleadership/supply-chain-ghg-emission-factors-us-industry-and-commodities,2022,2024-01-01,2024-01-01,,,methodologies/scope-3-cat1-spend-based,2026-04-24
scope3-spend-naics562211-epa-scghg-v130,Scope 3 Cat 1 Spend-Based — NAICS 562211 Hazardous Waste Treatment and Disposal,scope3-spend,3,1,naics-562211,0.988,kg CO2e / USD2022,,,,US-national,US-Federal,"{GHG-Protocol,SB-253}",AR5,1,0.0,EPA Supply Chain GHG Emission Factors v1.3.0,https://www.epa.gov/climateleadership/supply-chain-ghg-emission-factors-us-industry-and-commodities,2022,2024-01-01,2024-01-01,,,methodologies/scope-3-cat1-spend-based,2026-04-24
scope3-spend-naics562212-epa-scghg-v130,Scope 3 Cat 1 Spend-Based — NAICS 562212 Solid Waste Landfill,scope3-spend,3,1,naics-562212,0.988,kg CO2e / USD2022,,,,US-national,US-Federal,"{GHG-Protocol,SB-253}",AR5,1,0.0,EPA Supply Chain GHG Emission Factors v1.3.0,https://www.epa.gov/climateleadership/supply-chain-ghg-emission-factors-us-industry-and-commodities,2022,2024-01-01,2024-01-01,,,methodologies/scope-3-cat1-spend-based,2026-04-24
scope3-spend-naics562213-epa-scghg-v130,Scope 3 Cat 1 Spend-Based — NAICS 562213 Solid Waste Combustors and Incinerators,scope3-spend,3,1,naics-562213,0.988,kg CO2e / USD2022,,,,US-national,US-Federal,"{GHG-Protocol,SB-253}",AR5,1,0.0,EPA Supply Chain GHG Emission Factors v1.3.0,https://www.epa.gov/climateleadership/supply-chain-ghg-emission-factors-us-industry-and-commodities,2022,2024-01-01,2024-01-01,,,methodologies/scope-3-cat1-spend-based,2026-04-24
scope3-spend-naics562219-epa-scghg-v130,Scope 3 Cat 1 Spend-Based — NAICS 562219 Other Nonhazardous Waste Treatment and Disposal,scope3-spend,3,1,naics-562219,0.988,kg CO2e / USD2022,,,,US-national,US-Federal,"{GHG-Protocol,SB-253}",AR5,1,0.0,EPA Supply Chain GHG Emission Factors v1.3.0,https://www.epa.gov/climateleadership/supply-chain-ghg-emission-factors-us-industry-and-commodities,2022,2024-01-01,2024-01-01,,,methodologies/scope-3-cat1-spend-based,2026-04-24
scope3-spend-naics562910-epa-scghg-v130,Scope 3 Cat 1 Spend-Based — NAICS 562910 Remediation Services,scope3-spend,3,1,naics-562910,0.988,kg CO2e / USD2022,,,,US-national,US-Federal,"{GHG-Protocol,SB-253}",AR5,1,0.0,EPA Supply Chain GHG Emission Factors v1.3.0,https://www.epa.gov/climateleadership/supply-chain-ghg-emission-factors-us-industry-and-commodities,2022,2024-01-01,2024-01-01,,,methodologies/scope-3-cat1-spend-based,2026-04-24
scope3-spend-naics562920-epa-scghg-v130,Scope 3 Cat 1 Spend-Based — NAICS 562920 Materials Recovery Facilities,scope3-spend,3,1,naics-562920,0.988,kg CO2e / USD2022,,,,US-national,US-Federal,"{GHG-Protocol,SB-253}",AR5,1,0.0,EPA Supply Chain GHG Emission Factors v1.3.0,https://www.epa.gov/climateleadership/supply-chain-ghg-emission-factors-us-industry-and-commodities,2022,2024-01-01,2024-01-01,,,methodologies/scope-3-cat1-spend-based,2026-04-24
scope3-spend-naics562991-epa-scghg-v130,Scope 3 Cat 1 Spend-Based — NAICS 562991 Septic Tank and Related Services,scope3-spend,3,1,naics-562991,0.988,kg CO2e / USD2022,,,,US-national,US-Federal,"{GHG-Protocol,SB-253}",AR5,1,0.0,EPA Supply Chain GHG Emission Factors v1.3.0,https://www.epa.gov/climateleadership/supply-chain-ghg-emission-factors-us-industry-and-commodities,2022,2024-01-01,2024-01-01,,,methodologies/scope-3-cat1-spend-based,2026-04-24
scope3-spend-naics562998-epa-scghg-v130,Scope 3 Cat 1 Spend-Based — NAICS 562998 All Other Miscellaneous Waste Management Services,scope3-spend,3,1,naics-562998,0.988,kg CO2e / USD2022,,,,US-national,US-Federal,"{GHG-Protocol,SB-253}",AR5,1,0.0,EPA Supply Chain GHG Emission Factors v1.3.0,https://www.epa.gov/climateleadership/supply-chain-ghg-emission-factors-us-industry-and-commodities,2022,2024-01-01,2024-01-01,,,methodologies/scope-3-cat1-spend-based,2026-04-24
scope3-spend-naics611110-epa-scghg-v130,Scope 3 Cat 1 Spend-Based — NAICS 611110 Elementary and Secondary Schools,scope3-spend,3,1,naics-611110,0.186,kg CO2e / USD2022,,,,US-national,US-Federal,"{GHG-Protocol,SB-253}",AR5,1,0.0,EPA Supply Chain GHG Emission Factors v1.3.0,https://www.epa.gov/climateleadership/supply-chain-ghg-emission-factors-us-industry-and-commodities,2022,2024-01-01,2024-01-01,,,methodologies/scope-3-cat1-spend-based,2026-04-24
scope3-spend-naics611210-epa-scghg-v130,Scope 3 Cat 1 Spend-Based — NAICS 611210 Junior Colleges,scope3-spend,3,1,naics-611210,0.14,kg CO2e / USD2022,,,,US-national,US-Federal,"{GHG-Protocol,SB-253}",AR5,1,0.0,EPA Supply Chain GHG Emission Factors v1.3.0,https://www.epa.gov/climateleadership/supply-chain-ghg-emission-factors-us-industry-and-commodities,2022,2024-01-01,2024-01-01,,,methodologies/scope-3-cat1-spend-based,2026-04-24
scope3-spend-naics611310-epa-scghg-v130,"Scope 3 Cat 1 Spend-Based — NAICS 611310 Colleges, Universities, and Professional Schools",scope3-spend,3,1,naics-611310,0.14,kg CO2e / USD2022,,,,US-national,US-Federal,"{GHG-Protocol,SB-253}",AR5,1,0.0,EPA Supply Chain GHG Emission Factors v1.3.0,https://www.epa.gov/climateleadership/supply-chain-ghg-emission-factors-us-industry-and-commodities,2022,2024-01-01,2024-01-01,,,methodologies/scope-3-cat1-spend-based,2026-04-24
scope3-spend-naics611410-epa-scghg-v130,Scope 3 Cat 1 Spend-Based — NAICS 611410 Business and Secretarial Schools,scope3-spend,3,1,naics-611410,0.108,kg CO2e / USD2022,,,,US-national,US-Federal,"{GHG-Protocol,SB-253}",AR5,1,0.0,EPA Supply Chain GHG Emission Factors v1.3.0,https://www.epa.gov/climateleadership/supply-chain-ghg-emission-factors-us-industry-and-commodities,2022,2024-01-01,2024-01-01,,,methodologies/scope-3-cat1-spend-based,2026-04-24
scope3-spend-naics611420-epa-scghg-v130,Scope 3 Cat 1 Spend-Based — NAICS 611420 Computer Training,scope3-spend,3,1,naics-611420,0.108,kg CO2e / USD2022,,,,US-national,US-Federal,"{GHG-Protocol,SB-253}",AR5,1,0.0,EPA Supply Chain GHG Emission Factors v1.3.0,https://www.epa.gov/climateleadership/supply-chain-ghg-emission-factors-us-industry-and-commodities,2022,2024-01-01,2024-01-01,,,methodologies/scope-3-cat1-spend-based,2026-04-24
scope3-spend-naics611430-epa-scghg-v130,Scope 3 Cat 1 Spend-Based — NAICS 611430 Professional and Management Development Training,scope3-spend,3,1,naics-611430,0.108,kg CO2e / USD2022,,,,US-national,US-Federal,"{GHG-Protocol,SB-253}",AR5,1,0.0,EPA Supply Chain GHG Emission Factors v1.3.0,https://www.epa.gov/climateleadership/supply-chain-ghg-emission-factors-us-industry-and-commodities,2022,2024-01-01,2024-01-01,,,methodologies/scope-3-cat1-spend-based,2026-04-24
scope3-spend-naics611511-epa-scghg-v130,Scope 3 Cat 1 Spend-Based — NAICS 611511 Cosmetology and Barber Schools,scope3-spend,3,1,naics-611511,0.108,kg CO2e / USD2022,,,,US-national,US-Federal,"{GHG-Protocol,SB-253}",AR5,1,0.0,EPA Supply Chain GHG Emission Factors v1.3.0,https://www.epa.gov/climateleadership/supply-chain-ghg-emission-factors-us-industry-and-commodities,2022,2024-01-01,2024-01-01,,,methodologies/scope-3-cat1-spend-based,2026-04-24
scope3-spend-naics611512-epa-scghg-v130,Scope 3 Cat 1 Spend-Based — NAICS 611512 Flight Training,scope3-spend,3,1,naics-611512,0.108,kg CO2e / USD2022,,,,US-national,US-Federal,"{GHG-Protocol,SB-253}",AR5,1,0.0,EPA Supply Chain GHG Emission Factors v1.3.0,https://www.epa.gov/climateleadership/supply-chain-ghg-emission-factors-us-industry-and-commodities,2022,2024-01-01,2024-01-01,,,methodologies/scope-3-cat1-spend-based,2026-04-24
scope3-spend-naics611513-epa-scghg-v130,Scope 3 Cat 1 Spend-Based — NAICS 611513 Apprenticeship Training,scope3-spend,3,1,naics-611513,0.108,kg CO2e / USD2022,,,,US-national,US-Federal,"{GHG-Protocol,SB-253}",AR5,1,0.0,EPA Supply Chain GHG Emission Factors v1.3.0,https://www.epa.gov/climateleadership/supply-chain-ghg-emission-factors-us-industry-and-commodities,2022,2024-01-01,2024-01-01,,,methodologies/scope-3-cat1-spend-based,2026-04-24
scope3-spend-naics611519-epa-scghg-v130,Scope 3 Cat 1 Spend-Based — NAICS 611519 Other Technical and Trade Schools,scope3-spend,3,1,naics-611519,0.108,kg CO2e / USD2022,,,,US-national,US-Federal,"{GHG-Protocol,SB-253}",AR5,1,0.0,EPA Supply Chain GHG Emission Factors v1.3.0,https://www.epa.gov/climateleadership/supply-chain-ghg-emission-factors-us-industry-and-commodities,2022,2024-01-01,2024-01-01,,,methodologies/scope-3-cat1-spend-based,2026-04-24
scope3-spend-naics611610-epa-scghg-v130,Scope 3 Cat 1 Spend-Based — NAICS 611610 Fine Arts Schools,scope3-spend,3,1,naics-611610,0.108,kg CO2e / USD2022,,,,US-national,US-Federal,"{GHG-Protocol,SB-253}",AR5,1,0.0,EPA Supply Chain GHG Emission Factors v1.3.0,https://www.epa.gov/climateleadership/supply-chain-ghg-emission-factors-us-industry-and-commodities,2022,2024-01-01,2024-01-01,,,methodologies/scope-3-cat1-spend-based,2026-04-24
scope3-spend-naics611620-epa-scghg-v130,Scope 3 Cat 1 Spend-Based — NAICS 611620 Sports and Recreation Instruction,scope3-spend,3,1,naics-611620,0.108,kg CO2e / USD2022,,,,US-national,US-Federal,"{GHG-Protocol,SB-253}",AR5,1,0.0,EPA Supply Chain GHG Emission Factors v1.3.0,https://www.epa.gov/climateleadership/supply-chain-ghg-emission-factors-us-industry-and-commodities,2022,2024-01-01,2024-01-01,,,methodologies/scope-3-cat1-spend-based,2026-04-24
scope3-spend-naics611630-epa-scghg-v130,Scope 3 Cat 1 Spend-Based — NAICS 611630 Language Schools,scope3-spend,3,1,naics-611630,0.108,kg CO2e / USD2022,,,,US-national,US-Federal,"{GHG-Protocol,SB-253}",AR5,1,0.0,EPA Supply Chain GHG Emission Factors v1.3.0,https://www.epa.gov/climateleadership/supply-chain-ghg-emission-factors-us-industry-and-commodities,2022,2024-01-01,2024-01-01,,,methodologies/scope-3-cat1-spend-based,2026-04-24
scope3-spend-naics611691-epa-scghg-v130,Scope 3 Cat 1 Spend-Based — NAICS 611691 Exam Preparation and Tutoring,scope3-spend,3,1,naics-611691,0.108,kg CO2e / USD2022,,,,US-national,US-Federal,"{GHG-Protocol,SB-253}",AR5,1,0.0,EPA Supply Chain GHG Emission Factors v1.3.0,https://www.epa.gov/climateleadership/supply-chain-ghg-emission-factors-us-industry-and-commodities,2022,2024-01-01,2024-01-01,,,methodologies/scope-3-cat1-spend-based,2026-04-24
scope3-spend-naics611692-epa-scghg-v130,Scope 3 Cat 1 Spend-Based — NAICS 611692 Automobile Driving Schools,scope3-spend,3,1,naics-611692,0.108,kg CO2e / USD2022,,,,US-national,US-Federal,"{GHG-Protocol,SB-253}",AR5,1,0.0,EPA Supply Chain GHG Emission Factors v1.3.0,https://www.epa.gov/climateleadership/supply-chain-ghg-emission-factors-us-industry-and-commodities,2022,2024-01-01,2024-01-01,,,methodologies/scope-3-cat1-spend-based,2026-04-24
scope3-spend-naics611699-epa-scghg-v130,Scope 3 Cat 1 Spend-Based — NAICS 611699 All Other Miscellaneous Schools and Instruction,scope3-spend,3,1,naics-611699,0.108,kg CO2e / USD2022,,,,US-national,US-Federal,"{GHG-Protocol,SB-253}",AR5,1,0.0,EPA Supply Chain GHG Emission Factors v1.3.0,https://www.epa.gov/climateleadership/supply-chain-ghg-emission-factors-us-industry-and-commodities,2022,2024-01-01,2024-01-01,,,methodologies/scope-3-cat1-spend-based,2026-04-24
scope3-spend-naics611710-epa-scghg-v130,Scope 3 Cat 1 Spend-Based — NAICS 611710 Educational Support Services,scope3-spend,3,1,naics-611710,0.108,kg CO2e / USD2022,,,,US-national,US-Federal,"{GHG-Protocol,SB-253}",AR5,1,0.0,EPA Supply Chain GHG Emission Factors v1.3.0,https://www.epa.gov/climateleadership/supply-chain-ghg-emission-factors-us-industry-and-commodities,2022,2024-01-01,2024-01-01,,,methodologies/scope-3-cat1-spend-based,2026-04-24
scope3-spend-naics621111-epa-scghg-v130,Scope 3 Cat 1 Spend-Based — NAICS 621111 Offices of Physicians (except Mental Health Specialists),scope3-spend,3,1,naics-621111,0.083,kg CO2e / USD2022,,,,US-national,US-Federal,"{GHG-Protocol,SB-253}",AR5,1,0.0,EPA Supply Chain GHG Emission Factors v1.3.0,https://www.epa.gov/climateleadership/supply-chain-ghg-emission-factors-us-industry-and-commodities,2022,2024-01-01,2024-01-01,,,methodologies/scope-3-cat1-spend-based,2026-04-24
scope3-spend-naics621112-epa-scghg-v130,"Scope 3 Cat 1 Spend-Based — NAICS 621112 Offices of Physicians, Mental Health Specialists",scope3-spend,3,1,naics-621112,0.083,kg CO2e / USD2022,,,,US-national,US-Federal,"{GHG-Protocol,SB-253}",AR5,1,0.0,EPA Supply Chain GHG Emission Factors v1.3.0,https://www.epa.gov/climateleadership/supply-chain-ghg-emission-factors-us-industry-and-commodities,2022,2024-01-01,2024-01-01,,,methodologies/scope-3-cat1-spend-based,2026-04-24
scope3-spend-naics621210-epa-scghg-v130,Scope 3 Cat 1 Spend-Based — NAICS 621210 Offices of Dentists,scope3-spend,3,1,naics-621210,0.056,kg CO2e / USD2022,,,,US-national,US-Federal,"{GHG-Protocol,SB-253}",AR5,1,0.0,EPA Supply Chain GHG Emission Factors v1.3.0,https://www.epa.gov/climateleadership/supply-chain-ghg-emission-factors-us-industry-and-commodities,2022,2024-01-01,2024-01-01,,,methodologies/scope-3-cat1-spend-based,2026-04-24
scope3-spend-naics621310-epa-scghg-v130,Scope 3 Cat 1 Spend-Based — NAICS 621310 Offices of Chiropractors,scope3-spend,3,1,naics-621310,0.105,kg CO2e / USD2022,,,,US-national,US-Federal,"{GHG-Protocol,SB-253}",AR5,1,0.0,EPA Supply Chain GHG Emission Factors v1.3.0,https://www.epa.gov/climateleadership/supply-chain-ghg-emission-factors-us-industry-and-commodities,2022,2024-01-01,2024-01-01,,,methodologies/scope-3-cat1-spend-based,2026-04-24
scope3-spend-naics621320-epa-scghg-v130,Scope 3 Cat 1 Spend-Based — NAICS 621320 Offices of Optometrists,scope3-spend,3,1,naics-621320,0.105,kg CO2e / USD2022,,,,US-national,US-Federal,"{GHG-Protocol,SB-253}",AR5,1,0.0,EPA Supply Chain GHG Emission Factors v1.3.0,https://www.epa.gov/climateleadership/supply-chain-ghg-emission-factors-us-industry-and-commodities,2022,2024-01-01,2024-01-01,,,methodologies/scope-3-cat1-spend-based,2026-04-24
scope3-spend-naics621330-epa-scghg-v130,Scope 3 Cat 1 Spend-Based — NAICS 621330 Offices of Mental Health Practitioners (except Physicians),scope3-spend,3,1,naics-621330,0.105,kg CO2e / USD2022,,,,US-national,US-Federal,"{GHG-Protocol,SB-253}",AR5,1,0.0,EPA Supply Chain GHG Emission Factors v1.3.0,https://www.epa.gov/climateleadership/supply-chain-ghg-emission-factors-us-industry-and-commodities,2022,2024-01-01,2024-01-01,,,methodologies/scope-3-cat1-spend-based,2026-04-24
scope3-spend-naics621340-epa-scghg-v130,"Scope 3 Cat 1 Spend-Based — NAICS 621340 Offices of Physical, Occupational and Speech Therapists, and Audiologists",scope3-spend,3,1,naics-621340,0.105,kg CO2e / USD2022,,,,US-national,US-Federal,"{GHG-Protocol,SB-253}",AR5,1,0.0,EPA Supply Chain GHG Emission Factors v1.3.0,https://www.epa.gov/climateleadership/supply-chain-ghg-emission-factors-us-industry-and-commodities,2022,2024-01-01,2024-01-01,,,methodologies/scope-3-cat1-spend-based,2026-04-24
scope3-spend-naics621391-epa-scghg-v130,Scope 3 Cat 1 Spend-Based — NAICS 621391 Offices of Podiatrists,scope3-spend,3,1,naics-621391,0.105,kg CO2e / USD2022,,,,US-national,US-Federal,"{GHG-Protocol,SB-253}",AR5,1,0.0,EPA Supply Chain GHG Emission Factors v1.3.0,https://www.epa.gov/climateleadership/supply-chain-ghg-emission-factors-us-industry-and-commodities,2022,2024-01-01,2024-01-01,,,methodologies/scope-3-cat1-spend-based,2026-04-24
scope3-spend-naics621399-epa-scghg-v130,Scope 3 Cat 1 Spend-Based — NAICS 621399 Offices of All Other Miscellaneous Health Practitioners,scope3-spend,3,1,naics-621399,0.105,kg CO2e / USD2022,,,,US-national,US-Federal,"{GHG-Protocol,SB-253}",AR5,1,0.0,EPA Supply Chain GHG Emission Factors v1.3.0,https://www.epa.gov/climateleadership/supply-chain-ghg-emission-factors-us-industry-and-commodities,2022,2024-01-01,2024-01-01,,,methodologies/scope-3-cat1-spend-based,2026-04-24
scope3-spend-naics621410-epa-scghg-v130,Scope 3 Cat 1 Spend-Based — NAICS 621410 Family Planning Centers,scope3-spend,3,1,naics-621410,0.096,kg CO2e / USD2022,,,,US-national,US-Federal,"{GHG-Protocol,SB-253}",AR5,1,0.0,EPA Supply Chain GHG Emission Factors v1.3.0,https://www.epa.gov/climateleadership/supply-chain-ghg-emission-factors-us-industry-and-commodities,2022,2024-01-01,2024-01-01,,,methodologies/scope-3-cat1-spend-based,2026-04-24
scope3-spend-naics621420-epa-scghg-v130,Scope 3 Cat 1 Spend-Based — NAICS 621420 Outpatient Mental Health and Substance Abuse Centers,scope3-spend,3,1,naics-621420,0.096,kg CO2e / USD2022,,,,US-national,US-Federal,"{GHG-Protocol,SB-253}",AR5,1,0.0,EPA Supply Chain GHG Emission Factors v1.3.0,https://www.epa.gov/climateleadership/supply-chain-ghg-emission-factors-us-industry-and-commodities,2022,2024-01-01,2024-01-01,,,methodologies/scope-3-cat1-spend-based,2026-04-24
scope3-spend-naics621491-epa-scghg-v130,Scope 3 Cat 1 Spend-Based — NAICS 621491 HMO Medical Centers,scope3-spend,3,1,naics-621491,0.096,kg CO2e / USD2022,,,,US-national,US-Federal,"{GHG-Protocol,SB-253}",AR5,1,0.0,EPA Supply Chain GHG Emission Factors v1.3.0,https://www.epa.gov/climateleadership/supply-chain-ghg-emission-factors-us-industry-and-commodities,2022,2024-01-01,2024-01-01,,,methodologies/scope-3-cat1-spend-based,2026-04-24
scope3-spend-naics621492-epa-scghg-v130,Scope 3 Cat 1 Spend-Based — NAICS 621492 Kidney Dialysis Centers,scope3-spend,3,1,naics-621492,0.096,kg CO2e / USD2022,,,,US-national,US-Federal,"{GHG-Protocol,SB-253}",AR5,1,0.0,EPA Supply Chain GHG Emission Factors v1.3.0,https://www.epa.gov/climateleadership/supply-chain-ghg-emission-factors-us-industry-and-commodities,2022,2024-01-01,2024-01-01,,,methodologies/scope-3-cat1-spend-based,2026-04-24
scope3-spend-naics621493-epa-scghg-v130,Scope 3 Cat 1 Spend-Based — NAICS 621493 Freestanding Ambulatory Surgical and Emergency Centers,scope3-spend,3,1,naics-621493,0.096,kg CO2e / USD2022,,,,US-national,US-Federal,"{GHG-Protocol,SB-253}",AR5,1,0.0,EPA Supply Chain GHG Emission Factors v1.3.0,https://www.epa.gov/climateleadership/supply-chain-ghg-emission-factors-us-industry-and-commodities,2022,2024-01-01,2024-01-01,,,methodologies/scope-3-cat1-spend-based,2026-04-24
scope3-spend-naics621498-epa-scghg-v130,Scope 3 Cat 1 Spend-Based — NAICS 621498 All Other Outpatient Care Centers,scope3-spend,3,1,naics-621498,0.096,kg CO2e / USD2022,,,,US-national,US-Federal,"{GHG-Protocol,SB-253}",AR5,1,0.0,EPA Supply Chain GHG Emission Factors v1.3.0,https://www.epa.gov/climateleadership/supply-chain-ghg-emission-factors-us-industry-and-commodities,2022,2024-01-01,2024-01-01,,,methodologies/scope-3-cat1-spend-based,2026-04-24
scope3-spend-naics621511-epa-scghg-v130,Scope 3 Cat 1 Spend-Based — NAICS 621511 Medical Laboratories,scope3-spend,3,1,naics-621511,0.092,kg CO2e / USD2022,,,,US-national,US-Federal,"{GHG-Protocol,SB-253}",AR5,1,0.0,EPA Supply Chain GHG Emission Factors v1.3.0,https://www.epa.gov/climateleadership/supply-chain-ghg-emission-factors-us-industry-and-commodities,2022,2024-01-01,2024-01-01,,,methodologies/scope-3-cat1-spend-based,2026-04-24
scope3-spend-naics621512-epa-scghg-v130,Scope 3 Cat 1 Spend-Based — NAICS 621512 Diagnostic Imaging Centers,scope3-spend,3,1,naics-621512,0.092,kg CO2e / USD2022,,,,US-national,US-Federal,"{GHG-Protocol,SB-253}",AR5,1,0.0,EPA Supply Chain GHG Emission Factors v1.3.0,https://www.epa.gov/climateleadership/supply-chain-ghg-emission-factors-us-industry-and-commodities,2022,2024-01-01,2024-01-01,,,methodologies/scope-3-cat1-spend-based,2026-04-24
scope3-spend-naics621610-epa-scghg-v130,Scope 3 Cat 1 Spend-Based — NAICS 621610 Home Health Care Services,scope3-spend,3,1,naics-621610,0.104,kg CO2e / USD2022,,,,US-national,US-Federal,"{GHG-Protocol,SB-253}",AR5,1,0.0,EPA Supply Chain GHG Emission Factors v1.3.0,https://www.epa.gov/climateleadership/supply-chain-ghg-emission-factors-us-industry-and-commodities,2022,2024-01-01,2024-01-01,,,methodologies/scope-3-cat1-spend-based,2026-04-24
scope3-spend-naics621910-epa-scghg-v130,Scope 3 Cat 1 Spend-Based — NAICS 621910 Ambulance Services,scope3-spend,3,1,naics-621910,0.18,kg CO2e / USD2022,,,,US-national,US-Federal,"{GHG-Protocol,SB-253}",AR5,1,0.0,EPA Supply Chain GHG Emission Factors v1.3.0,https://www.epa.gov/climateleadership/supply-chain-ghg-emission-factors-us-industry-and-commodities,2022,2024-01-01,2024-01-01,,,methodologies/scope-3-cat1-spend-based,2026-04-24
scope3-spend-naics621991-epa-scghg-v130,Scope 3 Cat 1 Spend-Based — NAICS 621991 Blood and Organ Banks,scope3-spend,3,1,naics-621991,0.18,kg CO2e / USD2022,,,,US-national,US-Federal,"{GHG-Protocol,SB-253}",AR5,1,0.0,EPA Supply Chain GHG Emission Factors v1.3.0,https://www.epa.gov/climateleadership/supply-chain-ghg-emission-factors-us-industry-and-commodities,2022,2024-01-01,2024-01-01,,,methodologies/scope-3-cat1-spend-based,2026-04-24
scope3-spend-naics621999-epa-scghg-v130,Scope 3 Cat 1 Spend-Based — NAICS 621999 All Other Miscellaneous Ambulatory Health Care Services,scope3-spend,3,1,naics-621999,0.18,kg CO2e / USD2022,,,,US-national,US-Federal,"{GHG-Protocol,SB-253}",AR5,1,0.0,EPA Supply Chain GHG Emission Factors v1.3.0,https://www.epa.gov/climateleadership/supply-chain-ghg-emission-factors-us-industry-and-commodities,2022,2024-01-01,2024-01-01,,,methodologies/scope-3-cat1-spend-based,2026-04-24
scope3-spend-naics622110-epa-scghg-v130,Scope 3 Cat 1 Spend-Based — NAICS 622110 General Medical and Surgical Hospitals,scope3-spend,3,1,naics-622110,0.145,kg CO2e / USD2022,,,,US-national,US-Federal,"{GHG-Protocol,SB-253}",AR5,1,0.0,EPA Supply Chain GHG Emission Factors v1.3.0,https://www.epa.gov/climateleadership/supply-chain-ghg-emission-factors-us-industry-and-commodities,2022,2024-01-01,2024-01-01,,,methodologies/scope-3-cat1-spend-based,2026-04-24
scope3-spend-naics622210-epa-scghg-v130,Scope 3 Cat 1 Spend-Based — NAICS 622210 Psychiatric and Substance Abuse Hospitals,scope3-spend,3,1,naics-622210,0.145,kg CO2e / USD2022,,,,US-national,US-Federal,"{GHG-Protocol,SB-253}",AR5,1,0.0,EPA Supply Chain GHG Emission Factors v1.3.0,https://www.epa.gov/climateleadership/supply-chain-ghg-emission-factors-us-industry-and-commodities,2022,2024-01-01,2024-01-01,,,methodologies/scope-3-cat1-spend-based,2026-04-24
scope3-spend-naics622310-epa-scghg-v130,Scope 3 Cat 1 Spend-Based — NAICS 622310 Specialty (except Psychiatric and Substance Abuse) Hospitals,scope3-spend,3,1,naics-622310,0.145,kg CO2e / USD2022,,,,US-national,US-Federal,"{GHG-Protocol,SB-253}",AR5,1,0.0,EPA Supply Chain GHG Emission Factors v1.3.0,https://www.epa.gov/climateleadership/supply-chain-ghg-emission-factors-us-industry-and-commodities,2022,2024-01-01,2024-01-01,,,methodologies/scope-3-cat1-spend-based,2026-04-24
scope3-spend-naics623110-epa-scghg-v130,Scope 3 Cat 1 Spend-Based — NAICS 623110 Nursing Care Facilities (Skilled Nursing Facilities),scope3-spend,3,1,naics-623110,0.159,kg CO2e / USD2022,,,,US-national,US-Federal,"{GHG-Protocol,SB-253}",AR5,1,0.0,EPA Supply Chain GHG Emission Factors v1.3.0,https://www.epa.gov/climateleadership/supply-chain-ghg-emission-factors-us-industry-and-commodities,2022,2024-01-01,2024-01-01,,,methodologies/scope-3-cat1-spend-based,2026-04-24
scope3-spend-naics623210-epa-scghg-v130,Scope 3 Cat 1 Spend-Based — NAICS 623210 Residential Intellectual and Developmental Disability Facilities,scope3-spend,3,1,naics-623210,0.129,kg CO2e / USD2022,,,,US-national,US-Federal,"{GHG-Protocol,SB-253}",AR5,1,0.0,EPA Supply Chain GHG Emission Factors v1.3.0,https://www.epa.gov/climateleadership/supply-chain-ghg-emission-factors-us-industry-and-commodities,2022,2024-01-01,2024-01-01,,,methodologies/scope-3-cat1-spend-based,2026-04-24
scope3-spend-naics623220-epa-scghg-v130,Scope 3 Cat 1 Spend-Based — NAICS 623220 Residential Mental Health and Substance Abuse Facilities,scope3-spend,3,1,naics-623220,0.129,kg CO2e / USD2022,,,,US-national,US-Federal,"{GHG-Protocol,SB-253}",AR5,1,0.0,EPA Supply Chain GHG Emission Factors v1.3.0,https://www.epa.gov/climateleadership/supply-chain-ghg-emission-factors-us-industry-and-commodities,2022,2024-01-01,2024-01-01,,,methodologies/scope-3-cat1-spend-based,2026-04-24
scope3-spend-naics623311-epa-scghg-v130,Scope 3 Cat 1 Spend-Based — NAICS 623311 Continuing Care Retirement Communities,scope3-spend,3,1,naics-623311,0.159,kg CO2e / USD2022,,,,US-national,US-Federal,"{GHG-Protocol,SB-253}",AR5,1,0.0,EPA Supply Chain GHG Emission Factors v1.3.0,https://www.epa.gov/climateleadership/supply-chain-ghg-emission-factors-us-industry-and-commodities,2022,2024-01-01,2024-01-01,,,methodologies/scope-3-cat1-spend-based,2026-04-24
scope3-spend-naics623312-epa-scghg-v130,Scope 3 Cat 1 Spend-Based — NAICS 623312 Assisted Living Facilities for the Elderly,scope3-spend,3,1,naics-623312,0.159,kg CO2e / USD2022,,,,US-national,US-Federal,"{GHG-Protocol,SB-253}",AR5,1,0.0,EPA Supply Chain GHG Emission Factors v1.3.0,https://www.epa.gov/climateleadership/supply-chain-ghg-emission-factors-us-industry-and-commodities,2022,2024-01-01,2024-01-01,,,methodologies/scope-3-cat1-spend-based,2026-04-24
scope3-spend-naics623990-epa-scghg-v130,Scope 3 Cat 1 Spend-Based — NAICS 623990 Other Residential Care Facilities,scope3-spend,3,1,naics-623990,0.129,kg CO2e / USD2022,,,,US-national,US-Federal,"{GHG-Protocol,SB-253}",AR5,1,0.0,EPA Supply Chain GHG Emission Factors v1.3.0,https://www.epa.gov/climateleadership/supply-chain-ghg-emission-factors-us-industry-and-commodities,2022,2024-01-01,2024-01-01,,,methodologies/scope-3-cat1-spend-based,2026-04-24
scope3-spend-naics624110-epa-scghg-v130,Scope 3 Cat 1 Spend-Based — NAICS 624110 Child and Youth Services,scope3-spend,3,1,naics-624110,0.118,kg CO2e / USD2022,,,,US-national,US-Federal,"{GHG-Protocol,SB-253}",AR5,1,0.0,EPA Supply Chain GHG Emission Factors v1.3.0,https://www.epa.gov/climateleadership/supply-chain-ghg-emission-factors-us-industry-and-commodities,2022,2024-01-01,2024-01-01,,,methodologies/scope-3-cat1-spend-based,2026-04-24
scope3-spend-naics624120-epa-scghg-v130,Scope 3 Cat 1 Spend-Based — NAICS 624120 Services for the Elderly and Persons with Disabilities,scope3-spend,3,1,naics-624120,0.118,kg CO2e / USD2022,,,,US-national,US-Federal,"{GHG-Protocol,SB-253}",AR5,1,0.0,EPA Supply Chain GHG Emission Factors v1.3.0,https://www.epa.gov/climateleadership/supply-chain-ghg-emission-factors-us-industry-and-commodities,2022,2024-01-01,2024-01-01,,,methodologies/scope-3-cat1-spend-based,2026-04-24
scope3-spend-naics624190-epa-scghg-v130,Scope 3 Cat 1 Spend-Based — NAICS 624190 Other Individual and Family Services,scope3-spend,3,1,naics-624190,0.118,kg CO2e / USD2022,,,,US-national,US-Federal,"{GHG-Protocol,SB-253}",AR5,1,0.0,EPA Supply Chain GHG Emission Factors v1.3.0,https://www.epa.gov/climateleadership/supply-chain-ghg-emission-factors-us-industry-and-commodities,2022,2024-01-01,2024-01-01,,,methodologies/scope-3-cat1-spend-based,2026-04-24
scope3-spend-naics624210-epa-scghg-v130,Scope 3 Cat 1 Spend-Based — NAICS 624210 Community Food Services,scope3-spend,3,1,naics-624210,0.217,kg CO2e / USD2022,,,,US-national,US-Federal,"{GHG-Protocol,SB-253}",AR5,1,0.0,EPA Supply Chain GHG Emission Factors v1.3.0,https://www.epa.gov/climateleadership/supply-chain-ghg-emission-factors-us-industry-and-commodities,2022,2024-01-01,2024-01-01,,,methodologies/scope-3-cat1-spend-based,2026-04-24
scope3-spend-naics624221-epa-scghg-v130,Scope 3 Cat 1 Spend-Based — NAICS 624221 Temporary Shelters,scope3-spend,3,1,naics-624221,0.217,kg CO2e / USD2022,,,,US-national,US-Federal,"{GHG-Protocol,SB-253}",AR5,1,0.0,EPA Supply Chain GHG Emission Factors v1.3.0,https://www.epa.gov/climateleadership/supply-chain-ghg-emission-factors-us-industry-and-commodities,2022,2024-01-01,2024-01-01,,,methodologies/scope-3-cat1-spend-based,2026-04-24
scope3-spend-naics624229-epa-scghg-v130,Scope 3 Cat 1 Spend-Based — NAICS 624229 Other Community Housing Services,scope3-spend,3,1,naics-624229,0.217,kg CO2e / USD2022,,,,US-national,US-Federal,"{GHG-Protocol,SB-253}",AR5,1,0.0,EPA Supply Chain GHG Emission Factors v1.3.0,https://www.epa.gov/climateleadership/supply-chain-ghg-emission-factors-us-industry-and-commodities,2022,2024-01-01,2024-01-01,,,methodologies/scope-3-cat1-spend-based,2026-04-24
scope3-spend-naics624230-epa-scghg-v130,Scope 3 Cat 1 Spend-Based — NAICS 624230 Emergency and Other Relief Services,scope3-spend,3,1,naics-624230,0.217,kg CO2e / USD2022,,,,US-national,US-Federal,"{GHG-Protocol,SB-253}",AR5,1,0.0,EPA Supply Chain GHG Emission Factors v1.3.0,https://www.epa.gov/climateleadership/supply-chain-ghg-emission-factors-us-industry-and-commodities,2022,2024-01-01,2024-01-01,,,methodologies/scope-3-cat1-spend-based,2026-04-24
scope3-spend-naics624310-epa-scghg-v130,Scope 3 Cat 1 Spend-Based — NAICS 624310 Vocational Rehabilitation Services,scope3-spend,3,1,naics-624310,0.217,kg CO2e / USD2022,,,,US-national,US-Federal,"{GHG-Protocol,SB-253}",AR5,1,0.0,EPA Supply Chain GHG Emission Factors v1.3.0,https://www.epa.gov/climateleadership/supply-chain-ghg-emission-factors-us-industry-and-commodities,2022,2024-01-01,2024-01-01,,,methodologies/scope-3-cat1-spend-based,2026-04-24
scope3-spend-naics624410-epa-scghg-v130,Scope 3 Cat 1 Spend-Based — NAICS 624410 Child Day Care Services,scope3-spend,3,1,naics-624410,0.215,kg CO2e / USD2022,,,,US-national,US-Federal,"{GHG-Protocol,SB-253}",AR5,1,0.0,EPA Supply Chain GHG Emission Factors v1.3.0,https://www.epa.gov/climateleadership/supply-chain-ghg-emission-factors-us-industry-and-commodities,2022,2024-01-01,2024-01-01,,,methodologies/scope-3-cat1-spend-based,2026-04-24
scope3-spend-naics711110-epa-scghg-v130,Scope 3 Cat 1 Spend-Based — NAICS 711110 Theater Companies and Dinner Theaters,scope3-spend,3,1,naics-711110,0.086,kg CO2e / USD2022,,,,US-national,US-Federal,"{GHG-Protocol,SB-253}",AR5,1,0.0,EPA Supply Chain GHG Emission Factors v1.3.0,https://www.epa.gov/climateleadership/supply-chain-ghg-emission-factors-us-industry-and-commodities,2022,2024-01-01,2024-01-01,,,methodologies/scope-3-cat1-spend-based,2026-04-24
scope3-spend-naics711120-epa-scghg-v130,Scope 3 Cat 1 Spend-Based — NAICS 711120 Dance Companies,scope3-spend,3,1,naics-711120,0.086,kg CO2e / USD2022,,,,US-national,US-Federal,"{GHG-Protocol,SB-253}",AR5,1,0.0,EPA Supply Chain GHG Emission Factors v1.3.0,https://www.epa.gov/climateleadership/supply-chain-ghg-emission-factors-us-industry-and-commodities,2022,2024-01-01,2024-01-01,,,methodologies/scope-3-cat1-spend-based,2026-04-24
scope3-spend-naics711130-epa-scghg-v130,Scope 3 Cat 1 Spend-Based — NAICS 711130 Musical Groups and Artists,scope3-spend,3,1,naics-711130,0.086,kg CO2e / USD2022,,,,US-national,US-Federal,"{GHG-Protocol,SB-253}",AR5,1,0.0,EPA Supply Chain GHG Emission Factors v1.3.0,https://www.epa.gov/climateleadership/supply-chain-ghg-emission-factors-us-industry-and-commodities,2022,2024-01-01,2024-01-01,,,methodologies/scope-3-cat1-spend-based,2026-04-24
scope3-spend-naics711190-epa-scghg-v130,Scope 3 Cat 1 Spend-Based — NAICS 711190 Other Performing Arts Companies,scope3-spend,3,1,naics-711190,0.086,kg CO2e / USD2022,,,,US-national,US-Federal,"{GHG-Protocol,SB-253}",AR5,1,0.0,EPA Supply Chain GHG Emission Factors v1.3.0,https://www.epa.gov/climateleadership/supply-chain-ghg-emission-factors-us-industry-and-commodities,2022,2024-01-01,2024-01-01,,,methodologies/scope-3-cat1-spend-based,2026-04-24
scope3-spend-naics711211-epa-scghg-v130,Scope 3 Cat 1 Spend-Based — NAICS 711211 Sports Teams and Clubs,scope3-spend,3,1,naics-711211,0.067,kg CO2e / USD2022,,,,US-national,US-Federal,"{GHG-Protocol,SB-253}",AR5,1,0.0,EPA Supply Chain GHG Emission Factors v1.3.0,https://www.epa.gov/climateleadership/supply-chain-ghg-emission-factors-us-industry-and-commodities,2022,2024-01-01,2024-01-01,,,methodologies/scope-3-cat1-spend-based,2026-04-24
scope3-spend-naics711212-epa-scghg-v130,Scope 3 Cat 1 Spend-Based — NAICS 711212 Racetracks,scope3-spend,3,1,naics-711212,0.067,kg CO2e / USD2022,,,,US-national,US-Federal,"{GHG-Protocol,SB-253}",AR5,1,0.0,EPA Supply Chain GHG Emission Factors v1.3.0,https://www.epa.gov/climateleadership/supply-chain-ghg-emission-factors-us-industry-and-commodities,2022,2024-01-01,2024-01-01,,,methodologies/scope-3-cat1-spend-based,2026-04-24
scope3-spend-naics711219-epa-scghg-v130,Scope 3 Cat 1 Spend-Based — NAICS 711219 Other Spectator Sports,scope3-spend,3,1,naics-711219,0.067,kg CO2e / USD2022,,,,US-national,US-Federal,"{GHG-Protocol,SB-253}",AR5,1,0.0,EPA Supply Chain GHG Emission Factors v1.3.0,https://www.epa.gov/climateleadership/supply-chain-ghg-emission-factors-us-industry-and-commodities,2022,2024-01-01,2024-01-01,,,methodologies/scope-3-cat1-spend-based,2026-04-24
scope3-spend-naics711310-epa-scghg-v130,"Scope 3 Cat 1 Spend-Based — NAICS 711310 Promoters of Performing Arts, Sports, and Similar Events with Facilities",scope3-spend,3,1,naics-711310,0.093,kg CO2e / USD2022,,,,US-national,US-Federal,"{GHG-Protocol,SB-253}",AR5,1,0.0,EPA Supply Chain GHG Emission Factors v1.3.0,https://www.epa.gov/climateleadership/supply-chain-ghg-emission-factors-us-industry-and-commodities,2022,2024-01-01,2024-01-01,,,methodologies/scope-3-cat1-spend-based,2026-04-24
scope3-spend-naics711320-epa-scghg-v130,"Scope 3 Cat 1 Spend-Based — NAICS 711320 Promoters of Performing Arts, Sports, and Similar Events without Facilities",scope3-spend,3,1,naics-711320,0.093,kg CO2e / USD2022,,,,US-national,US-Federal,"{GHG-Protocol,SB-253}",AR5,1,0.0,EPA Supply Chain GHG Emission Factors v1.3.0,https://www.epa.gov/climateleadership/supply-chain-ghg-emission-factors-us-industry-and-commodities,2022,2024-01-01,2024-01-01,,,methodologies/scope-3-cat1-spend-based,2026-04-24
scope3-spend-naics711410-epa-scghg-v130,"Scope 3 Cat 1 Spend-Based — NAICS 711410 Agents and Managers for Artists, Athletes, Entertainers, and Other Public Figures",scope3-spend,3,1,naics-711410,0.093,kg CO2e / USD2022,,,,US-national,US-Federal,"{GHG-Protocol,SB-253}",AR5,1,0.0,EPA Supply Chain GHG Emission Factors v1.3.0,https://www.epa.gov/climateleadership/supply-chain-ghg-emission-factors-us-industry-and-commodities,2022,2024-01-01,2024-01-01,,,methodologies/scope-3-cat1-spend-based,2026-04-24
scope3-spend-naics711510-epa-scghg-v130,"Scope 3 Cat 1 Spend-Based — NAICS 711510 Independent Artists, Writers, and Performers",scope3-spend,3,1,naics-711510,0.033,kg CO2e / USD2022,,,,US-national,US-Federal,"{GHG-Protocol,SB-253}",AR5,1,0.0,EPA Supply Chain GHG Emission Factors v1.3.0,https://www.epa.gov/climateleadership/supply-chain-ghg-emission-factors-us-industry-and-commodities,2022,2024-01-01,2024-01-01,,,methodologies/scope-3-cat1-spend-based,2026-04-24
scope3-spend-naics712110-epa-scghg-v130,Scope 3 Cat 1 Spend-Based — NAICS 712110 Museums,scope3-spend,3,1,naics-712110,0.136,kg CO2e / USD2022,,,,US-national,US-Federal,"{GHG-Protocol,SB-253}",AR5,1,0.0,EPA Supply Chain GHG Emission Factors v1.3.0,https://www.epa.gov/climateleadership/supply-chain-ghg-emission-factors-us-industry-and-commodities,2022,2024-01-01,2024-01-01,,,methodologies/scope-3-cat1-spend-based,2026-04-24
scope3-spend-naics712120-epa-scghg-v130,Scope 3 Cat 1 Spend-Based — NAICS 712120 Historical Sites,scope3-spend,3,1,naics-712120,0.136,kg CO2e / USD2022,,,,US-national,US-Federal,"{GHG-Protocol,SB-253}",AR5,1,0.0,EPA Supply Chain GHG Emission Factors v1.3.0,https://www.epa.gov/climateleadership/supply-chain-ghg-emission-factors-us-industry-and-commodities,2022,2024-01-01,2024-01-01,,,methodologies/scope-3-cat1-spend-based,2026-04-24
scope3-spend-naics712130-epa-scghg-v130,Scope 3 Cat 1 Spend-Based — NAICS 712130 Zoos and Botanical Gardens,scope3-spend,3,1,naics-712130,0.136,kg CO2e / USD2022,,,,US-national,US-Federal,"{GHG-Protocol,SB-253}",AR5,1,0.0,EPA Supply Chain GHG Emission Factors v1.3.0,https://www.epa.gov/climateleadership/supply-chain-ghg-emission-factors-us-industry-and-commodities,2022,2024-01-01,2024-01-01,,,methodologies/scope-3-cat1-spend-based,2026-04-24
scope3-spend-naics712190-epa-scghg-v130,Scope 3 Cat 1 Spend-Based — NAICS 712190 Nature Parks and Other Similar Institutions,scope3-spend,3,1,naics-712190,0.136,kg CO2e / USD2022,,,,US-national,US-Federal,"{GHG-Protocol,SB-253}",AR5,1,0.0,EPA Supply Chain GHG Emission Factors v1.3.0,https://www.epa.gov/climateleadership/supply-chain-ghg-emission-factors-us-industry-and-commodities,2022,2024-01-01,2024-01-01,,,methodologies/scope-3-cat1-spend-based,2026-04-24
scope3-spend-naics713110-epa-scghg-v130,Scope 3 Cat 1 Spend-Based — NAICS 713110 Amusement and Theme Parks,scope3-spend,3,1,naics-713110,0.167,kg CO2e / USD2022,,,,US-national,US-Federal,"{GHG-Protocol,SB-253}",AR5,1,0.0,EPA Supply Chain GHG Emission Factors v1.3.0,https://www.epa.gov/climateleadership/supply-chain-ghg-emission-factors-us-industry-and-commodities,2022,2024-01-01,2024-01-01,,,methodologies/scope-3-cat1-spend-based,2026-04-24
scope3-spend-naics713120-epa-scghg-v130,Scope 3 Cat 1 Spend-Based — NAICS 713120 Amusement Arcades,scope3-spend,3,1,naics-713120,0.167,kg CO2e / USD2022,,,,US-national,US-Federal,"{GHG-Protocol,SB-253}",AR5,1,0.0,EPA Supply Chain GHG Emission Factors v1.3.0,https://www.epa.gov/climateleadership/supply-chain-ghg-emission-factors-us-industry-and-commodities,2022,2024-01-01,2024-01-01,,,methodologies/scope-3-cat1-spend-based,2026-04-24
scope3-spend-naics713210-epa-scghg-v130,Scope 3 Cat 1 Spend-Based — NAICS 713210 Casinos (except Casino Hotels),scope3-spend,3,1,naics-713210,0.174,kg CO2e / USD2022,,,,US-national,US-Federal,"{GHG-Protocol,SB-253}",AR5,1,0.0,EPA Supply Chain GHG Emission Factors v1.3.0,https://www.epa.gov/climateleadership/supply-chain-ghg-emission-factors-us-industry-and-commodities,2022,2024-01-01,2024-01-01,,,methodologies/scope-3-cat1-spend-based,2026-04-24
scope3-spend-naics713290-epa-scghg-v130,Scope 3 Cat 1 Spend-Based — NAICS 713290 Other Gambling Industries,scope3-spend,3,1,naics-713290,0.174,kg CO2e / USD2022,,,,US-national,US-Federal,"{GHG-Protocol,SB-253}",AR5,1,0.0,EPA Supply Chain GHG Emission Factors v1.3.0,https://www.epa.gov/climateleadership/supply-chain-ghg-emission-factors-us-industry-and-commodities,2022,2024-01-01,2024-01-01,,,methodologies/scope-3-cat1-spend-based,2026-04-24
scope3-spend-naics713910-epa-scghg-v130,Scope 3 Cat 1 Spend-Based — NAICS 713910 Golf Courses and Country Clubs,scope3-spend,3,1,naics-713910,0.235,kg CO2e / USD2022,,,,US-national,US-Federal,"{GHG-Protocol,SB-253}",AR5,1,0.0,EPA Supply Chain GHG Emission Factors v1.3.0,https://www.epa.gov/climateleadership/supply-chain-ghg-emission-factors-us-industry-and-commodities,2022,2024-01-01,2024-01-01,,,methodologies/scope-3-cat1-spend-based,2026-04-24
scope3-spend-naics713920-epa-scghg-v130,Scope 3 Cat 1 Spend-Based — NAICS 713920 Skiing Facilities,scope3-spend,3,1,naics-713920,0.235,kg CO2e / USD2022,,,,US-national,US-Federal,"{GHG-Protocol,SB-253}",AR5,1,0.0,EPA Supply Chain GHG Emission Factors v1.3.0,https://www.epa.gov/climateleadership/supply-chain-ghg-emission-factors-us-industry-and-commodities,2022,2024-01-01,2024-01-01,,,methodologies/scope-3-cat1-spend-based,2026-04-24
scope3-spend-naics713930-epa-scghg-v130,Scope 3 Cat 1 Spend-Based — NAICS 713930 Marinas,scope3-spend,3,1,naics-713930,0.235,kg CO2e / USD2022,,,,US-national,US-Federal,"{GHG-Protocol,SB-253}",AR5,1,0.0,EPA Supply Chain GHG Emission Factors v1.3.0,https://www.epa.gov/climateleadership/supply-chain-ghg-emission-factors-us-industry-and-commodities,2022,2024-01-01,2024-01-01,,,methodologies/scope-3-cat1-spend-based,2026-04-24
scope3-spend-naics713940-epa-scghg-v130,Scope 3 Cat 1 Spend-Based — NAICS 713940 Fitness and Recreational Sports Centers,scope3-spend,3,1,naics-713940,0.235,kg CO2e / USD2022,,,,US-national,US-Federal,"{GHG-Protocol,SB-253}",AR5,1,0.0,EPA Supply Chain GHG Emission Factors v1.3.0,https://www.epa.gov/climateleadership/supply-chain-ghg-emission-factors-us-industry-and-commodities,2022,2024-01-01,2024-01-01,,,methodologies/scope-3-cat1-spend-based,2026-04-24
scope3-spend-naics713950-epa-scghg-v130,Scope 3 Cat 1 Spend-Based — NAICS 713950 Bowling Centers,scope3-spend,3,1,naics-713950,0.235,kg CO2e / USD2022,,,,US-national,US-Federal,"{GHG-Protocol,SB-253}",AR5,1,0.0,EPA Supply Chain GHG Emission Factors v1.3.0,https://www.epa.gov/climateleadership/supply-chain-ghg-emission-factors-us-industry-and-commodities,2022,2024-01-01,2024-01-01,,,methodologies/scope-3-cat1-spend-based,2026-04-24
scope3-spend-naics713990-epa-scghg-v130,Scope 3 Cat 1 Spend-Based — NAICS 713990 All Other Amusement and Recreation Industries,scope3-spend,3,1,naics-713990,0.235,kg CO2e / USD2022,,,,US-national,US-Federal,"{GHG-Protocol,SB-253}",AR5,1,0.0,EPA Supply Chain GHG Emission Factors v1.3.0,https://www.epa.gov/climateleadership/supply-chain-ghg-emission-factors-us-industry-and-commodities,2022,2024-01-01,2024-01-01,,,methodologies/scope-3-cat1-spend-based,2026-04-24
scope3-spend-naics721110-epa-scghg-v130,Scope 3 Cat 1 Spend-Based — NAICS 721110 Hotels (except Casino Hotels) and Motels,scope3-spend,3,1,naics-721110,0.145,kg CO2e / USD2022,,,,US-national,US-Federal,"{GHG-Protocol,SB-253}",AR5,1,0.0,EPA Supply Chain GHG Emission Factors v1.3.0,https://www.epa.gov/climateleadership/supply-chain-ghg-emission-factors-us-industry-and-commodities,2022,2024-01-01,2024-01-01,,,methodologies/scope-3-cat1-spend-based,2026-04-24
scope3-spend-naics721120-epa-scghg-v130,Scope 3 Cat 1 Spend-Based — NAICS 721120 Casino Hotels,scope3-spend,3,1,naics-721120,0.145,kg CO2e / USD2022,,,,US-national,US-Federal,"{GHG-Protocol,SB-253}",AR5,1,0.0,EPA Supply Chain GHG Emission Factors v1.3.0,https://www.epa.gov/climateleadership/supply-chain-ghg-emission-factors-us-industry-and-commodities,2022,2024-01-01,2024-01-01,,,methodologies/scope-3-cat1-spend-based,2026-04-24
scope3-spend-naics721191-epa-scghg-v130,Scope 3 Cat 1 Spend-Based — NAICS 721191 Bed-and-Breakfast Inns,scope3-spend,3,1,naics-721191,0.145,kg CO2e / USD2022,,,,US-national,US-Federal,"{GHG-Protocol,SB-253}",AR5,1,0.0,EPA Supply Chain GHG Emission Factors v1.3.0,https://www.epa.gov/climateleadership/supply-chain-ghg-emission-factors-us-industry-and-commodities,2022,2024-01-01,2024-01-01,,,methodologies/scope-3-cat1-spend-based,2026-04-24
scope3-spend-naics721199-epa-scghg-v130,Scope 3 Cat 1 Spend-Based — NAICS 721199 All Other Traveler Accommodation,scope3-spend,3,1,naics-721199,0.145,kg CO2e / USD2022,,,,US-national,US-Federal,"{GHG-Protocol,SB-253}",AR5,1,0.0,EPA Supply Chain GHG Emission Factors v1.3.0,https://www.epa.gov/climateleadership/supply-chain-ghg-emission-factors-us-industry-and-commodities,2022,2024-01-01,2024-01-01,,,methodologies/scope-3-cat1-spend-based,2026-04-24
scope3-spend-naics721211-epa-scghg-v130,Scope 3 Cat 1 Spend-Based — NAICS 721211 RV (Recreational Vehicle) Parks and Campgrounds,scope3-spend,3,1,naics-721211,0.145,kg CO2e / USD2022,,,,US-national,US-Federal,"{GHG-Protocol,SB-253}",AR5,1,0.0,EPA Supply Chain GHG Emission Factors v1.3.0,https://www.epa.gov/climateleadership/supply-chain-ghg-emission-factors-us-industry-and-commodities,2022,2024-01-01,2024-01-01,,,methodologies/scope-3-cat1-spend-based,2026-04-24
scope3-spend-naics721214-epa-scghg-v130,Scope 3 Cat 1 Spend-Based — NAICS 721214 Recreational and Vacation Camps (except Campgrounds),scope3-spend,3,1,naics-721214,0.145,kg CO2e / USD2022,,,,US-national,US-Federal,"{GHG-Protocol,SB-253}",AR5,1,0.0,EPA Supply Chain GHG Emission Factors v1.3.0,https://www.epa.gov/climateleadership/supply-chain-ghg-emission-factors-us-industry-and-commodities,2022,2024-01-01,2024-01-01,,,methodologies/scope-3-cat1-spend-based,2026-04-24
scope3-spend-naics721310-epa-scghg-v130,"Scope 3 Cat 1 Spend-Based — NAICS 721310 Rooming and Boarding Houses, Dormitories, and Workers' Camps",scope3-spend,3,1,naics-721310,0.145,kg CO2e / USD2022,,,,US-national,US-Federal,"{GHG-Protocol,SB-253}",AR5,1,0.0,EPA Supply Chain GHG Emission Factors v1.3.0,https://www.epa.gov/climateleadership/supply-chain-ghg-emission-factors-us-industry-and-commodities,2022,2024-01-01,2024-01-01,,,methodologies/scope-3-cat1-spend-based,2026-04-24
scope3-spend-naics722310-epa-scghg-v130,Scope 3 Cat 1 Spend-Based — NAICS 722310 Food Service Contractors,scope3-spend,3,1,naics-722310,0.132,kg CO2e / USD2022,,,,US-national,US-Federal,"{GHG-Protocol,SB-253}",AR5,1,0.0,EPA Supply Chain GHG Emission Factors v1.3.0,https://www.epa.gov/climateleadership/supply-chain-ghg-emission-factors-us-industry-and-commodities,2022,2024-01-01,2024-01-01,,,methodologies/scope-3-cat1-spend-based,2026-04-24
scope3-spend-naics722320-epa-scghg-v130,Scope 3 Cat 1 Spend-Based — NAICS 722320 Caterers,scope3-spend,3,1,naics-722320,0.132,kg CO2e / USD2022,,,,US-national,US-Federal,"{GHG-Protocol,SB-253}",AR5,1,0.0,EPA Supply Chain GHG Emission Factors v1.3.0,https://www.epa.gov/climateleadership/supply-chain-ghg-emission-factors-us-industry-and-commodities,2022,2024-01-01,2024-01-01,,,methodologies/scope-3-cat1-spend-based,2026-04-24
scope3-spend-naics722330-epa-scghg-v130,Scope 3 Cat 1 Spend-Based — NAICS 722330 Mobile Food Services,scope3-spend,3,1,naics-722330,0.132,kg CO2e / USD2022,,,,US-national,US-Federal,"{GHG-Protocol,SB-253}",AR5,1,0.0,EPA Supply Chain GHG Emission Factors v1.3.0,https://www.epa.gov/climateleadership/supply-chain-ghg-emission-factors-us-industry-and-commodities,2022,2024-01-01,2024-01-01,,,methodologies/scope-3-cat1-spend-based,2026-04-24
scope3-spend-naics722410-epa-scghg-v130,Scope 3 Cat 1 Spend-Based — NAICS 722410 Drinking Places (Alcoholic Beverages),scope3-spend,3,1,naics-722410,0.132,kg CO2e / USD2022,,,,US-national,US-Federal,"{GHG-Protocol,SB-253}",AR5,1,0.0,EPA Supply Chain GHG Emission Factors v1.3.0,https://www.epa.gov/climateleadership/supply-chain-ghg-emission-factors-us-industry-and-commodities,2022,2024-01-01,2024-01-01,,,methodologies/scope-3-cat1-spend-based,2026-04-24
scope3-spend-naics722511-epa-scghg-v130,Scope 3 Cat 1 Spend-Based — NAICS 722511 Full-Service Restaurants,scope3-spend,3,1,naics-722511,0.194,kg CO2e / USD2022,,,,US-national,US-Federal,"{GHG-Protocol,SB-253}",AR5,1,0.0,EPA Supply Chain GHG Emission Factors v1.3.0,https://www.epa.gov/climateleadership/supply-chain-ghg-emission-factors-us-industry-and-commodities,2022,2024-01-01,2024-01-01,,,methodologies/scope-3-cat1-spend-based,2026-04-24
scope3-spend-naics722513-epa-scghg-v130,Scope 3 Cat 1 Spend-Based — NAICS 722513 Limited-Service Restaurants,scope3-spend,3,1,naics-722513,0.255,kg CO2e / USD2022,,,,US-national,US-Federal,"{GHG-Protocol,SB-253}",AR5,1,0.0,EPA Supply Chain GHG Emission Factors v1.3.0,https://www.epa.gov/climateleadership/supply-chain-ghg-emission-factors-us-industry-and-commodities,2022,2024-01-01,2024-01-01,,,methodologies/scope-3-cat1-spend-based,2026-04-24
scope3-spend-naics722514-epa-scghg-v130,"Scope 3 Cat 1 Spend-Based — NAICS 722514 Cafeterias, Grill Buffets, and Buffets",scope3-spend,3,1,naics-722514,0.132,kg CO2e / USD2022,,,,US-national,US-Federal,"{GHG-Protocol,SB-253}",AR5,1,0.0,EPA Supply Chain GHG Emission Factors v1.3.0,https://www.epa.gov/climateleadership/supply-chain-ghg-emission-factors-us-industry-and-commodities,2022,2024-01-01,2024-01-01,,,methodologies/scope-3-cat1-spend-based,2026-04-24
scope3-spend-naics722515-epa-scghg-v130,Scope 3 Cat 1 Spend-Based — NAICS 722515 Snack and Nonalcoholic Beverage Bars,scope3-spend,3,1,naics-722515,0.132,kg CO2e / USD2022,,,,US-national,US-Federal,"{GHG-Protocol,SB-253}",AR5,1,0.0,EPA Supply Chain GHG Emission Factors v1.3.0,https://www.epa.gov/climateleadership/supply-chain-ghg-emission-factors-us-industry-and-commodities,2022,2024-01-01,2024-01-01,,,methodologies/scope-3-cat1-spend-based,2026-04-24
scope3-spend-naics811111-epa-scghg-v130,Scope 3 Cat 1 Spend-Based — NAICS 811111 General Automotive Repair,scope3-spend,3,1,naics-811111,0.103,kg CO2e / USD2022,,,,US-national,US-Federal,"{GHG-Protocol,SB-253}",AR5,1,0.0,EPA Supply Chain GHG Emission Factors v1.3.0,https://www.epa.gov/climateleadership/supply-chain-ghg-emission-factors-us-industry-and-commodities,2022,2024-01-01,2024-01-01,,,methodologies/scope-3-cat1-spend-based,2026-04-24
scope3-spend-naics811112-epa-scghg-v130,Scope 3 Cat 1 Spend-Based — NAICS 811112 Automotive Exhaust System Repair,scope3-spend,3,1,naics-811112,0.103,kg CO2e / USD2022,,,,US-national,US-Federal,"{GHG-Protocol,SB-253}",AR5,1,0.0,EPA Supply Chain GHG Emission Factors v1.3.0,https://www.epa.gov/climateleadership/supply-chain-ghg-emission-factors-us-industry-and-commodities,2022,2024-01-01,2024-01-01,,,methodologies/scope-3-cat1-spend-based,2026-04-24
scope3-spend-naics811113-epa-scghg-v130,Scope 3 Cat 1 Spend-Based — NAICS 811113 Automotive Transmission Repair,scope3-spend,3,1,naics-811113,0.103,kg CO2e / USD2022,,,,US-national,US-Federal,"{GHG-Protocol,SB-253}",AR5,1,0.0,EPA Supply Chain GHG Emission Factors v1.3.0,https://www.epa.gov/climateleadership/supply-chain-ghg-emission-factors-us-industry-and-commodities,2022,2024-01-01,2024-01-01,,,methodologies/scope-3-cat1-spend-based,2026-04-24
scope3-spend-naics811118-epa-scghg-v130,Scope 3 Cat 1 Spend-Based — NAICS 811118 Other Automotive Mechanical and Electrical Repair and Maintenance,scope3-spend,3,1,naics-811118,0.103,kg CO2e / USD2022,,,,US-national,US-Federal,"{GHG-Protocol,SB-253}",AR5,1,0.0,EPA Supply Chain GHG Emission Factors v1.3.0,https://www.epa.gov/climateleadership/supply-chain-ghg-emission-factors-us-industry-and-commodities,2022,2024-01-01,2024-01-01,,,methodologies/scope-3-cat1-spend-based,2026-04-24
scope3-spend-naics811121-epa-scghg-v130,"Scope 3 Cat 1 Spend-Based — NAICS 811121 Automotive Body, Paint, and Interior Repair and Maintenance",scope3-spend,3,1,naics-811121,0.103,kg CO2e / USD2022,,,,US-national,US-Federal,"{GHG-Protocol,SB-253}",AR5,1,0.0,EPA Supply Chain GHG Emission Factors v1.3.0,https://www.epa.gov/climateleadership/supply-chain-ghg-emission-factors-us-industry-and-commodities,2022,2024-01-01,2024-01-01,,,methodologies/scope-3-cat1-spend-based,2026-04-24
scope3-spend-naics811122-epa-scghg-v130,Scope 3 Cat 1 Spend-Based — NAICS 811122 Automotive Glass Replacement Shops,scope3-spend,3,1,naics-811122,0.103,kg CO2e / USD2022,,,,US-national,US-Federal,"{GHG-Protocol,SB-253}",AR5,1,0.0,EPA Supply Chain GHG Emission Factors v1.3.0,https://www.epa.gov/climateleadership/supply-chain-ghg-emission-factors-us-industry-and-commodities,2022,2024-01-01,2024-01-01,,,methodologies/scope-3-cat1-spend-based,2026-04-24
scope3-spend-naics811191-epa-scghg-v130,Scope 3 Cat 1 Spend-Based — NAICS 811191 Automotive Oil Change and Lubrication Shops,scope3-spend,3,1,naics-811191,0.103,kg CO2e / USD2022,,,,US-national,US-Federal,"{GHG-Protocol,SB-253}",AR5,1,0.0,EPA Supply Chain GHG Emission Factors v1.3.0,https://www.epa.gov/climateleadership/supply-chain-ghg-emission-factors-us-industry-and-commodities,2022,2024-01-01,2024-01-01,,,methodologies/scope-3-cat1-spend-based,2026-04-24
scope3-spend-naics811192-epa-scghg-v130,Scope 3 Cat 1 Spend-Based — NAICS 811192 Car Washes,scope3-spend,3,1,naics-811192,0.103,kg CO2e / USD2022,,,,US-national,US-Federal,"{GHG-Protocol,SB-253}",AR5,1,0.0,EPA Supply Chain GHG Emission Factors v1.3.0,https://www.epa.gov/climateleadership/supply-chain-ghg-emission-factors-us-industry-and-commodities,2022,2024-01-01,2024-01-01,,,methodologies/scope-3-cat1-spend-based,2026-04-24
scope3-spend-naics811198-epa-scghg-v130,Scope 3 Cat 1 Spend-Based — NAICS 811198 All Other Automotive Repair and Maintenance,scope3-spend,3,1,naics-811198,0.103,kg CO2e / USD2022,,,,US-national,US-Federal,"{GHG-Protocol,SB-253}",AR5,1,0.0,EPA Supply Chain GHG Emission Factors v1.3.0,https://www.epa.gov/climateleadership/supply-chain-ghg-emission-factors-us-industry-and-commodities,2022,2024-01-01,2024-01-01,,,methodologies/scope-3-cat1-spend-based,2026-04-24
scope3-spend-naics811211-epa-scghg-v130,Scope 3 Cat 1 Spend-Based — NAICS 811211 Consumer Electronics Repair and Maintenance,scope3-spend,3,1,naics-811211,0.076,kg CO2e / USD2022,,,,US-national,US-Federal,"{GHG-Protocol,SB-253}",AR5,1,0.0,EPA Supply Chain GHG Emission Factors v1.3.0,https://www.epa.gov/climateleadership/supply-chain-ghg-emission-factors-us-industry-and-commodities,2022,2024-01-01,2024-01-01,,,methodologies/scope-3-cat1-spend-based,2026-04-24
scope3-spend-naics811212-epa-scghg-v130,Scope 3 Cat 1 Spend-Based — NAICS 811212 Computer and Office Machine Repair and Maintenance,scope3-spend,3,1,naics-811212,0.076,kg CO2e / USD2022,,,,US-national,US-Federal,"{GHG-Protocol,SB-253}",AR5,1,0.0,EPA Supply Chain GHG Emission Factors v1.3.0,https://www.epa.gov/climateleadership/supply-chain-ghg-emission-factors-us-industry-and-commodities,2022,2024-01-01,2024-01-01,,,methodologies/scope-3-cat1-spend-based,2026-04-24
scope3-spend-naics811213-epa-scghg-v130,Scope 3 Cat 1 Spend-Based — NAICS 811213 Communication Equipment Repair and Maintenance,scope3-spend,3,1,naics-811213,0.076,kg CO2e / USD2022,,,,US-national,US-Federal,"{GHG-Protocol,SB-253}",AR5,1,0.0,EPA Supply Chain GHG Emission Factors v1.3.0,https://www.epa.gov/climateleadership/supply-chain-ghg-emission-factors-us-industry-and-commodities,2022,2024-01-01,2024-01-01,,,methodologies/scope-3-cat1-spend-based,2026-04-24
scope3-spend-naics811219-epa-scghg-v130,Scope 3 Cat 1 Spend-Based — NAICS 811219 Other Electronic and Precision Equipment Repair and Maintenance,scope3-spend,3,1,naics-811219,0.076,kg CO2e / USD2022,,,,US-national,US-Federal,"{GHG-Protocol,SB-253}",AR5,1,0.0,EPA Supply Chain GHG Emission Factors v1.3.0,https://www.epa.gov/climateleadership/supply-chain-ghg-emission-factors-us-industry-and-commodities,2022,2024-01-01,2024-01-01,,,methodologies/scope-3-cat1-spend-based,2026-04-24
scope3-spend-naics811310-epa-scghg-v130,Scope 3 Cat 1 Spend-Based — NAICS 811310 Commercial and Industrial Machinery and Equipment (except Automotive and Electronic) Repair and Maintenance,scope3-spend,3,1,naics-811310,0.136,kg CO2e / USD2022,,,,US-national,US-Federal,"{GHG-Protocol,SB-253}",AR5,1,0.0,EPA Supply Chain GHG Emission Factors v1.3.0,https://www.epa.gov/climateleadership/supply-chain-ghg-emission-factors-us-industry-and-commodities,2022,2024-01-01,2024-01-01,,,methodologies/scope-3-cat1-spend-based,2026-04-24
scope3-spend-naics811411-epa-scghg-v130,Scope 3 Cat 1 Spend-Based — NAICS 811411 Home and Garden Equipment Repair and Maintenance,scope3-spend,3,1,naics-811411,0.113,kg CO2e / USD2022,,,,US-national,US-Federal,"{GHG-Protocol,SB-253}",AR5,1,0.0,EPA Supply Chain GHG Emission Factors v1.3.0,https://www.epa.gov/climateleadership/supply-chain-ghg-emission-factors-us-industry-and-commodities,2022,2024-01-01,2024-01-01,,,methodologies/scope-3-cat1-spend-based,2026-04-24
scope3-spend-naics811412-epa-scghg-v130,Scope 3 Cat 1 Spend-Based — NAICS 811412 Appliance Repair and Maintenance,scope3-spend,3,1,naics-811412,0.113,kg CO2e / USD2022,,,,US-national,US-Federal,"{GHG-Protocol,SB-253}",AR5,1,0.0,EPA Supply Chain GHG Emission Factors v1.3.0,https://www.epa.gov/climateleadership/supply-chain-ghg-emission-factors-us-industry-and-commodities,2022,2024-01-01,2024-01-01,,,methodologies/scope-3-cat1-spend-based,2026-04-24
scope3-spend-naics811420-epa-scghg-v130,Scope 3 Cat 1 Spend-Based — NAICS 811420 Reupholstery and Furniture Repair,scope3-spend,3,1,naics-811420,0.113,kg CO2e / USD2022,,,,US-national,US-Federal,"{GHG-Protocol,SB-253}",AR5,1,0.0,EPA Supply Chain GHG Emission Factors v1.3.0,https://www.epa.gov/climateleadership/supply-chain-ghg-emission-factors-us-industry-and-commodities,2022,2024-01-01,2024-01-01,,,methodologies/scope-3-cat1-spend-based,2026-04-24
scope3-spend-naics811430-epa-scghg-v130,Scope 3 Cat 1 Spend-Based — NAICS 811430 Footwear and Leather Goods Repair,scope3-spend,3,1,naics-811430,0.113,kg CO2e / USD2022,,,,US-national,US-Federal,"{GHG-Protocol,SB-253}",AR5,1,0.0,EPA Supply Chain GHG Emission Factors v1.3.0,https://www.epa.gov/climateleadership/supply-chain-ghg-emission-factors-us-industry-and-commodities,2022,2024-01-01,2024-01-01,,,methodologies/scope-3-cat1-spend-based,2026-04-24
scope3-spend-naics811490-epa-scghg-v130,Scope 3 Cat 1 Spend-Based — NAICS 811490 Other Personal and Household Goods Repair and Maintenance,scope3-spend,3,1,naics-811490,0.113,kg CO2e / USD2022,,,,US-national,US-Federal,"{GHG-Protocol,SB-253}",AR5,1,0.0,EPA Supply Chain GHG Emission Factors v1.3.0,https://www.epa.gov/climateleadership/supply-chain-ghg-emission-factors-us-industry-and-commodities,2022,2024-01-01,2024-01-01,,,methodologies/scope-3-cat1-spend-based,2026-04-24
scope3-spend-naics812111-epa-scghg-v130,Scope 3 Cat 1 Spend-Based — NAICS 812111 Barber Shops,scope3-spend,3,1,naics-812111,0.125,kg CO2e / USD2022,,,,US-national,US-Federal,"{GHG-Protocol,SB-253}",AR5,1,0.0,EPA Supply Chain GHG Emission Factors v1.3.0,https://www.epa.gov/climateleadership/supply-chain-ghg-emission-factors-us-industry-and-commodities,2022,2024-01-01,2024-01-01,,,methodologies/scope-3-cat1-spend-based,2026-04-24
scope3-spend-naics812112-epa-scghg-v130,Scope 3 Cat 1 Spend-Based — NAICS 812112 Beauty Salons,scope3-spend,3,1,naics-812112,0.125,kg CO2e / USD2022,,,,US-national,US-Federal,"{GHG-Protocol,SB-253}",AR5,1,0.0,EPA Supply Chain GHG Emission Factors v1.3.0,https://www.epa.gov/climateleadership/supply-chain-ghg-emission-factors-us-industry-and-commodities,2022,2024-01-01,2024-01-01,,,methodologies/scope-3-cat1-spend-based,2026-04-24
scope3-spend-naics812113-epa-scghg-v130,Scope 3 Cat 1 Spend-Based — NAICS 812113 Nail Salons,scope3-spend,3,1,naics-812113,0.125,kg CO2e / USD2022,,,,US-national,US-Federal,"{GHG-Protocol,SB-253}",AR5,1,0.0,EPA Supply Chain GHG Emission Factors v1.3.0,https://www.epa.gov/climateleadership/supply-chain-ghg-emission-factors-us-industry-and-commodities,2022,2024-01-01,2024-01-01,,,methodologies/scope-3-cat1-spend-based,2026-04-24
scope3-spend-naics812191-epa-scghg-v130,Scope 3 Cat 1 Spend-Based — NAICS 812191 Diet and Weight Reducing Centers,scope3-spend,3,1,naics-812191,0.125,kg CO2e / USD2022,,,,US-national,US-Federal,"{GHG-Protocol,SB-253}",AR5,1,0.0,EPA Supply Chain GHG Emission Factors v1.3.0,https://www.epa.gov/climateleadership/supply-chain-ghg-emission-factors-us-industry-and-commodities,2022,2024-01-01,2024-01-01,,,methodologies/scope-3-cat1-spend-based,2026-04-24
scope3-spend-naics812199-epa-scghg-v130,Scope 3 Cat 1 Spend-Based — NAICS 812199 Other Personal Care Services,scope3-spend,3,1,naics-812199,0.125,kg CO2e / USD2022,,,,US-national,US-Federal,"{GHG-Protocol,SB-253}",AR5,1,0.0,EPA Supply Chain GHG Emission Factors v1.3.0,https://www.epa.gov/climateleadership/supply-chain-ghg-emission-factors-us-industry-and-commodities,2022,2024-01-01,2024-01-01,,,methodologies/scope-3-cat1-spend-based,2026-04-24
scope3-spend-naics812210-epa-scghg-v130,Scope 3 Cat 1 Spend-Based — NAICS 812210 Funeral Homes and Funeral Services,scope3-spend,3,1,naics-812210,0.047,kg CO2e / USD2022,,,,US-national,US-Federal,"{GHG-Protocol,SB-253}",AR5,1,0.0,EPA Supply Chain GHG Emission Factors v1.3.0,https://www.epa.gov/climateleadership/supply-chain-ghg-emission-factors-us-industry-and-commodities,2022,2024-01-01,2024-01-01,,,methodologies/scope-3-cat1-spend-based,2026-04-24
scope3-spend-naics812220-epa-scghg-v130,Scope 3 Cat 1 Spend-Based — NAICS 812220 Cemeteries and Crematories,scope3-spend,3,1,naics-812220,0.047,kg CO2e / USD2022,,,,US-national,US-Federal,"{GHG-Protocol,SB-253}",AR5,1,0.0,EPA Supply Chain GHG Emission Factors v1.3.0,https://www.epa.gov/climateleadership/supply-chain-ghg-emission-factors-us-industry-and-commodities,2022,2024-01-01,2024-01-01,,,methodologies/scope-3-cat1-spend-based,2026-04-24
scope3-spend-naics812310-epa-scghg-v130,Scope 3 Cat 1 Spend-Based — NAICS 812310 Coin-Operated Laundries and Drycleaners,scope3-spend,3,1,naics-812310,0.158,kg CO2e / USD2022,,,,US-national,US-Federal,"{GHG-Protocol,SB-253}",AR5,1,0.0,EPA Supply Chain GHG Emission Factors v1.3.0,https://www.epa.gov/climateleadership/supply-chain-ghg-emission-factors-us-industry-and-commodities,2022,2024-01-01,2024-01-01,,,methodologies/scope-3-cat1-spend-based,2026-04-24
scope3-spend-naics812320-epa-scghg-v130,Scope 3 Cat 1 Spend-Based — NAICS 812320 Drycleaning and Laundry Services (except Coin-Operated),scope3-spend,3,1,naics-812320,0.158,kg CO2e / USD2022,,,,US-national,US-Federal,"{GHG-Protocol,SB-253}",AR5,1,0.0,EPA Supply Chain GHG Emission Factors v1.3.0,https://www.epa.gov/climateleadership/supply-chain-ghg-emission-factors-us-industry-and-commodities,2022,2024-01-01,2024-01-01,,,methodologies/scope-3-cat1-spend-based,2026-04-24
scope3-spend-naics812331-epa-scghg-v130,Scope 3 Cat 1 Spend-Based — NAICS 812331 Linen Supply,scope3-spend,3,1,naics-812331,0.158,kg CO2e / USD2022,,,,US-national,US-Federal,"{GHG-Protocol,SB-253}",AR5,1,0.0,EPA Supply Chain GHG Emission Factors v1.3.0,https://www.epa.gov/climateleadership/supply-chain-ghg-emission-factors-us-industry-and-commodities,2022,2024-01-01,2024-01-01,,,methodologies/scope-3-cat1-spend-based,2026-04-24
scope3-spend-naics812332-epa-scghg-v130,Scope 3 Cat 1 Spend-Based — NAICS 812332 Industrial Launderers,scope3-spend,3,1,naics-812332,0.158,kg CO2e / USD2022,,,,US-national,US-Federal,"{GHG-Protocol,SB-253}",AR5,1,0.0,EPA Supply Chain GHG Emission Factors v1.3.0,https://www.epa.gov/climateleadership/supply-chain-ghg-emission-factors-us-industry-and-commodities,2022,2024-01-01,2024-01-01,,,methodologies/scope-3-cat1-spend-based,2026-04-24
scope3-spend-naics812910-epa-scghg-v130,Scope 3 Cat 1 Spend-Based — NAICS 812910 Pet Care (except Veterinary) Services,scope3-spend,3,1,naics-812910,0.111,kg CO2e / USD2022,,,,US-national,US-Federal,"{GHG-Protocol,SB-253}",AR5,1,0.0,EPA Supply Chain GHG Emission Factors v1.3.0,https://www.epa.gov/climateleadership/supply-chain-ghg-emission-factors-us-industry-and-commodities,2022,2024-01-01,2024-01-01,,,methodologies/scope-3-cat1-spend-based,2026-04-24
scope3-spend-naics812921-epa-scghg-v130,Scope 3 Cat 1 Spend-Based — NAICS 812921 Photofinishing Laboratories (except One-Hour),scope3-spend,3,1,naics-812921,0.111,kg CO2e / USD2022,,,,US-national,US-Federal,"{GHG-Protocol,SB-253}",AR5,1,0.0,EPA Supply Chain GHG Emission Factors v1.3.0,https://www.epa.gov/climateleadership/supply-chain-ghg-emission-factors-us-industry-and-commodities,2022,2024-01-01,2024-01-01,,,methodologies/scope-3-cat1-spend-based,2026-04-24
scope3-spend-naics812922-epa-scghg-v130,Scope 3 Cat 1 Spend-Based — NAICS 812922 One-Hour Photofinishing,scope3-spend,3,1,naics-812922,0.111,kg CO2e / USD2022,,,,US-national,US-Federal,"{GHG-Protocol,SB-253}",AR5,1,0.0,EPA Supply Chain GHG Emission Factors v1.3.0,https://www.epa.gov/climateleadership/supply-chain-ghg-emission-factors-us-industry-and-commodities,2022,2024-01-01,2024-01-01,,,methodologies/scope-3-cat1-spend-based,2026-04-24
scope3-spend-naics812930-epa-scghg-v130,Scope 3 Cat 1 Spend-Based — NAICS 812930 Parking Lots and Garages,scope3-spend,3,1,naics-812930,0.111,kg CO2e / USD2022,,,,US-national,US-Federal,"{GHG-Protocol,SB-253}",AR5,1,0.0,EPA Supply Chain GHG Emission Factors v1.3.0,https://www.epa.gov/climateleadership/supply-chain-ghg-emission-factors-us-industry-and-commodities,2022,2024-01-01,2024-01-01,,,methodologies/scope-3-cat1-spend-based,2026-04-24
scope3-spend-naics812990-epa-scghg-v130,Scope 3 Cat 1 Spend-Based — NAICS 812990 All Other Personal Services,scope3-spend,3,1,naics-812990,0.111,kg CO2e / USD2022,,,,US-national,US-Federal,"{GHG-Protocol,SB-253}",AR5,1,0.0,EPA Supply Chain GHG Emission Factors v1.3.0,https://www.epa.gov/climateleadership/supply-chain-ghg-emission-factors-us-industry-and-commodities,2022,2024-01-01,2024-01-01,,,methodologies/scope-3-cat1-spend-based,2026-04-24
scope3-spend-naics813110-epa-scghg-v130,Scope 3 Cat 1 Spend-Based — NAICS 813110 Religious Organizations,scope3-spend,3,1,naics-813110,0.076,kg CO2e / USD2022,,,,US-national,US-Federal,"{GHG-Protocol,SB-253}",AR5,1,0.0,EPA Supply Chain GHG Emission Factors v1.3.0,https://www.epa.gov/climateleadership/supply-chain-ghg-emission-factors-us-industry-and-commodities,2022,2024-01-01,2024-01-01,,,methodologies/scope-3-cat1-spend-based,2026-04-24
scope3-spend-naics813211-epa-scghg-v130,Scope 3 Cat 1 Spend-Based — NAICS 813211 Grantmaking Foundations,scope3-spend,3,1,naics-813211,0.059,kg CO2e / USD2022,,,,US-national,US-Federal,"{GHG-Protocol,SB-253}",AR5,1,0.0,EPA Supply Chain GHG Emission Factors v1.3.0,https://www.epa.gov/climateleadership/supply-chain-ghg-emission-factors-us-industry-and-commodities,2022,2024-01-01,2024-01-01,,,methodologies/scope-3-cat1-spend-based,2026-04-24
scope3-spend-naics813212-epa-scghg-v130,Scope 3 Cat 1 Spend-Based — NAICS 813212 Voluntary Health Organizations,scope3-spend,3,1,naics-813212,0.059,kg CO2e / USD2022,,,,US-national,US-Federal,"{GHG-Protocol,SB-253}",AR5,1,0.0,EPA Supply Chain GHG Emission Factors v1.3.0,https://www.epa.gov/climateleadership/supply-chain-ghg-emission-factors-us-industry-and-commodities,2022,2024-01-01,2024-01-01,,,methodologies/scope-3-cat1-spend-based,2026-04-24
scope3-spend-naics813219-epa-scghg-v130,Scope 3 Cat 1 Spend-Based — NAICS 813219 Other Grantmaking and Giving Services,scope3-spend,3,1,naics-813219,0.059,kg CO2e / USD2022,,,,US-national,US-Federal,"{GHG-Protocol,SB-253}",AR5,1,0.0,EPA Supply Chain GHG Emission Factors v1.3.0,https://www.epa.gov/climateleadership/supply-chain-ghg-emission-factors-us-industry-and-commodities,2022,2024-01-01,2024-01-01,,,methodologies/scope-3-cat1-spend-based,2026-04-24
scope3-spend-naics813311-epa-scghg-v130,Scope 3 Cat 1 Spend-Based — NAICS 813311 Human Rights Organizations,scope3-spend,3,1,naics-813311,0.059,kg CO2e / USD2022,,,,US-national,US-Federal,"{GHG-Protocol,SB-253}",AR5,1,0.0,EPA Supply Chain GHG Emission Factors v1.3.0,https://www.epa.gov/climateleadership/supply-chain-ghg-emission-factors-us-industry-and-commodities,2022,2024-01-01,2024-01-01,,,methodologies/scope-3-cat1-spend-based,2026-04-24
scope3-spend-naics813312-epa-scghg-v130,"Scope 3 Cat 1 Spend-Based — NAICS 813312 Environment, Conservation and Wildlife Organizations",scope3-spend,3,1,naics-813312,0.059,kg CO2e / USD2022,,,,US-national,US-Federal,"{GHG-Protocol,SB-253}",AR5,1,0.0,EPA Supply Chain GHG Emission Factors v1.3.0,https://www.epa.gov/climateleadership/supply-chain-ghg-emission-factors-us-industry-and-commodities,2022,2024-01-01,2024-01-01,,,methodologies/scope-3-cat1-spend-based,2026-04-24
scope3-spend-naics813319-epa-scghg-v130,Scope 3 Cat 1 Spend-Based — NAICS 813319 Other Social Advocacy Organizations,scope3-spend,3,1,naics-813319,0.059,kg CO2e / USD2022,,,,US-national,US-Federal,"{GHG-Protocol,SB-253}",AR5,1,0.0,EPA Supply Chain GHG Emission Factors v1.3.0,https://www.epa.gov/climateleadership/supply-chain-ghg-emission-factors-us-industry-and-commodities,2022,2024-01-01,2024-01-01,,,methodologies/scope-3-cat1-spend-based,2026-04-24
scope3-spend-naics813410-epa-scghg-v130,Scope 3 Cat 1 Spend-Based — NAICS 813410 Civic and Social Organizations,scope3-spend,3,1,naics-813410,0.128,kg CO2e / USD2022,,,,US-national,US-Federal,"{GHG-Protocol,SB-253}",AR5,1,0.0,EPA Supply Chain GHG Emission Factors v1.3.0,https://www.epa.gov/climateleadership/supply-chain-ghg-emission-factors-us-industry-and-commodities,2022,2024-01-01,2024-01-01,,,methodologies/scope-3-cat1-spend-based,2026-04-24
scope3-spend-naics813910-epa-scghg-v130,Scope 3 Cat 1 Spend-Based — NAICS 813910 Business Associations,scope3-spend,3,1,naics-813910,0.128,kg CO2e / USD2022,,,,US-national,US-Federal,"{GHG-Protocol,SB-253}",AR5,1,0.0,EPA Supply Chain GHG Emission Factors v1.3.0,https://www.epa.gov/climateleadership/supply-chain-ghg-emission-factors-us-industry-and-commodities,2022,2024-01-01,2024-01-01,,,methodologies/scope-3-cat1-spend-based,2026-04-24
scope3-spend-naics813920-epa-scghg-v130,Scope 3 Cat 1 Spend-Based — NAICS 813920 Professional Organizations,scope3-spend,3,1,naics-813920,0.128,kg CO2e / USD2022,,,,US-national,US-Federal,"{GHG-Protocol,SB-253}",AR5,1,0.0,EPA Supply Chain GHG Emission Factors v1.3.0,https://www.epa.gov/climateleadership/supply-chain-ghg-emission-factors-us-industry-and-commodities,2022,2024-01-01,2024-01-01,,,methodologies/scope-3-cat1-spend-based,2026-04-24
scope3-spend-naics813930-epa-scghg-v130,Scope 3 Cat 1 Spend-Based — NAICS 813930 Labor Unions and Similar Labor Organizations,scope3-spend,3,1,naics-813930,0.128,kg CO2e / USD2022,,,,US-national,US-Federal,"{GHG-Protocol,SB-253}",AR5,1,0.0,EPA Supply Chain GHG Emission Factors v1.3.0,https://www.epa.gov/climateleadership/supply-chain-ghg-emission-factors-us-industry-and-commodities,2022,2024-01-01,2024-01-01,,,methodologies/scope-3-cat1-spend-based,2026-04-24
scope3-spend-naics813940-epa-scghg-v130,Scope 3 Cat 1 Spend-Based — NAICS 813940 Political Organizations,scope3-spend,3,1,naics-813940,0.128,kg CO2e / USD2022,,,,US-national,US-Federal,"{GHG-Protocol,SB-253}",AR5,1,0.0,EPA Supply Chain GHG Emission Factors v1.3.0,https://www.epa.gov/climateleadership/supply-chain-ghg-emission-factors-us-industry-and-commodities,2022,2024-01-01,2024-01-01,,,methodologies/scope-3-cat1-spend-based,2026-04-24
scope3-spend-naics813990-epa-scghg-v130,"Scope 3 Cat 1 Spend-Based — NAICS 813990 Other Similar Organizations (except Business, Professional, Labor, and Political Organizations)",scope3-spend,3,1,naics-813990,0.128,kg CO2e / USD2022,,,,US-national,US-Federal,"{GHG-Protocol,SB-253}",AR5,1,0.0,EPA Supply Chain GHG Emission Factors v1.3.0,https://www.epa.gov/climateleadership/supply-chain-ghg-emission-factors-us-industry-and-commodities,2022,2024-01-01,2024-01-01,,,methodologies/scope-3-cat1-spend-based,2026-04-24
