factor_id,name,factor_type,scope,scope3_category,substance,value,unit,co2_factor,ch4_factor,n2o_factor,geography,jurisdiction,required_by,gwp_basis,tier,uncertainty_pct,source_document,source_url,data_year,published_date,effective_start,effective_end,superseded_by,wiki_method_page,last_verified
scope3-transport-passenger-vehicles-cars-by-market-segment-mini-diesel-defra-2024,Passenger vehicles — Cars (by market segment) — Mini — Diesel (DEFRA 2024),scope3-distance,3,7,Cars (by market segment) — Mini — Diesel,0.10764,kg CO2e / km,,,,Global,Global,"{GHG-Protocol,SB-253}",AR5,2,,DEFRA UK GHG Conversion Factors 2024 v1.1,https://www.gov.uk/government/collections/government-conversion-factors-for-company-reporting,2024,2024-10-01,2024-10-01,,,methodologies/scope-3-cat6-business-travel,2026-04-24
scope3-transport-passenger-vehicles-cars-by-market-segment-mini-petrol-defra-2024,Passenger vehicles — Cars (by market segment) — Mini — Petrol (DEFRA 2024),scope3-distance,3,7,Cars (by market segment) — Mini — Petrol,0.13087,kg CO2e / km,,,,Global,Global,"{GHG-Protocol,SB-253}",AR5,2,,DEFRA UK GHG Conversion Factors 2024 v1.1,https://www.gov.uk/government/collections/government-conversion-factors-for-company-reporting,2024,2024-10-01,2024-10-01,,,methodologies/scope-3-cat6-business-travel,2026-04-24
scope3-transport-passenger-vehicles-cars-by-market-segment-mini-unknown-defra-2024,Passenger vehicles — Cars (by market segment) — Mini — Unknown (DEFRA 2024),scope3-distance,3,7,Cars (by market segment) — Mini — Unknown,0.13073,kg CO2e / km,,,,Global,Global,"{GHG-Protocol,SB-253}",AR5,2,,DEFRA UK GHG Conversion Factors 2024 v1.1,https://www.gov.uk/government/collections/government-conversion-factors-for-company-reporting,2024,2024-10-01,2024-10-01,,,methodologies/scope-3-cat6-business-travel,2026-04-24
scope3-transport-passenger-vehicles-cars-by-market-segment-mini-battery-electric-vehicle-defra-2024,Passenger vehicles — Cars (by market segment) — Mini — Battery Electric Vehicle (DEFRA 2024),scope3-distance,3,7,Cars (by market segment) — Mini — Battery Electric Vehicle,0.0,kg CO2e / km,,,,Global,Global,"{GHG-Protocol,SB-253}",AR5,2,,DEFRA UK GHG Conversion Factors 2024 v1.1,https://www.gov.uk/government/collections/government-conversion-factors-for-company-reporting,2024,2024-10-01,2024-10-01,,,methodologies/scope-3-cat6-business-travel,2026-04-24
scope3-transport-passenger-vehicles-cars-by-market-segment-mini-diesel-defra-2024-004,Passenger vehicles — Cars (by market segment) — Mini — Diesel (DEFRA 2024),scope3-distance,3,7,Cars (by market segment) — Mini — Diesel,0.17325,kg CO2e / miles,,,,Global,Global,"{GHG-Protocol,SB-253}",AR5,2,,DEFRA UK GHG Conversion Factors 2024 v1.1,https://www.gov.uk/government/collections/government-conversion-factors-for-company-reporting,2024,2024-10-01,2024-10-01,,,methodologies/scope-3-cat6-business-travel,2026-04-24
scope3-transport-passenger-vehicles-cars-by-market-segment-mini-petrol-defra-2024-005,Passenger vehicles — Cars (by market segment) — Mini — Petrol (DEFRA 2024),scope3-distance,3,7,Cars (by market segment) — Mini — Petrol,0.21061,kg CO2e / miles,,,,Global,Global,"{GHG-Protocol,SB-253}",AR5,2,,DEFRA UK GHG Conversion Factors 2024 v1.1,https://www.gov.uk/government/collections/government-conversion-factors-for-company-reporting,2024,2024-10-01,2024-10-01,,,methodologies/scope-3-cat6-business-travel,2026-04-24
scope3-transport-passenger-vehicles-cars-by-market-segment-mini-unknown-defra-2024-006,Passenger vehicles — Cars (by market segment) — Mini — Unknown (DEFRA 2024),scope3-distance,3,7,Cars (by market segment) — Mini — Unknown,0.21038,kg CO2e / miles,,,,Global,Global,"{GHG-Protocol,SB-253}",AR5,2,,DEFRA UK GHG Conversion Factors 2024 v1.1,https://www.gov.uk/government/collections/government-conversion-factors-for-company-reporting,2024,2024-10-01,2024-10-01,,,methodologies/scope-3-cat6-business-travel,2026-04-24
scope3-transport-passenger-vehicles-cars-by-market-segment-mini-battery-electric-vehicle-defra--007,Passenger vehicles — Cars (by market segment) — Mini — Battery Electric Vehicle (DEFRA 2024),scope3-distance,3,7,Cars (by market segment) — Mini — Battery Electric Vehicle,0.0,kg CO2e / miles,,,,Global,Global,"{GHG-Protocol,SB-253}",AR5,2,,DEFRA UK GHG Conversion Factors 2024 v1.1,https://www.gov.uk/government/collections/government-conversion-factors-for-company-reporting,2024,2024-10-01,2024-10-01,,,methodologies/scope-3-cat6-business-travel,2026-04-24
scope3-transport-passenger-vehicles-cars-by-market-segment-supermini-diesel-defra-2024,Passenger vehicles — Cars (by market segment) — Supermini — Diesel (DEFRA 2024),scope3-distance,3,7,Cars (by market segment) — Supermini — Diesel,0.13178,kg CO2e / km,,,,Global,Global,"{GHG-Protocol,SB-253}",AR5,2,,DEFRA UK GHG Conversion Factors 2024 v1.1,https://www.gov.uk/government/collections/government-conversion-factors-for-company-reporting,2024,2024-10-01,2024-10-01,,,methodologies/scope-3-cat6-business-travel,2026-04-24
scope3-transport-passenger-vehicles-cars-by-market-segment-supermini-petrol-defra-2024,Passenger vehicles — Cars (by market segment) — Supermini — Petrol (DEFRA 2024),scope3-distance,3,7,Cars (by market segment) — Supermini — Petrol,0.14387,kg CO2e / km,,,,Global,Global,"{GHG-Protocol,SB-253}",AR5,2,,DEFRA UK GHG Conversion Factors 2024 v1.1,https://www.gov.uk/government/collections/government-conversion-factors-for-company-reporting,2024,2024-10-01,2024-10-01,,,methodologies/scope-3-cat6-business-travel,2026-04-24
scope3-transport-passenger-vehicles-cars-by-market-segment-supermini-unknown-defra-2024,Passenger vehicles — Cars (by market segment) — Supermini — Unknown (DEFRA 2024),scope3-distance,3,7,Cars (by market segment) — Supermini — Unknown,0.14256,kg CO2e / km,,,,Global,Global,"{GHG-Protocol,SB-253}",AR5,2,,DEFRA UK GHG Conversion Factors 2024 v1.1,https://www.gov.uk/government/collections/government-conversion-factors-for-company-reporting,2024,2024-10-01,2024-10-01,,,methodologies/scope-3-cat6-business-travel,2026-04-24
scope3-transport-passenger-vehicles-cars-by-market-segment-supermini-plug-in-hybrid-electric-veh-def,Passenger vehicles — Cars (by market segment) — Supermini — Plug-in Hybrid Electric Vehicle (DEFRA 2024),scope3-distance,3,7,Cars (by market segment) — Supermini — Plug-in Hybrid Electric Vehicle,0.03012,kg CO2e / km,,,,Global,Global,"{GHG-Protocol,SB-253}",AR5,2,,DEFRA UK GHG Conversion Factors 2024 v1.1,https://www.gov.uk/government/collections/government-conversion-factors-for-company-reporting,2024,2024-10-01,2024-10-01,,,methodologies/scope-3-cat6-business-travel,2026-04-24
scope3-transport-passenger-vehicles-cars-by-market-segment-supermini-battery-electric-vehicle-defra-,Passenger vehicles — Cars (by market segment) — Supermini — Battery Electric Vehicle (DEFRA 2024),scope3-distance,3,7,Cars (by market segment) — Supermini — Battery Electric Vehicle,0.0,kg CO2e / km,,,,Global,Global,"{GHG-Protocol,SB-253}",AR5,2,,DEFRA UK GHG Conversion Factors 2024 v1.1,https://www.gov.uk/government/collections/government-conversion-factors-for-company-reporting,2024,2024-10-01,2024-10-01,,,methodologies/scope-3-cat6-business-travel,2026-04-24
scope3-transport-passenger-vehicles-cars-by-market-segment-supermini-diesel-defra-2024-013,Passenger vehicles — Cars (by market segment) — Supermini — Diesel (DEFRA 2024),scope3-distance,3,7,Cars (by market segment) — Supermini — Diesel,0.21209,kg CO2e / miles,,,,Global,Global,"{GHG-Protocol,SB-253}",AR5,2,,DEFRA UK GHG Conversion Factors 2024 v1.1,https://www.gov.uk/government/collections/government-conversion-factors-for-company-reporting,2024,2024-10-01,2024-10-01,,,methodologies/scope-3-cat6-business-travel,2026-04-24
scope3-transport-passenger-vehicles-cars-by-market-segment-supermini-petrol-defra-2024-014,Passenger vehicles — Cars (by market segment) — Supermini — Petrol (DEFRA 2024),scope3-distance,3,7,Cars (by market segment) — Supermini — Petrol,0.23153,kg CO2e / miles,,,,Global,Global,"{GHG-Protocol,SB-253}",AR5,2,,DEFRA UK GHG Conversion Factors 2024 v1.1,https://www.gov.uk/government/collections/government-conversion-factors-for-company-reporting,2024,2024-10-01,2024-10-01,,,methodologies/scope-3-cat6-business-travel,2026-04-24
scope3-transport-passenger-vehicles-cars-by-market-segment-supermini-unknown-defra-2024-015,Passenger vehicles — Cars (by market segment) — Supermini — Unknown (DEFRA 2024),scope3-distance,3,7,Cars (by market segment) — Supermini — Unknown,0.22942,kg CO2e / miles,,,,Global,Global,"{GHG-Protocol,SB-253}",AR5,2,,DEFRA UK GHG Conversion Factors 2024 v1.1,https://www.gov.uk/government/collections/government-conversion-factors-for-company-reporting,2024,2024-10-01,2024-10-01,,,methodologies/scope-3-cat6-business-travel,2026-04-24
scope3-transport-passenger-vehicles-cars-by-market-segment-supermini-plug-in-hybrid-electric-ve-016,Passenger vehicles — Cars (by market segment) — Supermini — Plug-in Hybrid Electric Vehicle (DEFRA 2024),scope3-distance,3,7,Cars (by market segment) — Supermini — Plug-in Hybrid Electric Vehicle,0.04848,kg CO2e / miles,,,,Global,Global,"{GHG-Protocol,SB-253}",AR5,2,,DEFRA UK GHG Conversion Factors 2024 v1.1,https://www.gov.uk/government/collections/government-conversion-factors-for-company-reporting,2024,2024-10-01,2024-10-01,,,methodologies/scope-3-cat6-business-travel,2026-04-24
scope3-transport-passenger-vehicles-cars-by-market-segment-supermini-battery-electric-vehicle-d-017,Passenger vehicles — Cars (by market segment) — Supermini — Battery Electric Vehicle (DEFRA 2024),scope3-distance,3,7,Cars (by market segment) — Supermini — Battery Electric Vehicle,0.0,kg CO2e / miles,,,,Global,Global,"{GHG-Protocol,SB-253}",AR5,2,,DEFRA UK GHG Conversion Factors 2024 v1.1,https://www.gov.uk/government/collections/government-conversion-factors-for-company-reporting,2024,2024-10-01,2024-10-01,,,methodologies/scope-3-cat6-business-travel,2026-04-24
scope3-transport-passenger-vehicles-cars-by-market-segment-lower-medium-diesel-defra-2024,Passenger vehicles — Cars (by market segment) — Lower medium — Diesel (DEFRA 2024),scope3-distance,3,7,Cars (by market segment) — Lower medium — Diesel,0.14288,kg CO2e / km,,,,Global,Global,"{GHG-Protocol,SB-253}",AR5,2,,DEFRA UK GHG Conversion Factors 2024 v1.1,https://www.gov.uk/government/collections/government-conversion-factors-for-company-reporting,2024,2024-10-01,2024-10-01,,,methodologies/scope-3-cat6-business-travel,2026-04-24
scope3-transport-passenger-vehicles-cars-by-market-segment-lower-medium-petrol-defra-2024,Passenger vehicles — Cars (by market segment) — Lower medium — Petrol (DEFRA 2024),scope3-distance,3,7,Cars (by market segment) — Lower medium — Petrol,0.16392,kg CO2e / km,,,,Global,Global,"{GHG-Protocol,SB-253}",AR5,2,,DEFRA UK GHG Conversion Factors 2024 v1.1,https://www.gov.uk/government/collections/government-conversion-factors-for-company-reporting,2024,2024-10-01,2024-10-01,,,methodologies/scope-3-cat6-business-travel,2026-04-24
scope3-transport-passenger-vehicles-cars-by-market-segment-lower-medium-unknown-defra-2024,Passenger vehicles — Cars (by market segment) — Lower medium — Unknown (DEFRA 2024),scope3-distance,3,7,Cars (by market segment) — Lower medium — Unknown,0.15504,kg CO2e / km,,,,Global,Global,"{GHG-Protocol,SB-253}",AR5,2,,DEFRA UK GHG Conversion Factors 2024 v1.1,https://www.gov.uk/government/collections/government-conversion-factors-for-company-reporting,2024,2024-10-01,2024-10-01,,,methodologies/scope-3-cat6-business-travel,2026-04-24
scope3-transport-passenger-vehicles-cars-by-market-segment-lower-medium-plug-in-hybrid-electric--def,Passenger vehicles — Cars (by market segment) — Lower medium — Plug-in Hybrid Electric Vehicle (DEFRA 2024),scope3-distance,3,7,Cars (by market segment) — Lower medium — Plug-in Hybrid Electric Vehicle,0.07763,kg CO2e / km,,,,Global,Global,"{GHG-Protocol,SB-253}",AR5,2,,DEFRA UK GHG Conversion Factors 2024 v1.1,https://www.gov.uk/government/collections/government-conversion-factors-for-company-reporting,2024,2024-10-01,2024-10-01,,,methodologies/scope-3-cat6-business-travel,2026-04-24
scope3-transport-passenger-vehicles-cars-by-market-segment-lower-medium-battery-electric-vehicle-def,Passenger vehicles — Cars (by market segment) — Lower medium — Battery Electric Vehicle (DEFRA 2024),scope3-distance,3,7,Cars (by market segment) — Lower medium — Battery Electric Vehicle,0.0,kg CO2e / km,,,,Global,Global,"{GHG-Protocol,SB-253}",AR5,2,,DEFRA UK GHG Conversion Factors 2024 v1.1,https://www.gov.uk/government/collections/government-conversion-factors-for-company-reporting,2024,2024-10-01,2024-10-01,,,methodologies/scope-3-cat6-business-travel,2026-04-24
scope3-transport-passenger-vehicles-cars-by-market-segment-lower-medium-diesel-defra-2024-023,Passenger vehicles — Cars (by market segment) — Lower medium — Diesel (DEFRA 2024),scope3-distance,3,7,Cars (by market segment) — Lower medium — Diesel,0.22996,kg CO2e / miles,,,,Global,Global,"{GHG-Protocol,SB-253}",AR5,2,,DEFRA UK GHG Conversion Factors 2024 v1.1,https://www.gov.uk/government/collections/government-conversion-factors-for-company-reporting,2024,2024-10-01,2024-10-01,,,methodologies/scope-3-cat6-business-travel,2026-04-24
scope3-transport-passenger-vehicles-cars-by-market-segment-lower-medium-petrol-defra-2024-024,Passenger vehicles — Cars (by market segment) — Lower medium — Petrol (DEFRA 2024),scope3-distance,3,7,Cars (by market segment) — Lower medium — Petrol,0.2638,kg CO2e / miles,,,,Global,Global,"{GHG-Protocol,SB-253}",AR5,2,,DEFRA UK GHG Conversion Factors 2024 v1.1,https://www.gov.uk/government/collections/government-conversion-factors-for-company-reporting,2024,2024-10-01,2024-10-01,,,methodologies/scope-3-cat6-business-travel,2026-04-24
scope3-transport-passenger-vehicles-cars-by-market-segment-lower-medium-unknown-defra-2024-025,Passenger vehicles — Cars (by market segment) — Lower medium — Unknown (DEFRA 2024),scope3-distance,3,7,Cars (by market segment) — Lower medium — Unknown,0.24951,kg CO2e / miles,,,,Global,Global,"{GHG-Protocol,SB-253}",AR5,2,,DEFRA UK GHG Conversion Factors 2024 v1.1,https://www.gov.uk/government/collections/government-conversion-factors-for-company-reporting,2024,2024-10-01,2024-10-01,,,methodologies/scope-3-cat6-business-travel,2026-04-24
scope3-transport-passenger-vehicles-cars-by-market-segment-lower-medium-plug-in-hybrid-electric-026,Passenger vehicles — Cars (by market segment) — Lower medium — Plug-in Hybrid Electric Vehicle (DEFRA 2024),scope3-distance,3,7,Cars (by market segment) — Lower medium — Plug-in Hybrid Electric Vehicle,0.12493,kg CO2e / miles,,,,Global,Global,"{GHG-Protocol,SB-253}",AR5,2,,DEFRA UK GHG Conversion Factors 2024 v1.1,https://www.gov.uk/government/collections/government-conversion-factors-for-company-reporting,2024,2024-10-01,2024-10-01,,,methodologies/scope-3-cat6-business-travel,2026-04-24
scope3-transport-passenger-vehicles-cars-by-market-segment-lower-medium-battery-electric-vehicl-027,Passenger vehicles — Cars (by market segment) — Lower medium — Battery Electric Vehicle (DEFRA 2024),scope3-distance,3,7,Cars (by market segment) — Lower medium — Battery Electric Vehicle,0.0,kg CO2e / miles,,,,Global,Global,"{GHG-Protocol,SB-253}",AR5,2,,DEFRA UK GHG Conversion Factors 2024 v1.1,https://www.gov.uk/government/collections/government-conversion-factors-for-company-reporting,2024,2024-10-01,2024-10-01,,,methodologies/scope-3-cat6-business-travel,2026-04-24
scope3-transport-passenger-vehicles-cars-by-market-segment-upper-medium-diesel-defra-2024,Passenger vehicles — Cars (by market segment) — Upper medium — Diesel (DEFRA 2024),scope3-distance,3,7,Cars (by market segment) — Upper medium — Diesel,0.16048,kg CO2e / km,,,,Global,Global,"{GHG-Protocol,SB-253}",AR5,2,,DEFRA UK GHG Conversion Factors 2024 v1.1,https://www.gov.uk/government/collections/government-conversion-factors-for-company-reporting,2024,2024-10-01,2024-10-01,,,methodologies/scope-3-cat6-business-travel,2026-04-24
scope3-transport-passenger-vehicles-cars-by-market-segment-upper-medium-petrol-defra-2024,Passenger vehicles — Cars (by market segment) — Upper medium — Petrol (DEFRA 2024),scope3-distance,3,7,Cars (by market segment) — Upper medium — Petrol,0.18953,kg CO2e / km,,,,Global,Global,"{GHG-Protocol,SB-253}",AR5,2,,DEFRA UK GHG Conversion Factors 2024 v1.1,https://www.gov.uk/government/collections/government-conversion-factors-for-company-reporting,2024,2024-10-01,2024-10-01,,,methodologies/scope-3-cat6-business-travel,2026-04-24
scope3-transport-passenger-vehicles-cars-by-market-segment-upper-medium-unknown-defra-2024,Passenger vehicles — Cars (by market segment) — Upper medium — Unknown (DEFRA 2024),scope3-distance,3,7,Cars (by market segment) — Upper medium — Unknown,0.16763,kg CO2e / km,,,,Global,Global,"{GHG-Protocol,SB-253}",AR5,2,,DEFRA UK GHG Conversion Factors 2024 v1.1,https://www.gov.uk/government/collections/government-conversion-factors-for-company-reporting,2024,2024-10-01,2024-10-01,,,methodologies/scope-3-cat6-business-travel,2026-04-24
scope3-transport-passenger-vehicles-cars-by-market-segment-upper-medium-plug-in-hybrid-electric--def,Passenger vehicles — Cars (by market segment) — Upper medium — Plug-in Hybrid Electric Vehicle (DEFRA 2024),scope3-distance,3,7,Cars (by market segment) — Upper medium — Plug-in Hybrid Electric Vehicle,0.08475,kg CO2e / km,,,,Global,Global,"{GHG-Protocol,SB-253}",AR5,2,,DEFRA UK GHG Conversion Factors 2024 v1.1,https://www.gov.uk/government/collections/government-conversion-factors-for-company-reporting,2024,2024-10-01,2024-10-01,,,methodologies/scope-3-cat6-business-travel,2026-04-24
scope3-transport-passenger-vehicles-cars-by-market-segment-upper-medium-battery-electric-vehicle-def,Passenger vehicles — Cars (by market segment) — Upper medium — Battery Electric Vehicle (DEFRA 2024),scope3-distance,3,7,Cars (by market segment) — Upper medium — Battery Electric Vehicle,0.0,kg CO2e / km,,,,Global,Global,"{GHG-Protocol,SB-253}",AR5,2,,DEFRA UK GHG Conversion Factors 2024 v1.1,https://www.gov.uk/government/collections/government-conversion-factors-for-company-reporting,2024,2024-10-01,2024-10-01,,,methodologies/scope-3-cat6-business-travel,2026-04-24
scope3-transport-passenger-vehicles-cars-by-market-segment-upper-medium-diesel-defra-2024-033,Passenger vehicles — Cars (by market segment) — Upper medium — Diesel (DEFRA 2024),scope3-distance,3,7,Cars (by market segment) — Upper medium — Diesel,0.25827,kg CO2e / miles,,,,Global,Global,"{GHG-Protocol,SB-253}",AR5,2,,DEFRA UK GHG Conversion Factors 2024 v1.1,https://www.gov.uk/government/collections/government-conversion-factors-for-company-reporting,2024,2024-10-01,2024-10-01,,,methodologies/scope-3-cat6-business-travel,2026-04-24
scope3-transport-passenger-vehicles-cars-by-market-segment-upper-medium-petrol-defra-2024-034,Passenger vehicles — Cars (by market segment) — Upper medium — Petrol (DEFRA 2024),scope3-distance,3,7,Cars (by market segment) — Upper medium — Petrol,0.30501,kg CO2e / miles,,,,Global,Global,"{GHG-Protocol,SB-253}",AR5,2,,DEFRA UK GHG Conversion Factors 2024 v1.1,https://www.gov.uk/government/collections/government-conversion-factors-for-company-reporting,2024,2024-10-01,2024-10-01,,,methodologies/scope-3-cat6-business-travel,2026-04-24
scope3-transport-passenger-vehicles-cars-by-market-segment-upper-medium-unknown-defra-2024-035,Passenger vehicles — Cars (by market segment) — Upper medium — Unknown (DEFRA 2024),scope3-distance,3,7,Cars (by market segment) — Upper medium — Unknown,0.26975,kg CO2e / miles,,,,Global,Global,"{GHG-Protocol,SB-253}",AR5,2,,DEFRA UK GHG Conversion Factors 2024 v1.1,https://www.gov.uk/government/collections/government-conversion-factors-for-company-reporting,2024,2024-10-01,2024-10-01,,,methodologies/scope-3-cat6-business-travel,2026-04-24
scope3-transport-passenger-vehicles-cars-by-market-segment-upper-medium-plug-in-hybrid-electric-036,Passenger vehicles — Cars (by market segment) — Upper medium — Plug-in Hybrid Electric Vehicle (DEFRA 2024),scope3-distance,3,7,Cars (by market segment) — Upper medium — Plug-in Hybrid Electric Vehicle,0.1364,kg CO2e / miles,,,,Global,Global,"{GHG-Protocol,SB-253}",AR5,2,,DEFRA UK GHG Conversion Factors 2024 v1.1,https://www.gov.uk/government/collections/government-conversion-factors-for-company-reporting,2024,2024-10-01,2024-10-01,,,methodologies/scope-3-cat6-business-travel,2026-04-24
scope3-transport-passenger-vehicles-cars-by-market-segment-upper-medium-battery-electric-vehicl-037,Passenger vehicles — Cars (by market segment) — Upper medium — Battery Electric Vehicle (DEFRA 2024),scope3-distance,3,7,Cars (by market segment) — Upper medium — Battery Electric Vehicle,0.0,kg CO2e / miles,,,,Global,Global,"{GHG-Protocol,SB-253}",AR5,2,,DEFRA UK GHG Conversion Factors 2024 v1.1,https://www.gov.uk/government/collections/government-conversion-factors-for-company-reporting,2024,2024-10-01,2024-10-01,,,methodologies/scope-3-cat6-business-travel,2026-04-24
scope3-transport-passenger-vehicles-cars-by-market-segment-executive-diesel-defra-2024,Passenger vehicles — Cars (by market segment) — Executive — Diesel (DEFRA 2024),scope3-distance,3,7,Cars (by market segment) — Executive — Diesel,0.17001,kg CO2e / km,,,,Global,Global,"{GHG-Protocol,SB-253}",AR5,2,,DEFRA UK GHG Conversion Factors 2024 v1.1,https://www.gov.uk/government/collections/government-conversion-factors-for-company-reporting,2024,2024-10-01,2024-10-01,,,methodologies/scope-3-cat6-business-travel,2026-04-24
scope3-transport-passenger-vehicles-cars-by-market-segment-executive-petrol-defra-2024,Passenger vehicles — Cars (by market segment) — Executive — Petrol (DEFRA 2024),scope3-distance,3,7,Cars (by market segment) — Executive — Petrol,0.20817,kg CO2e / km,,,,Global,Global,"{GHG-Protocol,SB-253}",AR5,2,,DEFRA UK GHG Conversion Factors 2024 v1.1,https://www.gov.uk/government/collections/government-conversion-factors-for-company-reporting,2024,2024-10-01,2024-10-01,,,methodologies/scope-3-cat6-business-travel,2026-04-24
scope3-transport-passenger-vehicles-cars-by-market-segment-executive-unknown-defra-2024,Passenger vehicles — Cars (by market segment) — Executive — Unknown (DEFRA 2024),scope3-distance,3,7,Cars (by market segment) — Executive — Unknown,0.17929,kg CO2e / km,,,,Global,Global,"{GHG-Protocol,SB-253}",AR5,2,,DEFRA UK GHG Conversion Factors 2024 v1.1,https://www.gov.uk/government/collections/government-conversion-factors-for-company-reporting,2024,2024-10-01,2024-10-01,,,methodologies/scope-3-cat6-business-travel,2026-04-24
scope3-transport-passenger-vehicles-cars-by-market-segment-executive-plug-in-hybrid-electric-veh-def,Passenger vehicles — Cars (by market segment) — Executive — Plug-in Hybrid Electric Vehicle (DEFRA 2024),scope3-distance,3,7,Cars (by market segment) — Executive — Plug-in Hybrid Electric Vehicle,0.08599,kg CO2e / km,,,,Global,Global,"{GHG-Protocol,SB-253}",AR5,2,,DEFRA UK GHG Conversion Factors 2024 v1.1,https://www.gov.uk/government/collections/government-conversion-factors-for-company-reporting,2024,2024-10-01,2024-10-01,,,methodologies/scope-3-cat6-business-travel,2026-04-24
scope3-transport-passenger-vehicles-cars-by-market-segment-executive-battery-electric-vehicle-defra-,Passenger vehicles — Cars (by market segment) — Executive — Battery Electric Vehicle (DEFRA 2024),scope3-distance,3,7,Cars (by market segment) — Executive — Battery Electric Vehicle,0.0,kg CO2e / km,,,,Global,Global,"{GHG-Protocol,SB-253}",AR5,2,,DEFRA UK GHG Conversion Factors 2024 v1.1,https://www.gov.uk/government/collections/government-conversion-factors-for-company-reporting,2024,2024-10-01,2024-10-01,,,methodologies/scope-3-cat6-business-travel,2026-04-24
scope3-transport-passenger-vehicles-cars-by-market-segment-executive-diesel-defra-2024-043,Passenger vehicles — Cars (by market segment) — Executive — Diesel (DEFRA 2024),scope3-distance,3,7,Cars (by market segment) — Executive — Diesel,0.27362,kg CO2e / miles,,,,Global,Global,"{GHG-Protocol,SB-253}",AR5,2,,DEFRA UK GHG Conversion Factors 2024 v1.1,https://www.gov.uk/government/collections/government-conversion-factors-for-company-reporting,2024,2024-10-01,2024-10-01,,,methodologies/scope-3-cat6-business-travel,2026-04-24
scope3-transport-passenger-vehicles-cars-by-market-segment-executive-petrol-defra-2024-044,Passenger vehicles — Cars (by market segment) — Executive — Petrol (DEFRA 2024),scope3-distance,3,7,Cars (by market segment) — Executive — Petrol,0.33501,kg CO2e / miles,,,,Global,Global,"{GHG-Protocol,SB-253}",AR5,2,,DEFRA UK GHG Conversion Factors 2024 v1.1,https://www.gov.uk/government/collections/government-conversion-factors-for-company-reporting,2024,2024-10-01,2024-10-01,,,methodologies/scope-3-cat6-business-travel,2026-04-24
scope3-transport-passenger-vehicles-cars-by-market-segment-executive-unknown-defra-2024-045,Passenger vehicles — Cars (by market segment) — Executive — Unknown (DEFRA 2024),scope3-distance,3,7,Cars (by market segment) — Executive — Unknown,0.28855,kg CO2e / miles,,,,Global,Global,"{GHG-Protocol,SB-253}",AR5,2,,DEFRA UK GHG Conversion Factors 2024 v1.1,https://www.gov.uk/government/collections/government-conversion-factors-for-company-reporting,2024,2024-10-01,2024-10-01,,,methodologies/scope-3-cat6-business-travel,2026-04-24
scope3-transport-passenger-vehicles-cars-by-market-segment-executive-plug-in-hybrid-electric-ve-046,Passenger vehicles — Cars (by market segment) — Executive — Plug-in Hybrid Electric Vehicle (DEFRA 2024),scope3-distance,3,7,Cars (by market segment) — Executive — Plug-in Hybrid Electric Vehicle,0.13837,kg CO2e / miles,,,,Global,Global,"{GHG-Protocol,SB-253}",AR5,2,,DEFRA UK GHG Conversion Factors 2024 v1.1,https://www.gov.uk/government/collections/government-conversion-factors-for-company-reporting,2024,2024-10-01,2024-10-01,,,methodologies/scope-3-cat6-business-travel,2026-04-24
scope3-transport-passenger-vehicles-cars-by-market-segment-executive-battery-electric-vehicle-d-047,Passenger vehicles — Cars (by market segment) — Executive — Battery Electric Vehicle (DEFRA 2024),scope3-distance,3,7,Cars (by market segment) — Executive — Battery Electric Vehicle,0.0,kg CO2e / miles,,,,Global,Global,"{GHG-Protocol,SB-253}",AR5,2,,DEFRA UK GHG Conversion Factors 2024 v1.1,https://www.gov.uk/government/collections/government-conversion-factors-for-company-reporting,2024,2024-10-01,2024-10-01,,,methodologies/scope-3-cat6-business-travel,2026-04-24
scope3-transport-passenger-vehicles-cars-by-market-segment-luxury-diesel-defra-2024,Passenger vehicles — Cars (by market segment) — Luxury — Diesel (DEFRA 2024),scope3-distance,3,7,Cars (by market segment) — Luxury — Diesel,0.20695,kg CO2e / km,,,,Global,Global,"{GHG-Protocol,SB-253}",AR5,2,,DEFRA UK GHG Conversion Factors 2024 v1.1,https://www.gov.uk/government/collections/government-conversion-factors-for-company-reporting,2024,2024-10-01,2024-10-01,,,methodologies/scope-3-cat6-business-travel,2026-04-24
scope3-transport-passenger-vehicles-cars-by-market-segment-luxury-petrol-defra-2024,Passenger vehicles — Cars (by market segment) — Luxury — Petrol (DEFRA 2024),scope3-distance,3,7,Cars (by market segment) — Luxury — Petrol,0.31949,kg CO2e / km,,,,Global,Global,"{GHG-Protocol,SB-253}",AR5,2,,DEFRA UK GHG Conversion Factors 2024 v1.1,https://www.gov.uk/government/collections/government-conversion-factors-for-company-reporting,2024,2024-10-01,2024-10-01,,,methodologies/scope-3-cat6-business-travel,2026-04-24
scope3-transport-passenger-vehicles-cars-by-market-segment-luxury-unknown-defra-2024,Passenger vehicles — Cars (by market segment) — Luxury — Unknown (DEFRA 2024),scope3-distance,3,7,Cars (by market segment) — Luxury — Unknown,0.25825,kg CO2e / km,,,,Global,Global,"{GHG-Protocol,SB-253}",AR5,2,,DEFRA UK GHG Conversion Factors 2024 v1.1,https://www.gov.uk/government/collections/government-conversion-factors-for-company-reporting,2024,2024-10-01,2024-10-01,,,methodologies/scope-3-cat6-business-travel,2026-04-24
scope3-transport-passenger-vehicles-cars-by-market-segment-luxury-plug-in-hybrid-electric-vehicl-def,Passenger vehicles — Cars (by market segment) — Luxury — Plug-in Hybrid Electric Vehicle (DEFRA 2024),scope3-distance,3,7,Cars (by market segment) — Luxury — Plug-in Hybrid Electric Vehicle,0.12075,kg CO2e / km,,,,Global,Global,"{GHG-Protocol,SB-253}",AR5,2,,DEFRA UK GHG Conversion Factors 2024 v1.1,https://www.gov.uk/government/collections/government-conversion-factors-for-company-reporting,2024,2024-10-01,2024-10-01,,,methodologies/scope-3-cat6-business-travel,2026-04-24
scope3-transport-passenger-vehicles-cars-by-market-segment-luxury-battery-electric-vehicle-defra-202,Passenger vehicles — Cars (by market segment) — Luxury — Battery Electric Vehicle (DEFRA 2024),scope3-distance,3,7,Cars (by market segment) — Luxury — Battery Electric Vehicle,0.0,kg CO2e / km,,,,Global,Global,"{GHG-Protocol,SB-253}",AR5,2,,DEFRA UK GHG Conversion Factors 2024 v1.1,https://www.gov.uk/government/collections/government-conversion-factors-for-company-reporting,2024,2024-10-01,2024-10-01,,,methodologies/scope-3-cat6-business-travel,2026-04-24
scope3-transport-passenger-vehicles-cars-by-market-segment-luxury-diesel-defra-2024-053,Passenger vehicles — Cars (by market segment) — Luxury — Diesel (DEFRA 2024),scope3-distance,3,7,Cars (by market segment) — Luxury — Diesel,0.33306,kg CO2e / miles,,,,Global,Global,"{GHG-Protocol,SB-253}",AR5,2,,DEFRA UK GHG Conversion Factors 2024 v1.1,https://www.gov.uk/government/collections/government-conversion-factors-for-company-reporting,2024,2024-10-01,2024-10-01,,,methodologies/scope-3-cat6-business-travel,2026-04-24
scope3-transport-passenger-vehicles-cars-by-market-segment-luxury-petrol-defra-2024-054,Passenger vehicles — Cars (by market segment) — Luxury — Petrol (DEFRA 2024),scope3-distance,3,7,Cars (by market segment) — Luxury — Petrol,0.51417,kg CO2e / miles,,,,Global,Global,"{GHG-Protocol,SB-253}",AR5,2,,DEFRA UK GHG Conversion Factors 2024 v1.1,https://www.gov.uk/government/collections/government-conversion-factors-for-company-reporting,2024,2024-10-01,2024-10-01,,,methodologies/scope-3-cat6-business-travel,2026-04-24
scope3-transport-passenger-vehicles-cars-by-market-segment-luxury-unknown-defra-2024-055,Passenger vehicles — Cars (by market segment) — Luxury — Unknown (DEFRA 2024),scope3-distance,3,7,Cars (by market segment) — Luxury — Unknown,0.41562,kg CO2e / miles,,,,Global,Global,"{GHG-Protocol,SB-253}",AR5,2,,DEFRA UK GHG Conversion Factors 2024 v1.1,https://www.gov.uk/government/collections/government-conversion-factors-for-company-reporting,2024,2024-10-01,2024-10-01,,,methodologies/scope-3-cat6-business-travel,2026-04-24
scope3-transport-passenger-vehicles-cars-by-market-segment-luxury-plug-in-hybrid-electric-vehic-056,Passenger vehicles — Cars (by market segment) — Luxury — Plug-in Hybrid Electric Vehicle (DEFRA 2024),scope3-distance,3,7,Cars (by market segment) — Luxury — Plug-in Hybrid Electric Vehicle,0.19431,kg CO2e / miles,,,,Global,Global,"{GHG-Protocol,SB-253}",AR5,2,,DEFRA UK GHG Conversion Factors 2024 v1.1,https://www.gov.uk/government/collections/government-conversion-factors-for-company-reporting,2024,2024-10-01,2024-10-01,,,methodologies/scope-3-cat6-business-travel,2026-04-24
scope3-transport-passenger-vehicles-cars-by-market-segment-luxury-battery-electric-vehicle-defr-057,Passenger vehicles — Cars (by market segment) — Luxury — Battery Electric Vehicle (DEFRA 2024),scope3-distance,3,7,Cars (by market segment) — Luxury — Battery Electric Vehicle,0.0,kg CO2e / miles,,,,Global,Global,"{GHG-Protocol,SB-253}",AR5,2,,DEFRA UK GHG Conversion Factors 2024 v1.1,https://www.gov.uk/government/collections/government-conversion-factors-for-company-reporting,2024,2024-10-01,2024-10-01,,,methodologies/scope-3-cat6-business-travel,2026-04-24
scope3-transport-passenger-vehicles-cars-by-market-segment-sports-diesel-defra-2024,Passenger vehicles — Cars (by market segment) — Sports — Diesel (DEFRA 2024),scope3-distance,3,7,Cars (by market segment) — Sports — Diesel,0.17016,kg CO2e / km,,,,Global,Global,"{GHG-Protocol,SB-253}",AR5,2,,DEFRA UK GHG Conversion Factors 2024 v1.1,https://www.gov.uk/government/collections/government-conversion-factors-for-company-reporting,2024,2024-10-01,2024-10-01,,,methodologies/scope-3-cat6-business-travel,2026-04-24
scope3-transport-passenger-vehicles-cars-by-market-segment-sports-petrol-defra-2024,Passenger vehicles — Cars (by market segment) — Sports — Petrol (DEFRA 2024),scope3-distance,3,7,Cars (by market segment) — Sports — Petrol,0.23535,kg CO2e / km,,,,Global,Global,"{GHG-Protocol,SB-253}",AR5,2,,DEFRA UK GHG Conversion Factors 2024 v1.1,https://www.gov.uk/government/collections/government-conversion-factors-for-company-reporting,2024,2024-10-01,2024-10-01,,,methodologies/scope-3-cat6-business-travel,2026-04-24
scope3-transport-passenger-vehicles-cars-by-market-segment-sports-unknown-defra-2024,Passenger vehicles — Cars (by market segment) — Sports — Unknown (DEFRA 2024),scope3-distance,3,7,Cars (by market segment) — Sports — Unknown,0.22519,kg CO2e / km,,,,Global,Global,"{GHG-Protocol,SB-253}",AR5,2,,DEFRA UK GHG Conversion Factors 2024 v1.1,https://www.gov.uk/government/collections/government-conversion-factors-for-company-reporting,2024,2024-10-01,2024-10-01,,,methodologies/scope-3-cat6-business-travel,2026-04-24
scope3-transport-passenger-vehicles-cars-by-market-segment-sports-plug-in-hybrid-electric-vehicl-def,Passenger vehicles — Cars (by market segment) — Sports — Plug-in Hybrid Electric Vehicle (DEFRA 2024),scope3-distance,3,7,Cars (by market segment) — Sports — Plug-in Hybrid Electric Vehicle,0.12259,kg CO2e / km,,,,Global,Global,"{GHG-Protocol,SB-253}",AR5,2,,DEFRA UK GHG Conversion Factors 2024 v1.1,https://www.gov.uk/government/collections/government-conversion-factors-for-company-reporting,2024,2024-10-01,2024-10-01,,,methodologies/scope-3-cat6-business-travel,2026-04-24
scope3-transport-passenger-vehicles-cars-by-market-segment-sports-battery-electric-vehicle-defra-202,Passenger vehicles — Cars (by market segment) — Sports — Battery Electric Vehicle (DEFRA 2024),scope3-distance,3,7,Cars (by market segment) — Sports — Battery Electric Vehicle,0.0,kg CO2e / km,,,,Global,Global,"{GHG-Protocol,SB-253}",AR5,2,,DEFRA UK GHG Conversion Factors 2024 v1.1,https://www.gov.uk/government/collections/government-conversion-factors-for-company-reporting,2024,2024-10-01,2024-10-01,,,methodologies/scope-3-cat6-business-travel,2026-04-24
scope3-transport-passenger-vehicles-cars-by-market-segment-sports-diesel-defra-2024-063,Passenger vehicles — Cars (by market segment) — Sports — Diesel (DEFRA 2024),scope3-distance,3,7,Cars (by market segment) — Sports — Diesel,0.27387,kg CO2e / miles,,,,Global,Global,"{GHG-Protocol,SB-253}",AR5,2,,DEFRA UK GHG Conversion Factors 2024 v1.1,https://www.gov.uk/government/collections/government-conversion-factors-for-company-reporting,2024,2024-10-01,2024-10-01,,,methodologies/scope-3-cat6-business-travel,2026-04-24
scope3-transport-passenger-vehicles-cars-by-market-segment-sports-petrol-defra-2024-064,Passenger vehicles — Cars (by market segment) — Sports — Petrol (DEFRA 2024),scope3-distance,3,7,Cars (by market segment) — Sports — Petrol,0.37875,kg CO2e / miles,,,,Global,Global,"{GHG-Protocol,SB-253}",AR5,2,,DEFRA UK GHG Conversion Factors 2024 v1.1,https://www.gov.uk/government/collections/government-conversion-factors-for-company-reporting,2024,2024-10-01,2024-10-01,,,methodologies/scope-3-cat6-business-travel,2026-04-24
scope3-transport-passenger-vehicles-cars-by-market-segment-sports-unknown-defra-2024-065,Passenger vehicles — Cars (by market segment) — Sports — Unknown (DEFRA 2024),scope3-distance,3,7,Cars (by market segment) — Sports — Unknown,0.36241,kg CO2e / miles,,,,Global,Global,"{GHG-Protocol,SB-253}",AR5,2,,DEFRA UK GHG Conversion Factors 2024 v1.1,https://www.gov.uk/government/collections/government-conversion-factors-for-company-reporting,2024,2024-10-01,2024-10-01,,,methodologies/scope-3-cat6-business-travel,2026-04-24
scope3-transport-passenger-vehicles-cars-by-market-segment-sports-plug-in-hybrid-electric-vehic-066,Passenger vehicles — Cars (by market segment) — Sports — Plug-in Hybrid Electric Vehicle (DEFRA 2024),scope3-distance,3,7,Cars (by market segment) — Sports — Plug-in Hybrid Electric Vehicle,0.19729,kg CO2e / miles,,,,Global,Global,"{GHG-Protocol,SB-253}",AR5,2,,DEFRA UK GHG Conversion Factors 2024 v1.1,https://www.gov.uk/government/collections/government-conversion-factors-for-company-reporting,2024,2024-10-01,2024-10-01,,,methodologies/scope-3-cat6-business-travel,2026-04-24
scope3-transport-passenger-vehicles-cars-by-market-segment-sports-battery-electric-vehicle-defr-067,Passenger vehicles — Cars (by market segment) — Sports — Battery Electric Vehicle (DEFRA 2024),scope3-distance,3,7,Cars (by market segment) — Sports — Battery Electric Vehicle,0.0,kg CO2e / miles,,,,Global,Global,"{GHG-Protocol,SB-253}",AR5,2,,DEFRA UK GHG Conversion Factors 2024 v1.1,https://www.gov.uk/government/collections/government-conversion-factors-for-company-reporting,2024,2024-10-01,2024-10-01,,,methodologies/scope-3-cat6-business-travel,2026-04-24
scope3-transport-passenger-vehicles-cars-by-market-segment-dual-purpose-4x4-diesel-defra-2024,Passenger vehicles — Cars (by market segment) — Dual purpose 4X4 — Diesel (DEFRA 2024),scope3-distance,3,7,Cars (by market segment) — Dual purpose 4X4 — Diesel,0.19757,kg CO2e / km,,,,Global,Global,"{GHG-Protocol,SB-253}",AR5,2,,DEFRA UK GHG Conversion Factors 2024 v1.1,https://www.gov.uk/government/collections/government-conversion-factors-for-company-reporting,2024,2024-10-01,2024-10-01,,,methodologies/scope-3-cat6-business-travel,2026-04-24
scope3-transport-passenger-vehicles-cars-by-market-segment-dual-purpose-4x4-petrol-defra-2024,Passenger vehicles — Cars (by market segment) — Dual purpose 4X4 — Petrol (DEFRA 2024),scope3-distance,3,7,Cars (by market segment) — Dual purpose 4X4 — Petrol,0.19626,kg CO2e / km,,,,Global,Global,"{GHG-Protocol,SB-253}",AR5,2,,DEFRA UK GHG Conversion Factors 2024 v1.1,https://www.gov.uk/government/collections/government-conversion-factors-for-company-reporting,2024,2024-10-01,2024-10-01,,,methodologies/scope-3-cat6-business-travel,2026-04-24
scope3-transport-passenger-vehicles-cars-by-market-segment-dual-purpose-4x4-unknown-defra-2024,Passenger vehicles — Cars (by market segment) — Dual purpose 4X4 — Unknown (DEFRA 2024),scope3-distance,3,7,Cars (by market segment) — Dual purpose 4X4 — Unknown,0.19721,kg CO2e / km,,,,Global,Global,"{GHG-Protocol,SB-253}",AR5,2,,DEFRA UK GHG Conversion Factors 2024 v1.1,https://www.gov.uk/government/collections/government-conversion-factors-for-company-reporting,2024,2024-10-01,2024-10-01,,,methodologies/scope-3-cat6-business-travel,2026-04-24
scope3-transport-passenger-vehicles-cars-by-market-segment-dual-purpose-4x4-plug-in-hybrid-elect-def,Passenger vehicles — Cars (by market segment) — Dual purpose 4X4 — Plug-in Hybrid Electric Vehicle (DEFRA 2024),scope3-distance,3,7,Cars (by market segment) — Dual purpose 4X4 — Plug-in Hybrid Electric Vehicle,0.10533,kg CO2e / km,,,,Global,Global,"{GHG-Protocol,SB-253}",AR5,2,,DEFRA UK GHG Conversion Factors 2024 v1.1,https://www.gov.uk/government/collections/government-conversion-factors-for-company-reporting,2024,2024-10-01,2024-10-01,,,methodologies/scope-3-cat6-business-travel,2026-04-24
scope3-transport-passenger-vehicles-cars-by-market-segment-dual-purpose-4x4-battery-electric-veh-def,Passenger vehicles — Cars (by market segment) — Dual purpose 4X4 — Battery Electric Vehicle (DEFRA 2024),scope3-distance,3,7,Cars (by market segment) — Dual purpose 4X4 — Battery Electric Vehicle,0.0,kg CO2e / km,,,,Global,Global,"{GHG-Protocol,SB-253}",AR5,2,,DEFRA UK GHG Conversion Factors 2024 v1.1,https://www.gov.uk/government/collections/government-conversion-factors-for-company-reporting,2024,2024-10-01,2024-10-01,,,methodologies/scope-3-cat6-business-travel,2026-04-24
scope3-transport-passenger-vehicles-cars-by-market-segment-dual-purpose-4x4-diesel-defra-2024-073,Passenger vehicles — Cars (by market segment) — Dual purpose 4X4 — Diesel (DEFRA 2024),scope3-distance,3,7,Cars (by market segment) — Dual purpose 4X4 — Diesel,0.31797,kg CO2e / miles,,,,Global,Global,"{GHG-Protocol,SB-253}",AR5,2,,DEFRA UK GHG Conversion Factors 2024 v1.1,https://www.gov.uk/government/collections/government-conversion-factors-for-company-reporting,2024,2024-10-01,2024-10-01,,,methodologies/scope-3-cat6-business-travel,2026-04-24
scope3-transport-passenger-vehicles-cars-by-market-segment-dual-purpose-4x4-petrol-defra-2024-074,Passenger vehicles — Cars (by market segment) — Dual purpose 4X4 — Petrol (DEFRA 2024),scope3-distance,3,7,Cars (by market segment) — Dual purpose 4X4 — Petrol,0.31585,kg CO2e / miles,,,,Global,Global,"{GHG-Protocol,SB-253}",AR5,2,,DEFRA UK GHG Conversion Factors 2024 v1.1,https://www.gov.uk/government/collections/government-conversion-factors-for-company-reporting,2024,2024-10-01,2024-10-01,,,methodologies/scope-3-cat6-business-travel,2026-04-24
scope3-transport-passenger-vehicles-cars-by-market-segment-dual-purpose-4x4-unknown-defra-2024-075,Passenger vehicles — Cars (by market segment) — Dual purpose 4X4 — Unknown (DEFRA 2024),scope3-distance,3,7,Cars (by market segment) — Dual purpose 4X4 — Unknown,0.31737,kg CO2e / miles,,,,Global,Global,"{GHG-Protocol,SB-253}",AR5,2,,DEFRA UK GHG Conversion Factors 2024 v1.1,https://www.gov.uk/government/collections/government-conversion-factors-for-company-reporting,2024,2024-10-01,2024-10-01,,,methodologies/scope-3-cat6-business-travel,2026-04-24
scope3-transport-passenger-vehicles-cars-by-market-segment-dual-purpose-4x4-plug-in-hybrid-elec-076,Passenger vehicles — Cars (by market segment) — Dual purpose 4X4 — Plug-in Hybrid Electric Vehicle (DEFRA 2024),scope3-distance,3,7,Cars (by market segment) — Dual purpose 4X4 — Plug-in Hybrid Electric Vehicle,0.16952,kg CO2e / miles,,,,Global,Global,"{GHG-Protocol,SB-253}",AR5,2,,DEFRA UK GHG Conversion Factors 2024 v1.1,https://www.gov.uk/government/collections/government-conversion-factors-for-company-reporting,2024,2024-10-01,2024-10-01,,,methodologies/scope-3-cat6-business-travel,2026-04-24
scope3-transport-passenger-vehicles-cars-by-market-segment-dual-purpose-4x4-battery-electric-ve-077,Passenger vehicles — Cars (by market segment) — Dual purpose 4X4 — Battery Electric Vehicle (DEFRA 2024),scope3-distance,3,7,Cars (by market segment) — Dual purpose 4X4 — Battery Electric Vehicle,0.0,kg CO2e / miles,,,,Global,Global,"{GHG-Protocol,SB-253}",AR5,2,,DEFRA UK GHG Conversion Factors 2024 v1.1,https://www.gov.uk/government/collections/government-conversion-factors-for-company-reporting,2024,2024-10-01,2024-10-01,,,methodologies/scope-3-cat6-business-travel,2026-04-24
scope3-transport-passenger-vehicles-cars-by-market-segment-mpv-diesel-defra-2024,Passenger vehicles — Cars (by market segment) — MPV — Diesel (DEFRA 2024),scope3-distance,3,7,Cars (by market segment) — MPV — Diesel,0.17751,kg CO2e / km,,,,Global,Global,"{GHG-Protocol,SB-253}",AR5,2,,DEFRA UK GHG Conversion Factors 2024 v1.1,https://www.gov.uk/government/collections/government-conversion-factors-for-company-reporting,2024,2024-10-01,2024-10-01,,,methodologies/scope-3-cat6-business-travel,2026-04-24
scope3-transport-passenger-vehicles-cars-by-market-segment-mpv-petrol-defra-2024,Passenger vehicles — Cars (by market segment) — MPV — Petrol (DEFRA 2024),scope3-distance,3,7,Cars (by market segment) — MPV — Petrol,0.18287,kg CO2e / km,,,,Global,Global,"{GHG-Protocol,SB-253}",AR5,2,,DEFRA UK GHG Conversion Factors 2024 v1.1,https://www.gov.uk/government/collections/government-conversion-factors-for-company-reporting,2024,2024-10-01,2024-10-01,,,methodologies/scope-3-cat6-business-travel,2026-04-24
scope3-transport-passenger-vehicles-cars-by-market-segment-mpv-unknown-defra-2024,Passenger vehicles — Cars (by market segment) — MPV — Unknown (DEFRA 2024),scope3-distance,3,7,Cars (by market segment) — MPV — Unknown,0.17891,kg CO2e / km,,,,Global,Global,"{GHG-Protocol,SB-253}",AR5,2,,DEFRA UK GHG Conversion Factors 2024 v1.1,https://www.gov.uk/government/collections/government-conversion-factors-for-company-reporting,2024,2024-10-01,2024-10-01,,,methodologies/scope-3-cat6-business-travel,2026-04-24
scope3-transport-passenger-vehicles-cars-by-market-segment-mpv-plug-in-hybrid-electric-vehicle-defra,Passenger vehicles — Cars (by market segment) — MPV — Plug-in Hybrid Electric Vehicle (DEFRA 2024),scope3-distance,3,7,Cars (by market segment) — MPV — Plug-in Hybrid Electric Vehicle,0.08018,kg CO2e / km,,,,Global,Global,"{GHG-Protocol,SB-253}",AR5,2,,DEFRA UK GHG Conversion Factors 2024 v1.1,https://www.gov.uk/government/collections/government-conversion-factors-for-company-reporting,2024,2024-10-01,2024-10-01,,,methodologies/scope-3-cat6-business-travel,2026-04-24
scope3-transport-passenger-vehicles-cars-by-market-segment-mpv-battery-electric-vehicle-defra-2024,Passenger vehicles — Cars (by market segment) — MPV — Battery Electric Vehicle (DEFRA 2024),scope3-distance,3,7,Cars (by market segment) — MPV — Battery Electric Vehicle,0.0,kg CO2e / km,,,,Global,Global,"{GHG-Protocol,SB-253}",AR5,2,,DEFRA UK GHG Conversion Factors 2024 v1.1,https://www.gov.uk/government/collections/government-conversion-factors-for-company-reporting,2024,2024-10-01,2024-10-01,,,methodologies/scope-3-cat6-business-travel,2026-04-24
scope3-transport-passenger-vehicles-cars-by-market-segment-mpv-diesel-defra-2024-083,Passenger vehicles — Cars (by market segment) — MPV — Diesel (DEFRA 2024),scope3-distance,3,7,Cars (by market segment) — MPV — Diesel,0.28569,kg CO2e / miles,,,,Global,Global,"{GHG-Protocol,SB-253}",AR5,2,,DEFRA UK GHG Conversion Factors 2024 v1.1,https://www.gov.uk/government/collections/government-conversion-factors-for-company-reporting,2024,2024-10-01,2024-10-01,,,methodologies/scope-3-cat6-business-travel,2026-04-24
scope3-transport-passenger-vehicles-cars-by-market-segment-mpv-petrol-defra-2024-084,Passenger vehicles — Cars (by market segment) — MPV — Petrol (DEFRA 2024),scope3-distance,3,7,Cars (by market segment) — MPV — Petrol,0.2943,kg CO2e / miles,,,,Global,Global,"{GHG-Protocol,SB-253}",AR5,2,,DEFRA UK GHG Conversion Factors 2024 v1.1,https://www.gov.uk/government/collections/government-conversion-factors-for-company-reporting,2024,2024-10-01,2024-10-01,,,methodologies/scope-3-cat6-business-travel,2026-04-24
scope3-transport-passenger-vehicles-cars-by-market-segment-mpv-unknown-defra-2024-085,Passenger vehicles — Cars (by market segment) — MPV — Unknown (DEFRA 2024),scope3-distance,3,7,Cars (by market segment) — MPV — Unknown,0.28793,kg CO2e / miles,,,,Global,Global,"{GHG-Protocol,SB-253}",AR5,2,,DEFRA UK GHG Conversion Factors 2024 v1.1,https://www.gov.uk/government/collections/government-conversion-factors-for-company-reporting,2024,2024-10-01,2024-10-01,,,methodologies/scope-3-cat6-business-travel,2026-04-24
scope3-transport-passenger-vehicles-cars-by-market-segment-mpv-plug-in-hybrid-electric-vehicle--086,Passenger vehicles — Cars (by market segment) — MPV — Plug-in Hybrid Electric Vehicle (DEFRA 2024),scope3-distance,3,7,Cars (by market segment) — MPV — Plug-in Hybrid Electric Vehicle,0.12904,kg CO2e / miles,,,,Global,Global,"{GHG-Protocol,SB-253}",AR5,2,,DEFRA UK GHG Conversion Factors 2024 v1.1,https://www.gov.uk/government/collections/government-conversion-factors-for-company-reporting,2024,2024-10-01,2024-10-01,,,methodologies/scope-3-cat6-business-travel,2026-04-24
scope3-transport-passenger-vehicles-cars-by-market-segment-mpv-battery-electric-vehicle-defra-2-087,Passenger vehicles — Cars (by market segment) — MPV — Battery Electric Vehicle (DEFRA 2024),scope3-distance,3,7,Cars (by market segment) — MPV — Battery Electric Vehicle,0.0,kg CO2e / miles,,,,Global,Global,"{GHG-Protocol,SB-253}",AR5,2,,DEFRA UK GHG Conversion Factors 2024 v1.1,https://www.gov.uk/government/collections/government-conversion-factors-for-company-reporting,2024,2024-10-01,2024-10-01,,,methodologies/scope-3-cat6-business-travel,2026-04-24
scope3-transport-passenger-vehicles-cars-by-size-small-car-diesel-defra-2024,Passenger vehicles — Cars (by size) — Small car — Diesel (DEFRA 2024),scope3-distance,3,7,Cars (by size) — Small car — Diesel,0.13994,kg CO2e / km,,,,Global,Global,"{GHG-Protocol,SB-253}",AR5,2,,DEFRA UK GHG Conversion Factors 2024 v1.1,https://www.gov.uk/government/collections/government-conversion-factors-for-company-reporting,2024,2024-10-01,2024-10-01,,,methodologies/scope-3-cat6-business-travel,2026-04-24
scope3-transport-passenger-vehicles-cars-by-size-small-car-petrol-defra-2024,Passenger vehicles — Cars (by size) — Small car — Petrol (DEFRA 2024),scope3-distance,3,7,Cars (by size) — Small car — Petrol,0.1437,kg CO2e / km,,,,Global,Global,"{GHG-Protocol,SB-253}",AR5,2,,DEFRA UK GHG Conversion Factors 2024 v1.1,https://www.gov.uk/government/collections/government-conversion-factors-for-company-reporting,2024,2024-10-01,2024-10-01,,,methodologies/scope-3-cat6-business-travel,2026-04-24
scope3-transport-passenger-vehicles-cars-by-size-small-car-hybrid-defra-2024,Passenger vehicles — Cars (by size) — Small car — Hybrid (DEFRA 2024),scope3-distance,3,7,Cars (by size) — Small car — Hybrid,0.11274,kg CO2e / km,,,,Global,Global,"{GHG-Protocol,SB-253}",AR5,2,,DEFRA UK GHG Conversion Factors 2024 v1.1,https://www.gov.uk/government/collections/government-conversion-factors-for-company-reporting,2024,2024-10-01,2024-10-01,,,methodologies/scope-3-cat6-business-travel,2026-04-24
scope3-transport-passenger-vehicles-cars-by-size-small-car-unknown-defra-2024,Passenger vehicles — Cars (by size) — Small car — Unknown (DEFRA 2024),scope3-distance,3,7,Cars (by size) — Small car — Unknown,0.14262,kg CO2e / km,,,,Global,Global,"{GHG-Protocol,SB-253}",AR5,2,,DEFRA UK GHG Conversion Factors 2024 v1.1,https://www.gov.uk/government/collections/government-conversion-factors-for-company-reporting,2024,2024-10-01,2024-10-01,,,methodologies/scope-3-cat6-business-travel,2026-04-24
scope3-transport-passenger-vehicles-cars-by-size-small-car-plug-in-hybrid-electric-vehicle-defra-202,Passenger vehicles — Cars (by size) — Small car — Plug-in Hybrid Electric Vehicle (DEFRA 2024),scope3-distance,3,7,Cars (by size) — Small car — Plug-in Hybrid Electric Vehicle,0.03012,kg CO2e / km,,,,Global,Global,"{GHG-Protocol,SB-253}",AR5,2,,DEFRA UK GHG Conversion Factors 2024 v1.1,https://www.gov.uk/government/collections/government-conversion-factors-for-company-reporting,2024,2024-10-01,2024-10-01,,,methodologies/scope-3-cat6-business-travel,2026-04-24
scope3-transport-passenger-vehicles-cars-by-size-small-car-battery-electric-vehicle-defra-2024,Passenger vehicles — Cars (by size) — Small car — Battery Electric Vehicle (DEFRA 2024),scope3-distance,3,7,Cars (by size) — Small car — Battery Electric Vehicle,0.0,kg CO2e / km,,,,Global,Global,"{GHG-Protocol,SB-253}",AR5,2,,DEFRA UK GHG Conversion Factors 2024 v1.1,https://www.gov.uk/government/collections/government-conversion-factors-for-company-reporting,2024,2024-10-01,2024-10-01,,,methodologies/scope-3-cat6-business-travel,2026-04-24
scope3-transport-passenger-vehicles-cars-by-size-small-car-diesel-defra-2024-094,Passenger vehicles — Cars (by size) — Small car — Diesel (DEFRA 2024),scope3-distance,3,7,Cars (by size) — Small car — Diesel,0.22522,kg CO2e / miles,,,,Global,Global,"{GHG-Protocol,SB-253}",AR5,2,,DEFRA UK GHG Conversion Factors 2024 v1.1,https://www.gov.uk/government/collections/government-conversion-factors-for-company-reporting,2024,2024-10-01,2024-10-01,,,methodologies/scope-3-cat6-business-travel,2026-04-24
scope3-transport-passenger-vehicles-cars-by-size-small-car-petrol-defra-2024-095,Passenger vehicles — Cars (by size) — Small car — Petrol (DEFRA 2024),scope3-distance,3,7,Cars (by size) — Small car — Petrol,0.23126,kg CO2e / miles,,,,Global,Global,"{GHG-Protocol,SB-253}",AR5,2,,DEFRA UK GHG Conversion Factors 2024 v1.1,https://www.gov.uk/government/collections/government-conversion-factors-for-company-reporting,2024,2024-10-01,2024-10-01,,,methodologies/scope-3-cat6-business-travel,2026-04-24
scope3-transport-passenger-vehicles-cars-by-size-small-car-hybrid-defra-2024-096,Passenger vehicles — Cars (by size) — Small car — Hybrid (DEFRA 2024),scope3-distance,3,7,Cars (by size) — Small car — Hybrid,0.18143,kg CO2e / miles,,,,Global,Global,"{GHG-Protocol,SB-253}",AR5,2,,DEFRA UK GHG Conversion Factors 2024 v1.1,https://www.gov.uk/government/collections/government-conversion-factors-for-company-reporting,2024,2024-10-01,2024-10-01,,,methodologies/scope-3-cat6-business-travel,2026-04-24
scope3-transport-passenger-vehicles-cars-by-size-small-car-unknown-defra-2024-097,Passenger vehicles — Cars (by size) — Small car — Unknown (DEFRA 2024),scope3-distance,3,7,Cars (by size) — Small car — Unknown,0.22953,kg CO2e / miles,,,,Global,Global,"{GHG-Protocol,SB-253}",AR5,2,,DEFRA UK GHG Conversion Factors 2024 v1.1,https://www.gov.uk/government/collections/government-conversion-factors-for-company-reporting,2024,2024-10-01,2024-10-01,,,methodologies/scope-3-cat6-business-travel,2026-04-24
scope3-transport-passenger-vehicles-cars-by-size-small-car-plug-in-hybrid-electric-vehicle-defr-098,Passenger vehicles — Cars (by size) — Small car — Plug-in Hybrid Electric Vehicle (DEFRA 2024),scope3-distance,3,7,Cars (by size) — Small car — Plug-in Hybrid Electric Vehicle,0.04848,kg CO2e / miles,,,,Global,Global,"{GHG-Protocol,SB-253}",AR5,2,,DEFRA UK GHG Conversion Factors 2024 v1.1,https://www.gov.uk/government/collections/government-conversion-factors-for-company-reporting,2024,2024-10-01,2024-10-01,,,methodologies/scope-3-cat6-business-travel,2026-04-24
scope3-transport-passenger-vehicles-cars-by-size-small-car-battery-electric-vehicle-defra-2024-099,Passenger vehicles — Cars (by size) — Small car — Battery Electric Vehicle (DEFRA 2024),scope3-distance,3,7,Cars (by size) — Small car — Battery Electric Vehicle,0.0,kg CO2e / miles,,,,Global,Global,"{GHG-Protocol,SB-253}",AR5,2,,DEFRA UK GHG Conversion Factors 2024 v1.1,https://www.gov.uk/government/collections/government-conversion-factors-for-company-reporting,2024,2024-10-01,2024-10-01,,,methodologies/scope-3-cat6-business-travel,2026-04-24
scope3-transport-passenger-vehicles-cars-by-size-medium-car-diesel-defra-2024,Passenger vehicles — Cars (by size) — Medium car — Diesel (DEFRA 2024),scope3-distance,3,7,Cars (by size) — Medium car — Diesel,0.16807,kg CO2e / km,,,,Global,Global,"{GHG-Protocol,SB-253}",AR5,2,,DEFRA UK GHG Conversion Factors 2024 v1.1,https://www.gov.uk/government/collections/government-conversion-factors-for-company-reporting,2024,2024-10-01,2024-10-01,,,methodologies/scope-3-cat6-business-travel,2026-04-24
scope3-transport-passenger-vehicles-cars-by-size-medium-car-petrol-defra-2024,Passenger vehicles — Cars (by size) — Medium car — Petrol (DEFRA 2024),scope3-distance,3,7,Cars (by size) — Medium car — Petrol,0.17726,kg CO2e / km,,,,Global,Global,"{GHG-Protocol,SB-253}",AR5,2,,DEFRA UK GHG Conversion Factors 2024 v1.1,https://www.gov.uk/government/collections/government-conversion-factors-for-company-reporting,2024,2024-10-01,2024-10-01,,,methodologies/scope-3-cat6-business-travel,2026-04-24
scope3-transport-passenger-vehicles-cars-by-size-medium-car-hybrid-defra-2024,Passenger vehicles — Cars (by size) — Medium car — Hybrid (DEFRA 2024),scope3-distance,3,7,Cars (by size) — Medium car — Hybrid,0.1149,kg CO2e / km,,,,Global,Global,"{GHG-Protocol,SB-253}",AR5,2,,DEFRA UK GHG Conversion Factors 2024 v1.1,https://www.gov.uk/government/collections/government-conversion-factors-for-company-reporting,2024,2024-10-01,2024-10-01,,,methodologies/scope-3-cat6-business-travel,2026-04-24
scope3-transport-passenger-vehicles-cars-by-size-medium-car-cng-defra-2024,Passenger vehicles — Cars (by size) — Medium car — CNG (DEFRA 2024),scope3-distance,3,7,Cars (by size) — Medium car — CNG,0.15682,kg CO2e / km,,,,Global,Global,"{GHG-Protocol,SB-253}",AR5,2,,DEFRA UK GHG Conversion Factors 2024 v1.1,https://www.gov.uk/government/collections/government-conversion-factors-for-company-reporting,2024,2024-10-01,2024-10-01,,,methodologies/scope-3-cat6-business-travel,2026-04-24
scope3-transport-passenger-vehicles-cars-by-size-medium-car-lpg-defra-2024,Passenger vehicles — Cars (by size) — Medium car — LPG (DEFRA 2024),scope3-distance,3,7,Cars (by size) — Medium car — LPG,0.17634,kg CO2e / km,,,,Global,Global,"{GHG-Protocol,SB-253}",AR5,2,,DEFRA UK GHG Conversion Factors 2024 v1.1,https://www.gov.uk/government/collections/government-conversion-factors-for-company-reporting,2024,2024-10-01,2024-10-01,,,methodologies/scope-3-cat6-business-travel,2026-04-24
scope3-transport-passenger-vehicles-cars-by-size-medium-car-unknown-defra-2024,Passenger vehicles — Cars (by size) — Medium car — Unknown (DEFRA 2024),scope3-distance,3,7,Cars (by size) — Medium car — Unknown,0.17256,kg CO2e / km,,,,Global,Global,"{GHG-Protocol,SB-253}",AR5,2,,DEFRA UK GHG Conversion Factors 2024 v1.1,https://www.gov.uk/government/collections/government-conversion-factors-for-company-reporting,2024,2024-10-01,2024-10-01,,,methodologies/scope-3-cat6-business-travel,2026-04-24
scope3-transport-passenger-vehicles-cars-by-size-medium-car-plug-in-hybrid-electric-vehicle-defra-20,Passenger vehicles — Cars (by size) — Medium car — Plug-in Hybrid Electric Vehicle (DEFRA 2024),scope3-distance,3,7,Cars (by size) — Medium car — Plug-in Hybrid Electric Vehicle,0.0812,kg CO2e / km,,,,Global,Global,"{GHG-Protocol,SB-253}",AR5,2,,DEFRA UK GHG Conversion Factors 2024 v1.1,https://www.gov.uk/government/collections/government-conversion-factors-for-company-reporting,2024,2024-10-01,2024-10-01,,,methodologies/scope-3-cat6-business-travel,2026-04-24
scope3-transport-passenger-vehicles-cars-by-size-medium-car-battery-electric-vehicle-defra-2024,Passenger vehicles — Cars (by size) — Medium car — Battery Electric Vehicle (DEFRA 2024),scope3-distance,3,7,Cars (by size) — Medium car — Battery Electric Vehicle,0.0,kg CO2e / km,,,,Global,Global,"{GHG-Protocol,SB-253}",AR5,2,,DEFRA UK GHG Conversion Factors 2024 v1.1,https://www.gov.uk/government/collections/government-conversion-factors-for-company-reporting,2024,2024-10-01,2024-10-01,,,methodologies/scope-3-cat6-business-travel,2026-04-24
scope3-transport-passenger-vehicles-cars-by-size-medium-car-diesel-defra-2024-108,Passenger vehicles — Cars (by size) — Medium car — Diesel (DEFRA 2024),scope3-distance,3,7,Cars (by size) — Medium car — Diesel,0.2705,kg CO2e / miles,,,,Global,Global,"{GHG-Protocol,SB-253}",AR5,2,,DEFRA UK GHG Conversion Factors 2024 v1.1,https://www.gov.uk/government/collections/government-conversion-factors-for-company-reporting,2024,2024-10-01,2024-10-01,,,methodologies/scope-3-cat6-business-travel,2026-04-24
scope3-transport-passenger-vehicles-cars-by-size-medium-car-petrol-defra-2024-109,Passenger vehicles — Cars (by size) — Medium car — Petrol (DEFRA 2024),scope3-distance,3,7,Cars (by size) — Medium car — Petrol,0.28526,kg CO2e / miles,,,,Global,Global,"{GHG-Protocol,SB-253}",AR5,2,,DEFRA UK GHG Conversion Factors 2024 v1.1,https://www.gov.uk/government/collections/government-conversion-factors-for-company-reporting,2024,2024-10-01,2024-10-01,,,methodologies/scope-3-cat6-business-travel,2026-04-24
scope3-transport-passenger-vehicles-cars-by-size-medium-car-hybrid-defra-2024-110,Passenger vehicles — Cars (by size) — Medium car — Hybrid (DEFRA 2024),scope3-distance,3,7,Cars (by size) — Medium car — Hybrid,0.18492,kg CO2e / miles,,,,Global,Global,"{GHG-Protocol,SB-253}",AR5,2,,DEFRA UK GHG Conversion Factors 2024 v1.1,https://www.gov.uk/government/collections/government-conversion-factors-for-company-reporting,2024,2024-10-01,2024-10-01,,,methodologies/scope-3-cat6-business-travel,2026-04-24
scope3-transport-passenger-vehicles-cars-by-size-medium-car-cng-defra-2024-111,Passenger vehicles — Cars (by size) — Medium car — CNG (DEFRA 2024),scope3-distance,3,7,Cars (by size) — Medium car — CNG,0.25238,kg CO2e / miles,,,,Global,Global,"{GHG-Protocol,SB-253}",AR5,2,,DEFRA UK GHG Conversion Factors 2024 v1.1,https://www.gov.uk/government/collections/government-conversion-factors-for-company-reporting,2024,2024-10-01,2024-10-01,,,methodologies/scope-3-cat6-business-travel,2026-04-24
scope3-transport-passenger-vehicles-cars-by-size-medium-car-lpg-defra-2024-112,Passenger vehicles — Cars (by size) — Medium car — LPG (DEFRA 2024),scope3-distance,3,7,Cars (by size) — Medium car — LPG,0.28378,kg CO2e / miles,,,,Global,Global,"{GHG-Protocol,SB-253}",AR5,2,,DEFRA UK GHG Conversion Factors 2024 v1.1,https://www.gov.uk/government/collections/government-conversion-factors-for-company-reporting,2024,2024-10-01,2024-10-01,,,methodologies/scope-3-cat6-business-travel,2026-04-24
scope3-transport-passenger-vehicles-cars-by-size-medium-car-unknown-defra-2024-113,Passenger vehicles — Cars (by size) — Medium car — Unknown (DEFRA 2024),scope3-distance,3,7,Cars (by size) — Medium car — Unknown,0.27771,kg CO2e / miles,,,,Global,Global,"{GHG-Protocol,SB-253}",AR5,2,,DEFRA UK GHG Conversion Factors 2024 v1.1,https://www.gov.uk/government/collections/government-conversion-factors-for-company-reporting,2024,2024-10-01,2024-10-01,,,methodologies/scope-3-cat6-business-travel,2026-04-24
scope3-transport-passenger-vehicles-cars-by-size-medium-car-plug-in-hybrid-electric-vehicle-def-114,Passenger vehicles — Cars (by size) — Medium car — Plug-in Hybrid Electric Vehicle (DEFRA 2024),scope3-distance,3,7,Cars (by size) — Medium car — Plug-in Hybrid Electric Vehicle,0.13066,kg CO2e / miles,,,,Global,Global,"{GHG-Protocol,SB-253}",AR5,2,,DEFRA UK GHG Conversion Factors 2024 v1.1,https://www.gov.uk/government/collections/government-conversion-factors-for-company-reporting,2024,2024-10-01,2024-10-01,,,methodologies/scope-3-cat6-business-travel,2026-04-24
scope3-transport-passenger-vehicles-cars-by-size-medium-car-battery-electric-vehicle-defra-2024-115,Passenger vehicles — Cars (by size) — Medium car — Battery Electric Vehicle (DEFRA 2024),scope3-distance,3,7,Cars (by size) — Medium car — Battery Electric Vehicle,0.0,kg CO2e / miles,,,,Global,Global,"{GHG-Protocol,SB-253}",AR5,2,,DEFRA UK GHG Conversion Factors 2024 v1.1,https://www.gov.uk/government/collections/government-conversion-factors-for-company-reporting,2024,2024-10-01,2024-10-01,,,methodologies/scope-3-cat6-business-travel,2026-04-24
scope3-transport-passenger-vehicles-cars-by-size-large-car-diesel-defra-2024,Passenger vehicles — Cars (by size) — Large car — Diesel (DEFRA 2024),scope3-distance,3,7,Cars (by size) — Large car — Diesel,0.20729,kg CO2e / km,,,,Global,Global,"{GHG-Protocol,SB-253}",AR5,2,,DEFRA UK GHG Conversion Factors 2024 v1.1,https://www.gov.uk/government/collections/government-conversion-factors-for-company-reporting,2024,2024-10-01,2024-10-01,,,methodologies/scope-3-cat6-business-travel,2026-04-24
scope3-transport-passenger-vehicles-cars-by-size-large-car-petrol-defra-2024,Passenger vehicles — Cars (by size) — Large car — Petrol (DEFRA 2024),scope3-distance,3,7,Cars (by size) — Large car — Petrol,0.26885,kg CO2e / km,,,,Global,Global,"{GHG-Protocol,SB-253}",AR5,2,,DEFRA UK GHG Conversion Factors 2024 v1.1,https://www.gov.uk/government/collections/government-conversion-factors-for-company-reporting,2024,2024-10-01,2024-10-01,,,methodologies/scope-3-cat6-business-travel,2026-04-24
scope3-transport-passenger-vehicles-cars-by-size-large-car-hybrid-defra-2024,Passenger vehicles — Cars (by size) — Large car — Hybrid (DEFRA 2024),scope3-distance,3,7,Cars (by size) — Large car — Hybrid,0.15486,kg CO2e / km,,,,Global,Global,"{GHG-Protocol,SB-253}",AR5,2,,DEFRA UK GHG Conversion Factors 2024 v1.1,https://www.gov.uk/government/collections/government-conversion-factors-for-company-reporting,2024,2024-10-01,2024-10-01,,,methodologies/scope-3-cat6-business-travel,2026-04-24
scope3-transport-passenger-vehicles-cars-by-size-large-car-cng-defra-2024,Passenger vehicles — Cars (by size) — Large car — CNG (DEFRA 2024),scope3-distance,3,7,Cars (by size) — Large car — CNG,0.23705,kg CO2e / km,,,,Global,Global,"{GHG-Protocol,SB-253}",AR5,2,,DEFRA UK GHG Conversion Factors 2024 v1.1,https://www.gov.uk/government/collections/government-conversion-factors-for-company-reporting,2024,2024-10-01,2024-10-01,,,methodologies/scope-3-cat6-business-travel,2026-04-24
scope3-transport-passenger-vehicles-cars-by-size-large-car-lpg-defra-2024,Passenger vehicles — Cars (by size) — Large car — LPG (DEFRA 2024),scope3-distance,3,7,Cars (by size) — Large car — LPG,0.26759,kg CO2e / km,,,,Global,Global,"{GHG-Protocol,SB-253}",AR5,2,,DEFRA UK GHG Conversion Factors 2024 v1.1,https://www.gov.uk/government/collections/government-conversion-factors-for-company-reporting,2024,2024-10-01,2024-10-01,,,methodologies/scope-3-cat6-business-travel,2026-04-24
scope3-transport-passenger-vehicles-cars-by-size-large-car-unknown-defra-2024,Passenger vehicles — Cars (by size) — Large car — Unknown (DEFRA 2024),scope3-distance,3,7,Cars (by size) — Large car — Unknown,0.22472,kg CO2e / km,,,,Global,Global,"{GHG-Protocol,SB-253}",AR5,2,,DEFRA UK GHG Conversion Factors 2024 v1.1,https://www.gov.uk/government/collections/government-conversion-factors-for-company-reporting,2024,2024-10-01,2024-10-01,,,methodologies/scope-3-cat6-business-travel,2026-04-24
scope3-transport-passenger-vehicles-cars-by-size-large-car-plug-in-hybrid-electric-vehicle-defra-202,Passenger vehicles — Cars (by size) — Large car — Plug-in Hybrid Electric Vehicle (DEFRA 2024),scope3-distance,3,7,Cars (by size) — Large car — Plug-in Hybrid Electric Vehicle,0.10306,kg CO2e / km,,,,Global,Global,"{GHG-Protocol,SB-253}",AR5,2,,DEFRA UK GHG Conversion Factors 2024 v1.1,https://www.gov.uk/government/collections/government-conversion-factors-for-company-reporting,2024,2024-10-01,2024-10-01,,,methodologies/scope-3-cat6-business-travel,2026-04-24
scope3-transport-passenger-vehicles-cars-by-size-large-car-battery-electric-vehicle-defra-2024,Passenger vehicles — Cars (by size) — Large car — Battery Electric Vehicle (DEFRA 2024),scope3-distance,3,7,Cars (by size) — Large car — Battery Electric Vehicle,0.0,kg CO2e / km,,,,Global,Global,"{GHG-Protocol,SB-253}",AR5,2,,DEFRA UK GHG Conversion Factors 2024 v1.1,https://www.gov.uk/government/collections/government-conversion-factors-for-company-reporting,2024,2024-10-01,2024-10-01,,,methodologies/scope-3-cat6-business-travel,2026-04-24
scope3-transport-passenger-vehicles-cars-by-size-large-car-diesel-defra-2024-124,Passenger vehicles — Cars (by size) — Large car — Diesel (DEFRA 2024),scope3-distance,3,7,Cars (by size) — Large car — Diesel,0.33362,kg CO2e / miles,,,,Global,Global,"{GHG-Protocol,SB-253}",AR5,2,,DEFRA UK GHG Conversion Factors 2024 v1.1,https://www.gov.uk/government/collections/government-conversion-factors-for-company-reporting,2024,2024-10-01,2024-10-01,,,methodologies/scope-3-cat6-business-travel,2026-04-24
scope3-transport-passenger-vehicles-cars-by-size-large-car-petrol-defra-2024-125,Passenger vehicles — Cars (by size) — Large car — Petrol (DEFRA 2024),scope3-distance,3,7,Cars (by size) — Large car — Petrol,0.43267,kg CO2e / miles,,,,Global,Global,"{GHG-Protocol,SB-253}",AR5,2,,DEFRA UK GHG Conversion Factors 2024 v1.1,https://www.gov.uk/government/collections/government-conversion-factors-for-company-reporting,2024,2024-10-01,2024-10-01,,,methodologies/scope-3-cat6-business-travel,2026-04-24
scope3-transport-passenger-vehicles-cars-by-size-large-car-hybrid-defra-2024-126,Passenger vehicles — Cars (by size) — Large car — Hybrid (DEFRA 2024),scope3-distance,3,7,Cars (by size) — Large car — Hybrid,0.24921,kg CO2e / miles,,,,Global,Global,"{GHG-Protocol,SB-253}",AR5,2,,DEFRA UK GHG Conversion Factors 2024 v1.1,https://www.gov.uk/government/collections/government-conversion-factors-for-company-reporting,2024,2024-10-01,2024-10-01,,,methodologies/scope-3-cat6-business-travel,2026-04-24
scope3-transport-passenger-vehicles-cars-by-size-large-car-cng-defra-2024-127,Passenger vehicles — Cars (by size) — Large car — CNG (DEFRA 2024),scope3-distance,3,7,Cars (by size) — Large car — CNG,0.38151,kg CO2e / miles,,,,Global,Global,"{GHG-Protocol,SB-253}",AR5,2,,DEFRA UK GHG Conversion Factors 2024 v1.1,https://www.gov.uk/government/collections/government-conversion-factors-for-company-reporting,2024,2024-10-01,2024-10-01,,,methodologies/scope-3-cat6-business-travel,2026-04-24
scope3-transport-passenger-vehicles-cars-by-size-large-car-lpg-defra-2024-128,Passenger vehicles — Cars (by size) — Large car — LPG (DEFRA 2024),scope3-distance,3,7,Cars (by size) — Large car — LPG,0.43064,kg CO2e / miles,,,,Global,Global,"{GHG-Protocol,SB-253}",AR5,2,,DEFRA UK GHG Conversion Factors 2024 v1.1,https://www.gov.uk/government/collections/government-conversion-factors-for-company-reporting,2024,2024-10-01,2024-10-01,,,methodologies/scope-3-cat6-business-travel,2026-04-24
scope3-transport-passenger-vehicles-cars-by-size-large-car-unknown-defra-2024-129,Passenger vehicles — Cars (by size) — Large car — Unknown (DEFRA 2024),scope3-distance,3,7,Cars (by size) — Large car — Unknown,0.36164,kg CO2e / miles,,,,Global,Global,"{GHG-Protocol,SB-253}",AR5,2,,DEFRA UK GHG Conversion Factors 2024 v1.1,https://www.gov.uk/government/collections/government-conversion-factors-for-company-reporting,2024,2024-10-01,2024-10-01,,,methodologies/scope-3-cat6-business-travel,2026-04-24
scope3-transport-passenger-vehicles-cars-by-size-large-car-plug-in-hybrid-electric-vehicle-defr-130,Passenger vehicles — Cars (by size) — Large car — Plug-in Hybrid Electric Vehicle (DEFRA 2024),scope3-distance,3,7,Cars (by size) — Large car — Plug-in Hybrid Electric Vehicle,0.16587,kg CO2e / miles,,,,Global,Global,"{GHG-Protocol,SB-253}",AR5,2,,DEFRA UK GHG Conversion Factors 2024 v1.1,https://www.gov.uk/government/collections/government-conversion-factors-for-company-reporting,2024,2024-10-01,2024-10-01,,,methodologies/scope-3-cat6-business-travel,2026-04-24
scope3-transport-passenger-vehicles-cars-by-size-large-car-battery-electric-vehicle-defra-2024-131,Passenger vehicles — Cars (by size) — Large car — Battery Electric Vehicle (DEFRA 2024),scope3-distance,3,7,Cars (by size) — Large car — Battery Electric Vehicle,0.0,kg CO2e / miles,,,,Global,Global,"{GHG-Protocol,SB-253}",AR5,2,,DEFRA UK GHG Conversion Factors 2024 v1.1,https://www.gov.uk/government/collections/government-conversion-factors-for-company-reporting,2024,2024-10-01,2024-10-01,,,methodologies/scope-3-cat6-business-travel,2026-04-24
scope3-transport-passenger-vehicles-cars-by-size-average-car-diesel-defra-2024,Passenger vehicles — Cars (by size) — Average car — Diesel (DEFRA 2024),scope3-distance,3,7,Cars (by size) — Average car — Diesel,0.16984,kg CO2e / km,,,,Global,Global,"{GHG-Protocol,SB-253}",AR5,2,,DEFRA UK GHG Conversion Factors 2024 v1.1,https://www.gov.uk/government/collections/government-conversion-factors-for-company-reporting,2024,2024-10-01,2024-10-01,,,methodologies/scope-3-cat6-business-travel,2026-04-24
scope3-transport-passenger-vehicles-cars-by-size-average-car-petrol-defra-2024,Passenger vehicles — Cars (by size) — Average car — Petrol (DEFRA 2024),scope3-distance,3,7,Cars (by size) — Average car — Petrol,0.1645,kg CO2e / km,,,,Global,Global,"{GHG-Protocol,SB-253}",AR5,2,,DEFRA UK GHG Conversion Factors 2024 v1.1,https://www.gov.uk/government/collections/government-conversion-factors-for-company-reporting,2024,2024-10-01,2024-10-01,,,methodologies/scope-3-cat6-business-travel,2026-04-24
scope3-transport-passenger-vehicles-cars-by-size-average-car-hybrid-defra-2024,Passenger vehicles — Cars (by size) — Average car — Hybrid (DEFRA 2024),scope3-distance,3,7,Cars (by size) — Average car — Hybrid,0.12607,kg CO2e / km,,,,Global,Global,"{GHG-Protocol,SB-253}",AR5,2,,DEFRA UK GHG Conversion Factors 2024 v1.1,https://www.gov.uk/government/collections/government-conversion-factors-for-company-reporting,2024,2024-10-01,2024-10-01,,,methodologies/scope-3-cat6-business-travel,2026-04-24
scope3-transport-passenger-vehicles-cars-by-size-average-car-cng-defra-2024,Passenger vehicles — Cars (by size) — Average car — CNG (DEFRA 2024),scope3-distance,3,7,Cars (by size) — Average car — CNG,0.17514,kg CO2e / km,,,,Global,Global,"{GHG-Protocol,SB-253}",AR5,2,,DEFRA UK GHG Conversion Factors 2024 v1.1,https://www.gov.uk/government/collections/government-conversion-factors-for-company-reporting,2024,2024-10-01,2024-10-01,,,methodologies/scope-3-cat6-business-travel,2026-04-24
scope3-transport-passenger-vehicles-cars-by-size-average-car-lpg-defra-2024,Passenger vehicles — Cars (by size) — Average car — LPG (DEFRA 2024),scope3-distance,3,7,Cars (by size) — Average car — LPG,0.19718,kg CO2e / km,,,,Global,Global,"{GHG-Protocol,SB-253}",AR5,2,,DEFRA UK GHG Conversion Factors 2024 v1.1,https://www.gov.uk/government/collections/government-conversion-factors-for-company-reporting,2024,2024-10-01,2024-10-01,,,methodologies/scope-3-cat6-business-travel,2026-04-24
scope3-transport-passenger-vehicles-cars-by-size-average-car-unknown-defra-2024,Passenger vehicles — Cars (by size) — Average car — Unknown (DEFRA 2024),scope3-distance,3,7,Cars (by size) — Average car — Unknown,0.16691,kg CO2e / km,,,,Global,Global,"{GHG-Protocol,SB-253}",AR5,2,,DEFRA UK GHG Conversion Factors 2024 v1.1,https://www.gov.uk/government/collections/government-conversion-factors-for-company-reporting,2024,2024-10-01,2024-10-01,,,methodologies/scope-3-cat6-business-travel,2026-04-24
scope3-transport-passenger-vehicles-cars-by-size-average-car-plug-in-hybrid-electric-vehicle-defra-2,Passenger vehicles — Cars (by size) — Average car — Plug-in Hybrid Electric Vehicle (DEFRA 2024),scope3-distance,3,7,Cars (by size) — Average car — Plug-in Hybrid Electric Vehicle,0.0936,kg CO2e / km,,,,Global,Global,"{GHG-Protocol,SB-253}",AR5,2,,DEFRA UK GHG Conversion Factors 2024 v1.1,https://www.gov.uk/government/collections/government-conversion-factors-for-company-reporting,2024,2024-10-01,2024-10-01,,,methodologies/scope-3-cat6-business-travel,2026-04-24
scope3-transport-passenger-vehicles-cars-by-size-average-car-battery-electric-vehicle-defra-2024,Passenger vehicles — Cars (by size) — Average car — Battery Electric Vehicle (DEFRA 2024),scope3-distance,3,7,Cars (by size) — Average car — Battery Electric Vehicle,0.0,kg CO2e / km,,,,Global,Global,"{GHG-Protocol,SB-253}",AR5,2,,DEFRA UK GHG Conversion Factors 2024 v1.1,https://www.gov.uk/government/collections/government-conversion-factors-for-company-reporting,2024,2024-10-01,2024-10-01,,,methodologies/scope-3-cat6-business-travel,2026-04-24
scope3-transport-passenger-vehicles-cars-by-size-average-car-diesel-defra-2024-140,Passenger vehicles — Cars (by size) — Average car — Diesel (DEFRA 2024),scope3-distance,3,7,Cars (by size) — Average car — Diesel,0.27334,kg CO2e / miles,,,,Global,Global,"{GHG-Protocol,SB-253}",AR5,2,,DEFRA UK GHG Conversion Factors 2024 v1.1,https://www.gov.uk/government/collections/government-conversion-factors-for-company-reporting,2024,2024-10-01,2024-10-01,,,methodologies/scope-3-cat6-business-travel,2026-04-24
scope3-transport-passenger-vehicles-cars-by-size-average-car-petrol-defra-2024-141,Passenger vehicles — Cars (by size) — Average car — Petrol (DEFRA 2024),scope3-distance,3,7,Cars (by size) — Average car — Petrol,0.26473,kg CO2e / miles,,,,Global,Global,"{GHG-Protocol,SB-253}",AR5,2,,DEFRA UK GHG Conversion Factors 2024 v1.1,https://www.gov.uk/government/collections/government-conversion-factors-for-company-reporting,2024,2024-10-01,2024-10-01,,,methodologies/scope-3-cat6-business-travel,2026-04-24
scope3-transport-passenger-vehicles-cars-by-size-average-car-hybrid-defra-2024-142,Passenger vehicles — Cars (by size) — Average car — Hybrid (DEFRA 2024),scope3-distance,3,7,Cars (by size) — Average car — Hybrid,0.20288,kg CO2e / miles,,,,Global,Global,"{GHG-Protocol,SB-253}",AR5,2,,DEFRA UK GHG Conversion Factors 2024 v1.1,https://www.gov.uk/government/collections/government-conversion-factors-for-company-reporting,2024,2024-10-01,2024-10-01,,,methodologies/scope-3-cat6-business-travel,2026-04-24
scope3-transport-passenger-vehicles-cars-by-size-average-car-cng-defra-2024-143,Passenger vehicles — Cars (by size) — Average car — CNG (DEFRA 2024),scope3-distance,3,7,Cars (by size) — Average car — CNG,0.28187,kg CO2e / miles,,,,Global,Global,"{GHG-Protocol,SB-253}",AR5,2,,DEFRA UK GHG Conversion Factors 2024 v1.1,https://www.gov.uk/government/collections/government-conversion-factors-for-company-reporting,2024,2024-10-01,2024-10-01,,,methodologies/scope-3-cat6-business-travel,2026-04-24
scope3-transport-passenger-vehicles-cars-by-size-average-car-lpg-defra-2024-144,Passenger vehicles — Cars (by size) — Average car — LPG (DEFRA 2024),scope3-distance,3,7,Cars (by size) — Average car — LPG,0.31732,kg CO2e / miles,,,,Global,Global,"{GHG-Protocol,SB-253}",AR5,2,,DEFRA UK GHG Conversion Factors 2024 v1.1,https://www.gov.uk/government/collections/government-conversion-factors-for-company-reporting,2024,2024-10-01,2024-10-01,,,methodologies/scope-3-cat6-business-travel,2026-04-24
scope3-transport-passenger-vehicles-cars-by-size-average-car-unknown-defra-2024-145,Passenger vehicles — Cars (by size) — Average car — Unknown (DEFRA 2024),scope3-distance,3,7,Cars (by size) — Average car — Unknown,0.2686,kg CO2e / miles,,,,Global,Global,"{GHG-Protocol,SB-253}",AR5,2,,DEFRA UK GHG Conversion Factors 2024 v1.1,https://www.gov.uk/government/collections/government-conversion-factors-for-company-reporting,2024,2024-10-01,2024-10-01,,,methodologies/scope-3-cat6-business-travel,2026-04-24
scope3-transport-passenger-vehicles-cars-by-size-average-car-plug-in-hybrid-electric-vehicle-de-146,Passenger vehicles — Cars (by size) — Average car — Plug-in Hybrid Electric Vehicle (DEFRA 2024),scope3-distance,3,7,Cars (by size) — Average car — Plug-in Hybrid Electric Vehicle,0.15062,kg CO2e / miles,,,,Global,Global,"{GHG-Protocol,SB-253}",AR5,2,,DEFRA UK GHG Conversion Factors 2024 v1.1,https://www.gov.uk/government/collections/government-conversion-factors-for-company-reporting,2024,2024-10-01,2024-10-01,,,methodologies/scope-3-cat6-business-travel,2026-04-24
scope3-transport-passenger-vehicles-cars-by-size-average-car-battery-electric-vehicle-defra-202-147,Passenger vehicles — Cars (by size) — Average car — Battery Electric Vehicle (DEFRA 2024),scope3-distance,3,7,Cars (by size) — Average car — Battery Electric Vehicle,0.0,kg CO2e / miles,,,,Global,Global,"{GHG-Protocol,SB-253}",AR5,2,,DEFRA UK GHG Conversion Factors 2024 v1.1,https://www.gov.uk/government/collections/government-conversion-factors-for-company-reporting,2024,2024-10-01,2024-10-01,,,methodologies/scope-3-cat6-business-travel,2026-04-24
scope3-transport-passenger-vehicles-motorbike-small-defra-2024,Passenger vehicles — Motorbike — Small (DEFRA 2024),scope3-distance,3,7,Motorbike — Small,0.08319,kg CO2e / km,,,,Global,Global,"{GHG-Protocol,SB-253}",AR5,2,,DEFRA UK GHG Conversion Factors 2024 v1.1,https://www.gov.uk/government/collections/government-conversion-factors-for-company-reporting,2024,2024-10-01,2024-10-01,,,methodologies/scope-3-cat6-business-travel,2026-04-24
scope3-transport-passenger-vehicles-motorbike-small-defra-2024-149,Passenger vehicles — Motorbike — Small (DEFRA 2024),scope3-distance,3,7,Motorbike — Small,0.13389,kg CO2e / miles,,,,Global,Global,"{GHG-Protocol,SB-253}",AR5,2,,DEFRA UK GHG Conversion Factors 2024 v1.1,https://www.gov.uk/government/collections/government-conversion-factors-for-company-reporting,2024,2024-10-01,2024-10-01,,,methodologies/scope-3-cat6-business-travel,2026-04-24
scope3-transport-passenger-vehicles-motorbike-medium-defra-2024,Passenger vehicles — Motorbike — Medium (DEFRA 2024),scope3-distance,3,7,Motorbike — Medium,0.10107,kg CO2e / km,,,,Global,Global,"{GHG-Protocol,SB-253}",AR5,2,,DEFRA UK GHG Conversion Factors 2024 v1.1,https://www.gov.uk/government/collections/government-conversion-factors-for-company-reporting,2024,2024-10-01,2024-10-01,,,methodologies/scope-3-cat6-business-travel,2026-04-24
scope3-transport-passenger-vehicles-motorbike-medium-defra-2024-151,Passenger vehicles — Motorbike — Medium (DEFRA 2024),scope3-distance,3,7,Motorbike — Medium,0.16265,kg CO2e / miles,,,,Global,Global,"{GHG-Protocol,SB-253}",AR5,2,,DEFRA UK GHG Conversion Factors 2024 v1.1,https://www.gov.uk/government/collections/government-conversion-factors-for-company-reporting,2024,2024-10-01,2024-10-01,,,methodologies/scope-3-cat6-business-travel,2026-04-24
scope3-transport-passenger-vehicles-motorbike-large-defra-2024,Passenger vehicles — Motorbike — Large (DEFRA 2024),scope3-distance,3,7,Motorbike — Large,0.13252,kg CO2e / km,,,,Global,Global,"{GHG-Protocol,SB-253}",AR5,2,,DEFRA UK GHG Conversion Factors 2024 v1.1,https://www.gov.uk/government/collections/government-conversion-factors-for-company-reporting,2024,2024-10-01,2024-10-01,,,methodologies/scope-3-cat6-business-travel,2026-04-24
scope3-transport-passenger-vehicles-motorbike-large-defra-2024-153,Passenger vehicles — Motorbike — Large (DEFRA 2024),scope3-distance,3,7,Motorbike — Large,0.21326,kg CO2e / miles,,,,Global,Global,"{GHG-Protocol,SB-253}",AR5,2,,DEFRA UK GHG Conversion Factors 2024 v1.1,https://www.gov.uk/government/collections/government-conversion-factors-for-company-reporting,2024,2024-10-01,2024-10-01,,,methodologies/scope-3-cat6-business-travel,2026-04-24
scope3-transport-passenger-vehicles-motorbike-average-defra-2024,Passenger vehicles — Motorbike — Average (DEFRA 2024),scope3-distance,3,7,Motorbike — Average,0.11367,kg CO2e / km,,,,Global,Global,"{GHG-Protocol,SB-253}",AR5,2,,DEFRA UK GHG Conversion Factors 2024 v1.1,https://www.gov.uk/government/collections/government-conversion-factors-for-company-reporting,2024,2024-10-01,2024-10-01,,,methodologies/scope-3-cat6-business-travel,2026-04-24
scope3-transport-passenger-vehicles-motorbike-average-defra-2024-155,Passenger vehicles — Motorbike — Average (DEFRA 2024),scope3-distance,3,7,Motorbike — Average,0.18293,kg CO2e / miles,,,,Global,Global,"{GHG-Protocol,SB-253}",AR5,2,,DEFRA UK GHG Conversion Factors 2024 v1.1,https://www.gov.uk/government/collections/government-conversion-factors-for-company-reporting,2024,2024-10-01,2024-10-01,,,methodologies/scope-3-cat6-business-travel,2026-04-24
scope3-transport-delivery-vehicles-vans-class-i-up-to-1-305-tonnes-diesel-defra-2024,Delivery vehicles — Vans — Class I (up to 1.305 tonnes) — Diesel (DEFRA 2024),scope3-distance,3,4,Vans — Class I (up to 1.305 tonnes) — Diesel,0.15356,kg CO2e / km,,,,Global,Global,"{GHG-Protocol,SB-253}",AR5,2,,DEFRA UK GHG Conversion Factors 2024 v1.1,https://www.gov.uk/government/collections/government-conversion-factors-for-company-reporting,2024,2024-10-01,2024-10-01,,,methodologies/scope-3-cat6-business-travel,2026-04-24
scope3-transport-delivery-vehicles-vans-class-i-up-to-1-305-tonnes-petrol-defra-2024,Delivery vehicles — Vans — Class I (up to 1.305 tonnes) — Petrol (DEFRA 2024),scope3-distance,3,4,Vans — Class I (up to 1.305 tonnes) — Petrol,0.20071,kg CO2e / km,,,,Global,Global,"{GHG-Protocol,SB-253}",AR5,2,,DEFRA UK GHG Conversion Factors 2024 v1.1,https://www.gov.uk/government/collections/government-conversion-factors-for-company-reporting,2024,2024-10-01,2024-10-01,,,methodologies/scope-3-cat6-business-travel,2026-04-24
scope3-transport-delivery-vehicles-vans-class-i-up-to-1-305-tonnes-battery-electric-vehicle-defra-20,Delivery vehicles — Vans — Class I (up to 1.305 tonnes) — Battery Electric Vehicle (DEFRA 2024),scope3-distance,3,4,Vans — Class I (up to 1.305 tonnes) — Battery Electric Vehicle,0.0,kg CO2e / km,,,,Global,Global,"{GHG-Protocol,SB-253}",AR5,2,,DEFRA UK GHG Conversion Factors 2024 v1.1,https://www.gov.uk/government/collections/government-conversion-factors-for-company-reporting,2024,2024-10-01,2024-10-01,,,methodologies/scope-3-cat6-business-travel,2026-04-24
scope3-transport-delivery-vehicles-vans-class-i-up-to-1-305-tonnes-diesel-defra-2024-159,Delivery vehicles — Vans — Class I (up to 1.305 tonnes) — Diesel (DEFRA 2024),scope3-distance,3,4,Vans — Class I (up to 1.305 tonnes) — Diesel,0.24716,kg CO2e / miles,,,,Global,Global,"{GHG-Protocol,SB-253}",AR5,2,,DEFRA UK GHG Conversion Factors 2024 v1.1,https://www.gov.uk/government/collections/government-conversion-factors-for-company-reporting,2024,2024-10-01,2024-10-01,,,methodologies/scope-3-cat6-business-travel,2026-04-24
scope3-transport-delivery-vehicles-vans-class-i-up-to-1-305-tonnes-petrol-defra-2024-160,Delivery vehicles — Vans — Class I (up to 1.305 tonnes) — Petrol (DEFRA 2024),scope3-distance,3,4,Vans — Class I (up to 1.305 tonnes) — Petrol,0.32299,kg CO2e / miles,,,,Global,Global,"{GHG-Protocol,SB-253}",AR5,2,,DEFRA UK GHG Conversion Factors 2024 v1.1,https://www.gov.uk/government/collections/government-conversion-factors-for-company-reporting,2024,2024-10-01,2024-10-01,,,methodologies/scope-3-cat6-business-travel,2026-04-24
scope3-transport-delivery-vehicles-vans-class-i-up-to-1-305-tonnes-battery-electric-vehicle-def-161,Delivery vehicles — Vans — Class I (up to 1.305 tonnes) — Battery Electric Vehicle (DEFRA 2024),scope3-distance,3,4,Vans — Class I (up to 1.305 tonnes) — Battery Electric Vehicle,0.0,kg CO2e / miles,,,,Global,Global,"{GHG-Protocol,SB-253}",AR5,2,,DEFRA UK GHG Conversion Factors 2024 v1.1,https://www.gov.uk/government/collections/government-conversion-factors-for-company-reporting,2024,2024-10-01,2024-10-01,,,methodologies/scope-3-cat6-business-travel,2026-04-24
scope3-transport-delivery-vehicles-vans-class-ii-1-305-to-1-74-tonnes-diesel-defra-2024,Delivery vehicles — Vans — Class II (1.305 to 1.74 tonnes) — Diesel (DEFRA 2024),scope3-distance,3,4,Vans — Class II (1.305 to 1.74 tonnes) — Diesel,0.18832,kg CO2e / km,,,,Global,Global,"{GHG-Protocol,SB-253}",AR5,2,,DEFRA UK GHG Conversion Factors 2024 v1.1,https://www.gov.uk/government/collections/government-conversion-factors-for-company-reporting,2024,2024-10-01,2024-10-01,,,methodologies/scope-3-cat6-business-travel,2026-04-24
scope3-transport-delivery-vehicles-vans-class-ii-1-305-to-1-74-tonnes-petrol-defra-2024,Delivery vehicles — Vans — Class II (1.305 to 1.74 tonnes) — Petrol (DEFRA 2024),scope3-distance,3,4,Vans — Class II (1.305 to 1.74 tonnes) — Petrol,0.21709,kg CO2e / km,,,,Global,Global,"{GHG-Protocol,SB-253}",AR5,2,,DEFRA UK GHG Conversion Factors 2024 v1.1,https://www.gov.uk/government/collections/government-conversion-factors-for-company-reporting,2024,2024-10-01,2024-10-01,,,methodologies/scope-3-cat6-business-travel,2026-04-24
scope3-transport-delivery-vehicles-vans-class-ii-1-305-to-1-74-tonnes-battery-electric-vehicle-defra,Delivery vehicles — Vans — Class II (1.305 to 1.74 tonnes) — Battery Electric Vehicle (DEFRA 2024),scope3-distance,3,4,Vans — Class II (1.305 to 1.74 tonnes) — Battery Electric Vehicle,0.0,kg CO2e / km,,,,Global,Global,"{GHG-Protocol,SB-253}",AR5,2,,DEFRA UK GHG Conversion Factors 2024 v1.1,https://www.gov.uk/government/collections/government-conversion-factors-for-company-reporting,2024,2024-10-01,2024-10-01,,,methodologies/scope-3-cat6-business-travel,2026-04-24
scope3-transport-delivery-vehicles-vans-class-ii-1-305-to-1-74-tonnes-diesel-defra-2024-165,Delivery vehicles — Vans — Class II (1.305 to 1.74 tonnes) — Diesel (DEFRA 2024),scope3-distance,3,4,Vans — Class II (1.305 to 1.74 tonnes) — Diesel,0.30309,kg CO2e / miles,,,,Global,Global,"{GHG-Protocol,SB-253}",AR5,2,,DEFRA UK GHG Conversion Factors 2024 v1.1,https://www.gov.uk/government/collections/government-conversion-factors-for-company-reporting,2024,2024-10-01,2024-10-01,,,methodologies/scope-3-cat6-business-travel,2026-04-24
scope3-transport-delivery-vehicles-vans-class-ii-1-305-to-1-74-tonnes-petrol-defra-2024-166,Delivery vehicles — Vans — Class II (1.305 to 1.74 tonnes) — Petrol (DEFRA 2024),scope3-distance,3,4,Vans — Class II (1.305 to 1.74 tonnes) — Petrol,0.34936,kg CO2e / miles,,,,Global,Global,"{GHG-Protocol,SB-253}",AR5,2,,DEFRA UK GHG Conversion Factors 2024 v1.1,https://www.gov.uk/government/collections/government-conversion-factors-for-company-reporting,2024,2024-10-01,2024-10-01,,,methodologies/scope-3-cat6-business-travel,2026-04-24
scope3-transport-delivery-vehicles-vans-class-ii-1-305-to-1-74-tonnes-battery-electric-vehicle--167,Delivery vehicles — Vans — Class II (1.305 to 1.74 tonnes) — Battery Electric Vehicle (DEFRA 2024),scope3-distance,3,4,Vans — Class II (1.305 to 1.74 tonnes) — Battery Electric Vehicle,0.0,kg CO2e / miles,,,,Global,Global,"{GHG-Protocol,SB-253}",AR5,2,,DEFRA UK GHG Conversion Factors 2024 v1.1,https://www.gov.uk/government/collections/government-conversion-factors-for-company-reporting,2024,2024-10-01,2024-10-01,,,methodologies/scope-3-cat6-business-travel,2026-04-24
scope3-transport-delivery-vehicles-vans-class-iii-1-74-to-3-5-tonnes-diesel-defra-2024,Delivery vehicles — Vans — Class III (1.74 to 3.5 tonnes) — Diesel (DEFRA 2024),scope3-distance,3,4,Vans — Class III (1.74 to 3.5 tonnes) — Diesel,0.27365,kg CO2e / km,,,,Global,Global,"{GHG-Protocol,SB-253}",AR5,2,,DEFRA UK GHG Conversion Factors 2024 v1.1,https://www.gov.uk/government/collections/government-conversion-factors-for-company-reporting,2024,2024-10-01,2024-10-01,,,methodologies/scope-3-cat6-business-travel,2026-04-24
scope3-transport-delivery-vehicles-vans-class-iii-1-74-to-3-5-tonnes-petrol-defra-2024,Delivery vehicles — Vans — Class III (1.74 to 3.5 tonnes) — Petrol (DEFRA 2024),scope3-distance,3,4,Vans — Class III (1.74 to 3.5 tonnes) — Petrol,0.34923,kg CO2e / km,,,,Global,Global,"{GHG-Protocol,SB-253}",AR5,2,,DEFRA UK GHG Conversion Factors 2024 v1.1,https://www.gov.uk/government/collections/government-conversion-factors-for-company-reporting,2024,2024-10-01,2024-10-01,,,methodologies/scope-3-cat6-business-travel,2026-04-24
scope3-transport-delivery-vehicles-vans-class-iii-1-74-to-3-5-tonnes-plug-in-hybrid-electric-ve-defr,Delivery vehicles — Vans — Class III (1.74 to 3.5 tonnes) — Plug-in Hybrid Electric Vehicle (DEFRA 2024),scope3-distance,3,4,Vans — Class III (1.74 to 3.5 tonnes) — Plug-in Hybrid Electric Vehicle,0.13292,kg CO2e / km,,,,Global,Global,"{GHG-Protocol,SB-253}",AR5,2,,DEFRA UK GHG Conversion Factors 2024 v1.1,https://www.gov.uk/government/collections/government-conversion-factors-for-company-reporting,2024,2024-10-01,2024-10-01,,,methodologies/scope-3-cat6-business-travel,2026-04-24
scope3-transport-delivery-vehicles-vans-class-iii-1-74-to-3-5-tonnes-battery-electric-vehicle-defra-,Delivery vehicles — Vans — Class III (1.74 to 3.5 tonnes) — Battery Electric Vehicle (DEFRA 2024),scope3-distance,3,4,Vans — Class III (1.74 to 3.5 tonnes) — Battery Electric Vehicle,0.0,kg CO2e / km,,,,Global,Global,"{GHG-Protocol,SB-253}",AR5,2,,DEFRA UK GHG Conversion Factors 2024 v1.1,https://www.gov.uk/government/collections/government-conversion-factors-for-company-reporting,2024,2024-10-01,2024-10-01,,,methodologies/scope-3-cat6-business-travel,2026-04-24
scope3-transport-delivery-vehicles-vans-class-iii-1-74-to-3-5-tonnes-diesel-defra-2024-172,Delivery vehicles — Vans — Class III (1.74 to 3.5 tonnes) — Diesel (DEFRA 2024),scope3-distance,3,4,Vans — Class III (1.74 to 3.5 tonnes) — Diesel,0.44042,kg CO2e / miles,,,,Global,Global,"{GHG-Protocol,SB-253}",AR5,2,,DEFRA UK GHG Conversion Factors 2024 v1.1,https://www.gov.uk/government/collections/government-conversion-factors-for-company-reporting,2024,2024-10-01,2024-10-01,,,methodologies/scope-3-cat6-business-travel,2026-04-24
scope3-transport-delivery-vehicles-vans-class-iii-1-74-to-3-5-tonnes-petrol-defra-2024-173,Delivery vehicles — Vans — Class III (1.74 to 3.5 tonnes) — Petrol (DEFRA 2024),scope3-distance,3,4,Vans — Class III (1.74 to 3.5 tonnes) — Petrol,0.56201,kg CO2e / miles,,,,Global,Global,"{GHG-Protocol,SB-253}",AR5,2,,DEFRA UK GHG Conversion Factors 2024 v1.1,https://www.gov.uk/government/collections/government-conversion-factors-for-company-reporting,2024,2024-10-01,2024-10-01,,,methodologies/scope-3-cat6-business-travel,2026-04-24
scope3-transport-delivery-vehicles-vans-class-iii-1-74-to-3-5-tonnes-plug-in-hybrid-electric-ve-174,Delivery vehicles — Vans — Class III (1.74 to 3.5 tonnes) — Plug-in Hybrid Electric Vehicle (DEFRA 2024),scope3-distance,3,4,Vans — Class III (1.74 to 3.5 tonnes) — Plug-in Hybrid Electric Vehicle,0.21391,kg CO2e / miles,,,,Global,Global,"{GHG-Protocol,SB-253}",AR5,2,,DEFRA UK GHG Conversion Factors 2024 v1.1,https://www.gov.uk/government/collections/government-conversion-factors-for-company-reporting,2024,2024-10-01,2024-10-01,,,methodologies/scope-3-cat6-business-travel,2026-04-24
scope3-transport-delivery-vehicles-vans-class-iii-1-74-to-3-5-tonnes-battery-electric-vehicle-d-175,Delivery vehicles — Vans — Class III (1.74 to 3.5 tonnes) — Battery Electric Vehicle (DEFRA 2024),scope3-distance,3,4,Vans — Class III (1.74 to 3.5 tonnes) — Battery Electric Vehicle,0.0,kg CO2e / miles,,,,Global,Global,"{GHG-Protocol,SB-253}",AR5,2,,DEFRA UK GHG Conversion Factors 2024 v1.1,https://www.gov.uk/government/collections/government-conversion-factors-for-company-reporting,2024,2024-10-01,2024-10-01,,,methodologies/scope-3-cat6-business-travel,2026-04-24
scope3-transport-delivery-vehicles-vans-average-up-to-3-5-tonnes-diesel-defra-2024,Delivery vehicles — Vans — Average (up to 3.5 tonnes) — Diesel (DEFRA 2024),scope3-distance,3,4,Vans — Average (up to 3.5 tonnes) — Diesel,0.25023,kg CO2e / km,,,,Global,Global,"{GHG-Protocol,SB-253}",AR5,2,,DEFRA UK GHG Conversion Factors 2024 v1.1,https://www.gov.uk/government/collections/government-conversion-factors-for-company-reporting,2024,2024-10-01,2024-10-01,,,methodologies/scope-3-cat6-business-travel,2026-04-24
scope3-transport-delivery-vehicles-vans-average-up-to-3-5-tonnes-petrol-defra-2024,Delivery vehicles — Vans — Average (up to 3.5 tonnes) — Petrol (DEFRA 2024),scope3-distance,3,4,Vans — Average (up to 3.5 tonnes) — Petrol,0.22095,kg CO2e / km,,,,Global,Global,"{GHG-Protocol,SB-253}",AR5,2,,DEFRA UK GHG Conversion Factors 2024 v1.1,https://www.gov.uk/government/collections/government-conversion-factors-for-company-reporting,2024,2024-10-01,2024-10-01,,,methodologies/scope-3-cat6-business-travel,2026-04-24
scope3-transport-delivery-vehicles-vans-average-up-to-3-5-tonnes-cng-defra-2024,Delivery vehicles — Vans — Average (up to 3.5 tonnes) — CNG (DEFRA 2024),scope3-distance,3,4,Vans — Average (up to 3.5 tonnes) — CNG,0.2512,kg CO2e / km,,,,Global,Global,"{GHG-Protocol,SB-253}",AR5,2,,DEFRA UK GHG Conversion Factors 2024 v1.1,https://www.gov.uk/government/collections/government-conversion-factors-for-company-reporting,2024,2024-10-01,2024-10-01,,,methodologies/scope-3-cat6-business-travel,2026-04-24
scope3-transport-delivery-vehicles-vans-average-up-to-3-5-tonnes-lpg-defra-2024,Delivery vehicles — Vans — Average (up to 3.5 tonnes) — LPG (DEFRA 2024),scope3-distance,3,4,Vans — Average (up to 3.5 tonnes) — LPG,0.27617,kg CO2e / km,,,,Global,Global,"{GHG-Protocol,SB-253}",AR5,2,,DEFRA UK GHG Conversion Factors 2024 v1.1,https://www.gov.uk/government/collections/government-conversion-factors-for-company-reporting,2024,2024-10-01,2024-10-01,,,methodologies/scope-3-cat6-business-travel,2026-04-24
scope3-transport-delivery-vehicles-vans-average-up-to-3-5-tonnes-unknown-defra-2024,Delivery vehicles — Vans — Average (up to 3.5 tonnes) — Unknown (DEFRA 2024),scope3-distance,3,4,Vans — Average (up to 3.5 tonnes) — Unknown,0.24934,kg CO2e / km,,,,Global,Global,"{GHG-Protocol,SB-253}",AR5,2,,DEFRA UK GHG Conversion Factors 2024 v1.1,https://www.gov.uk/government/collections/government-conversion-factors-for-company-reporting,2024,2024-10-01,2024-10-01,,,methodologies/scope-3-cat6-business-travel,2026-04-24
scope3-transport-delivery-vehicles-vans-average-up-to-3-5-tonnes-plug-in-hybrid-electric-vehicl-defr,Delivery vehicles — Vans — Average (up to 3.5 tonnes) — Plug-in Hybrid Electric Vehicle (DEFRA 2024),scope3-distance,3,4,Vans — Average (up to 3.5 tonnes) — Plug-in Hybrid Electric Vehicle,0.13292,kg CO2e / km,,,,Global,Global,"{GHG-Protocol,SB-253}",AR5,2,,DEFRA UK GHG Conversion Factors 2024 v1.1,https://www.gov.uk/government/collections/government-conversion-factors-for-company-reporting,2024,2024-10-01,2024-10-01,,,methodologies/scope-3-cat6-business-travel,2026-04-24
scope3-transport-delivery-vehicles-vans-average-up-to-3-5-tonnes-battery-electric-vehicle-defra-2024,Delivery vehicles — Vans — Average (up to 3.5 tonnes) — Battery Electric Vehicle (DEFRA 2024),scope3-distance,3,4,Vans — Average (up to 3.5 tonnes) — Battery Electric Vehicle,0.0,kg CO2e / km,,,,Global,Global,"{GHG-Protocol,SB-253}",AR5,2,,DEFRA UK GHG Conversion Factors 2024 v1.1,https://www.gov.uk/government/collections/government-conversion-factors-for-company-reporting,2024,2024-10-01,2024-10-01,,,methodologies/scope-3-cat6-business-travel,2026-04-24
scope3-transport-delivery-vehicles-vans-average-up-to-3-5-tonnes-diesel-defra-2024-183,Delivery vehicles — Vans — Average (up to 3.5 tonnes) — Diesel (DEFRA 2024),scope3-distance,3,4,Vans — Average (up to 3.5 tonnes) — Diesel,0.40273,kg CO2e / miles,,,,Global,Global,"{GHG-Protocol,SB-253}",AR5,2,,DEFRA UK GHG Conversion Factors 2024 v1.1,https://www.gov.uk/government/collections/government-conversion-factors-for-company-reporting,2024,2024-10-01,2024-10-01,,,methodologies/scope-3-cat6-business-travel,2026-04-24
scope3-transport-delivery-vehicles-vans-average-up-to-3-5-tonnes-petrol-defra-2024-184,Delivery vehicles — Vans — Average (up to 3.5 tonnes) — Petrol (DEFRA 2024),scope3-distance,3,4,Vans — Average (up to 3.5 tonnes) — Petrol,0.35558,kg CO2e / miles,,,,Global,Global,"{GHG-Protocol,SB-253}",AR5,2,,DEFRA UK GHG Conversion Factors 2024 v1.1,https://www.gov.uk/government/collections/government-conversion-factors-for-company-reporting,2024,2024-10-01,2024-10-01,,,methodologies/scope-3-cat6-business-travel,2026-04-24
scope3-transport-delivery-vehicles-vans-average-up-to-3-5-tonnes-cng-defra-2024-185,Delivery vehicles — Vans — Average (up to 3.5 tonnes) — CNG (DEFRA 2024),scope3-distance,3,4,Vans — Average (up to 3.5 tonnes) — CNG,0.40426,kg CO2e / miles,,,,Global,Global,"{GHG-Protocol,SB-253}",AR5,2,,DEFRA UK GHG Conversion Factors 2024 v1.1,https://www.gov.uk/government/collections/government-conversion-factors-for-company-reporting,2024,2024-10-01,2024-10-01,,,methodologies/scope-3-cat6-business-travel,2026-04-24
scope3-transport-delivery-vehicles-vans-average-up-to-3-5-tonnes-lpg-defra-2024-186,Delivery vehicles — Vans — Average (up to 3.5 tonnes) — LPG (DEFRA 2024),scope3-distance,3,4,Vans — Average (up to 3.5 tonnes) — LPG,0.44446,kg CO2e / miles,,,,Global,Global,"{GHG-Protocol,SB-253}",AR5,2,,DEFRA UK GHG Conversion Factors 2024 v1.1,https://www.gov.uk/government/collections/government-conversion-factors-for-company-reporting,2024,2024-10-01,2024-10-01,,,methodologies/scope-3-cat6-business-travel,2026-04-24
scope3-transport-delivery-vehicles-vans-average-up-to-3-5-tonnes-unknown-defra-2024-187,Delivery vehicles — Vans — Average (up to 3.5 tonnes) — Unknown (DEFRA 2024),scope3-distance,3,4,Vans — Average (up to 3.5 tonnes) — Unknown,0.40127,kg CO2e / miles,,,,Global,Global,"{GHG-Protocol,SB-253}",AR5,2,,DEFRA UK GHG Conversion Factors 2024 v1.1,https://www.gov.uk/government/collections/government-conversion-factors-for-company-reporting,2024,2024-10-01,2024-10-01,,,methodologies/scope-3-cat6-business-travel,2026-04-24
scope3-transport-delivery-vehicles-vans-average-up-to-3-5-tonnes-plug-in-hybrid-electric-vehicl-188,Delivery vehicles — Vans — Average (up to 3.5 tonnes) — Plug-in Hybrid Electric Vehicle (DEFRA 2024),scope3-distance,3,4,Vans — Average (up to 3.5 tonnes) — Plug-in Hybrid Electric Vehicle,0.21391,kg CO2e / miles,,,,Global,Global,"{GHG-Protocol,SB-253}",AR5,2,,DEFRA UK GHG Conversion Factors 2024 v1.1,https://www.gov.uk/government/collections/government-conversion-factors-for-company-reporting,2024,2024-10-01,2024-10-01,,,methodologies/scope-3-cat6-business-travel,2026-04-24
scope3-transport-delivery-vehicles-vans-average-up-to-3-5-tonnes-battery-electric-vehicle-defra-189,Delivery vehicles — Vans — Average (up to 3.5 tonnes) — Battery Electric Vehicle (DEFRA 2024),scope3-distance,3,4,Vans — Average (up to 3.5 tonnes) — Battery Electric Vehicle,0.0,kg CO2e / miles,,,,Global,Global,"{GHG-Protocol,SB-253}",AR5,2,,DEFRA UK GHG Conversion Factors 2024 v1.1,https://www.gov.uk/government/collections/government-conversion-factors-for-company-reporting,2024,2024-10-01,2024-10-01,,,methodologies/scope-3-cat6-business-travel,2026-04-24
scope3-transport-delivery-vehicles-hgv-all-diesel-rigid-3-5-7-5-tonnes-0-laden-defra-2024,Delivery vehicles — HGV (all diesel) — Rigid (>3.5 - 7.5 tonnes) — 0% Laden (DEFRA 2024),scope3-distance,3,4,HGV (all diesel) — Rigid (>3.5 - 7.5 tonnes) — 0% Laden,0.4538,kg CO2e / km,,,,Global,Global,"{GHG-Protocol,SB-253}",AR5,2,,DEFRA UK GHG Conversion Factors 2024 v1.1,https://www.gov.uk/government/collections/government-conversion-factors-for-company-reporting,2024,2024-10-01,2024-10-01,,,methodologies/scope-3-cat6-business-travel,2026-04-24
scope3-transport-delivery-vehicles-hgv-all-diesel-rigid-3-5-7-5-tonnes-50-laden-defra-2024,Delivery vehicles — HGV (all diesel) — Rigid (>3.5 - 7.5 tonnes) — 50% Laden (DEFRA 2024),scope3-distance,3,4,HGV (all diesel) — Rigid (>3.5 - 7.5 tonnes) — 50% Laden,0.49279,kg CO2e / km,,,,Global,Global,"{GHG-Protocol,SB-253}",AR5,2,,DEFRA UK GHG Conversion Factors 2024 v1.1,https://www.gov.uk/government/collections/government-conversion-factors-for-company-reporting,2024,2024-10-01,2024-10-01,,,methodologies/scope-3-cat6-business-travel,2026-04-24
scope3-transport-delivery-vehicles-hgv-all-diesel-rigid-3-5-7-5-tonnes-100-laden-defra-2024,Delivery vehicles — HGV (all diesel) — Rigid (>3.5 - 7.5 tonnes) — 100% Laden (DEFRA 2024),scope3-distance,3,4,HGV (all diesel) — Rigid (>3.5 - 7.5 tonnes) — 100% Laden,0.53178,kg CO2e / km,,,,Global,Global,"{GHG-Protocol,SB-253}",AR5,2,,DEFRA UK GHG Conversion Factors 2024 v1.1,https://www.gov.uk/government/collections/government-conversion-factors-for-company-reporting,2024,2024-10-01,2024-10-01,,,methodologies/scope-3-cat6-business-travel,2026-04-24
scope3-transport-delivery-vehicles-hgv-all-diesel-rigid-3-5-7-5-tonnes-average-laden-defra-2024,Delivery vehicles — HGV (all diesel) — Rigid (>3.5 - 7.5 tonnes) — Average laden (DEFRA 2024),scope3-distance,3,4,HGV (all diesel) — Rigid (>3.5 - 7.5 tonnes) — Average laden,0.48733,kg CO2e / km,,,,Global,Global,"{GHG-Protocol,SB-253}",AR5,2,,DEFRA UK GHG Conversion Factors 2024 v1.1,https://www.gov.uk/government/collections/government-conversion-factors-for-company-reporting,2024,2024-10-01,2024-10-01,,,methodologies/scope-3-cat6-business-travel,2026-04-24
scope3-transport-delivery-vehicles-hgv-all-diesel-rigid-3-5-7-5-tonnes-0-laden-defra-2024-194,Delivery vehicles — HGV (all diesel) — Rigid (>3.5 - 7.5 tonnes) — 0% Laden (DEFRA 2024),scope3-distance,3,4,HGV (all diesel) — Rigid (>3.5 - 7.5 tonnes) — 0% Laden,0.73031,kg CO2e / miles,,,,Global,Global,"{GHG-Protocol,SB-253}",AR5,2,,DEFRA UK GHG Conversion Factors 2024 v1.1,https://www.gov.uk/government/collections/government-conversion-factors-for-company-reporting,2024,2024-10-01,2024-10-01,,,methodologies/scope-3-cat6-business-travel,2026-04-24
scope3-transport-delivery-vehicles-hgv-all-diesel-rigid-3-5-7-5-tonnes-50-laden-defra-2024-195,Delivery vehicles — HGV (all diesel) — Rigid (>3.5 - 7.5 tonnes) — 50% Laden (DEFRA 2024),scope3-distance,3,4,HGV (all diesel) — Rigid (>3.5 - 7.5 tonnes) — 50% Laden,0.79306,kg CO2e / miles,,,,Global,Global,"{GHG-Protocol,SB-253}",AR5,2,,DEFRA UK GHG Conversion Factors 2024 v1.1,https://www.gov.uk/government/collections/government-conversion-factors-for-company-reporting,2024,2024-10-01,2024-10-01,,,methodologies/scope-3-cat6-business-travel,2026-04-24
scope3-transport-delivery-vehicles-hgv-all-diesel-rigid-3-5-7-5-tonnes-100-laden-defra-2024-196,Delivery vehicles — HGV (all diesel) — Rigid (>3.5 - 7.5 tonnes) — 100% Laden (DEFRA 2024),scope3-distance,3,4,HGV (all diesel) — Rigid (>3.5 - 7.5 tonnes) — 100% Laden,0.8558,kg CO2e / miles,,,,Global,Global,"{GHG-Protocol,SB-253}",AR5,2,,DEFRA UK GHG Conversion Factors 2024 v1.1,https://www.gov.uk/government/collections/government-conversion-factors-for-company-reporting,2024,2024-10-01,2024-10-01,,,methodologies/scope-3-cat6-business-travel,2026-04-24
scope3-transport-delivery-vehicles-hgv-all-diesel-rigid-3-5-7-5-tonnes-average-laden-defra-2024-197,Delivery vehicles — HGV (all diesel) — Rigid (>3.5 - 7.5 tonnes) — Average laden (DEFRA 2024),scope3-distance,3,4,HGV (all diesel) — Rigid (>3.5 - 7.5 tonnes) — Average laden,0.78427,kg CO2e / miles,,,,Global,Global,"{GHG-Protocol,SB-253}",AR5,2,,DEFRA UK GHG Conversion Factors 2024 v1.1,https://www.gov.uk/government/collections/government-conversion-factors-for-company-reporting,2024,2024-10-01,2024-10-01,,,methodologies/scope-3-cat6-business-travel,2026-04-24
scope3-transport-delivery-vehicles-hgv-all-diesel-rigid-7-5-tonnes-17-tonnes-0-laden-defra-2024,Delivery vehicles — HGV (all diesel) — Rigid (>7.5 tonnes-17 tonnes) — 0% Laden (DEFRA 2024),scope3-distance,3,4,HGV (all diesel) — Rigid (>7.5 tonnes-17 tonnes) — 0% Laden,0.54426,kg CO2e / km,,,,Global,Global,"{GHG-Protocol,SB-253}",AR5,2,,DEFRA UK GHG Conversion Factors 2024 v1.1,https://www.gov.uk/government/collections/government-conversion-factors-for-company-reporting,2024,2024-10-01,2024-10-01,,,methodologies/scope-3-cat6-business-travel,2026-04-24
scope3-transport-delivery-vehicles-hgv-all-diesel-rigid-7-5-tonnes-17-tonnes-50-laden-defra-2024,Delivery vehicles — HGV (all diesel) — Rigid (>7.5 tonnes-17 tonnes) — 50% Laden (DEFRA 2024),scope3-distance,3,4,HGV (all diesel) — Rigid (>7.5 tonnes-17 tonnes) — 50% Laden,0.62106,kg CO2e / km,,,,Global,Global,"{GHG-Protocol,SB-253}",AR5,2,,DEFRA UK GHG Conversion Factors 2024 v1.1,https://www.gov.uk/government/collections/government-conversion-factors-for-company-reporting,2024,2024-10-01,2024-10-01,,,methodologies/scope-3-cat6-business-travel,2026-04-24
scope3-transport-delivery-vehicles-hgv-all-diesel-rigid-7-5-tonnes-17-tonnes-100-laden-defra-2024,Delivery vehicles — HGV (all diesel) — Rigid (>7.5 tonnes-17 tonnes) — 100% Laden (DEFRA 2024),scope3-distance,3,4,HGV (all diesel) — Rigid (>7.5 tonnes-17 tonnes) — 100% Laden,0.69787,kg CO2e / km,,,,Global,Global,"{GHG-Protocol,SB-253}",AR5,2,,DEFRA UK GHG Conversion Factors 2024 v1.1,https://www.gov.uk/government/collections/government-conversion-factors-for-company-reporting,2024,2024-10-01,2024-10-01,,,methodologies/scope-3-cat6-business-travel,2026-04-24
scope3-transport-delivery-vehicles-hgv-all-diesel-rigid-7-5-tonnes-17-tonnes-average-laden-defra-202,Delivery vehicles — HGV (all diesel) — Rigid (>7.5 tonnes-17 tonnes) — Average laden (DEFRA 2024),scope3-distance,3,4,HGV (all diesel) — Rigid (>7.5 tonnes-17 tonnes) — Average laden,0.59495,kg CO2e / km,,,,Global,Global,"{GHG-Protocol,SB-253}",AR5,2,,DEFRA UK GHG Conversion Factors 2024 v1.1,https://www.gov.uk/government/collections/government-conversion-factors-for-company-reporting,2024,2024-10-01,2024-10-01,,,methodologies/scope-3-cat6-business-travel,2026-04-24
scope3-transport-delivery-vehicles-hgv-all-diesel-rigid-7-5-tonnes-17-tonnes-0-laden-defra-2024-202,Delivery vehicles — HGV (all diesel) — Rigid (>7.5 tonnes-17 tonnes) — 0% Laden (DEFRA 2024),scope3-distance,3,4,HGV (all diesel) — Rigid (>7.5 tonnes-17 tonnes) — 0% Laden,0.87591,kg CO2e / miles,,,,Global,Global,"{GHG-Protocol,SB-253}",AR5,2,,DEFRA UK GHG Conversion Factors 2024 v1.1,https://www.gov.uk/government/collections/government-conversion-factors-for-company-reporting,2024,2024-10-01,2024-10-01,,,methodologies/scope-3-cat6-business-travel,2026-04-24
scope3-transport-delivery-vehicles-hgv-all-diesel-rigid-7-5-tonnes-17-tonnes-50-laden-defra-202-203,Delivery vehicles — HGV (all diesel) — Rigid (>7.5 tonnes-17 tonnes) — 50% Laden (DEFRA 2024),scope3-distance,3,4,HGV (all diesel) — Rigid (>7.5 tonnes-17 tonnes) — 50% Laden,0.99952,kg CO2e / miles,,,,Global,Global,"{GHG-Protocol,SB-253}",AR5,2,,DEFRA UK GHG Conversion Factors 2024 v1.1,https://www.gov.uk/government/collections/government-conversion-factors-for-company-reporting,2024,2024-10-01,2024-10-01,,,methodologies/scope-3-cat6-business-travel,2026-04-24
scope3-transport-delivery-vehicles-hgv-all-diesel-rigid-7-5-tonnes-17-tonnes-100-laden-defra-20-204,Delivery vehicles — HGV (all diesel) — Rigid (>7.5 tonnes-17 tonnes) — 100% Laden (DEFRA 2024),scope3-distance,3,4,HGV (all diesel) — Rigid (>7.5 tonnes-17 tonnes) — 100% Laden,1.12313,kg CO2e / miles,,,,Global,Global,"{GHG-Protocol,SB-253}",AR5,2,,DEFRA UK GHG Conversion Factors 2024 v1.1,https://www.gov.uk/government/collections/government-conversion-factors-for-company-reporting,2024,2024-10-01,2024-10-01,,,methodologies/scope-3-cat6-business-travel,2026-04-24
scope3-transport-delivery-vehicles-hgv-all-diesel-rigid-7-5-tonnes-17-tonnes-average-laden-defr-205,Delivery vehicles — HGV (all diesel) — Rigid (>7.5 tonnes-17 tonnes) — Average laden (DEFRA 2024),scope3-distance,3,4,HGV (all diesel) — Rigid (>7.5 tonnes-17 tonnes) — Average laden,0.95749,kg CO2e / miles,,,,Global,Global,"{GHG-Protocol,SB-253}",AR5,2,,DEFRA UK GHG Conversion Factors 2024 v1.1,https://www.gov.uk/government/collections/government-conversion-factors-for-company-reporting,2024,2024-10-01,2024-10-01,,,methodologies/scope-3-cat6-business-travel,2026-04-24
scope3-transport-delivery-vehicles-hgv-all-diesel-rigid-17-tonnes-0-laden-defra-2024,Delivery vehicles — HGV (all diesel) — Rigid (>17 tonnes) — 0% Laden (DEFRA 2024),scope3-distance,3,4,HGV (all diesel) — Rigid (>17 tonnes) — 0% Laden,0.74987,kg CO2e / km,,,,Global,Global,"{GHG-Protocol,SB-253}",AR5,2,,DEFRA UK GHG Conversion Factors 2024 v1.1,https://www.gov.uk/government/collections/government-conversion-factors-for-company-reporting,2024,2024-10-01,2024-10-01,,,methodologies/scope-3-cat6-business-travel,2026-04-24
scope3-transport-delivery-vehicles-hgv-all-diesel-rigid-17-tonnes-50-laden-defra-2024,Delivery vehicles — HGV (all diesel) — Rigid (>17 tonnes) — 50% Laden (DEFRA 2024),scope3-distance,3,4,HGV (all diesel) — Rigid (>17 tonnes) — 50% Laden,0.9121,kg CO2e / km,,,,Global,Global,"{GHG-Protocol,SB-253}",AR5,2,,DEFRA UK GHG Conversion Factors 2024 v1.1,https://www.gov.uk/government/collections/government-conversion-factors-for-company-reporting,2024,2024-10-01,2024-10-01,,,methodologies/scope-3-cat6-business-travel,2026-04-24
scope3-transport-delivery-vehicles-hgv-all-diesel-rigid-17-tonnes-100-laden-defra-2024,Delivery vehicles — HGV (all diesel) — Rigid (>17 tonnes) — 100% Laden (DEFRA 2024),scope3-distance,3,4,HGV (all diesel) — Rigid (>17 tonnes) — 100% Laden,1.07433,kg CO2e / km,,,,Global,Global,"{GHG-Protocol,SB-253}",AR5,2,,DEFRA UK GHG Conversion Factors 2024 v1.1,https://www.gov.uk/government/collections/government-conversion-factors-for-company-reporting,2024,2024-10-01,2024-10-01,,,methodologies/scope-3-cat6-business-travel,2026-04-24
scope3-transport-delivery-vehicles-hgv-all-diesel-rigid-17-tonnes-average-laden-defra-2024,Delivery vehicles — HGV (all diesel) — Rigid (>17 tonnes) — Average laden (DEFRA 2024),scope3-distance,3,4,HGV (all diesel) — Rigid (>17 tonnes) — Average laden,0.97698,kg CO2e / km,,,,Global,Global,"{GHG-Protocol,SB-253}",AR5,2,,DEFRA UK GHG Conversion Factors 2024 v1.1,https://www.gov.uk/government/collections/government-conversion-factors-for-company-reporting,2024,2024-10-01,2024-10-01,,,methodologies/scope-3-cat6-business-travel,2026-04-24
scope3-transport-delivery-vehicles-hgv-all-diesel-rigid-17-tonnes-0-laden-defra-2024-210,Delivery vehicles — HGV (all diesel) — Rigid (>17 tonnes) — 0% Laden (DEFRA 2024),scope3-distance,3,4,HGV (all diesel) — Rigid (>17 tonnes) — 0% Laden,1.20681,kg CO2e / miles,,,,Global,Global,"{GHG-Protocol,SB-253}",AR5,2,,DEFRA UK GHG Conversion Factors 2024 v1.1,https://www.gov.uk/government/collections/government-conversion-factors-for-company-reporting,2024,2024-10-01,2024-10-01,,,methodologies/scope-3-cat6-business-travel,2026-04-24
scope3-transport-delivery-vehicles-hgv-all-diesel-rigid-17-tonnes-50-laden-defra-2024-211,Delivery vehicles — HGV (all diesel) — Rigid (>17 tonnes) — 50% Laden (DEFRA 2024),scope3-distance,3,4,HGV (all diesel) — Rigid (>17 tonnes) — 50% Laden,1.4679,kg CO2e / miles,,,,Global,Global,"{GHG-Protocol,SB-253}",AR5,2,,DEFRA UK GHG Conversion Factors 2024 v1.1,https://www.gov.uk/government/collections/government-conversion-factors-for-company-reporting,2024,2024-10-01,2024-10-01,,,methodologies/scope-3-cat6-business-travel,2026-04-24
scope3-transport-delivery-vehicles-hgv-all-diesel-rigid-17-tonnes-100-laden-defra-2024-212,Delivery vehicles — HGV (all diesel) — Rigid (>17 tonnes) — 100% Laden (DEFRA 2024),scope3-distance,3,4,HGV (all diesel) — Rigid (>17 tonnes) — 100% Laden,1.72898,kg CO2e / miles,,,,Global,Global,"{GHG-Protocol,SB-253}",AR5,2,,DEFRA UK GHG Conversion Factors 2024 v1.1,https://www.gov.uk/government/collections/government-conversion-factors-for-company-reporting,2024,2024-10-01,2024-10-01,,,methodologies/scope-3-cat6-business-travel,2026-04-24
scope3-transport-delivery-vehicles-hgv-all-diesel-rigid-17-tonnes-average-laden-defra-2024-213,Delivery vehicles — HGV (all diesel) — Rigid (>17 tonnes) — Average laden (DEFRA 2024),scope3-distance,3,4,HGV (all diesel) — Rigid (>17 tonnes) — Average laden,1.57231,kg CO2e / miles,,,,Global,Global,"{GHG-Protocol,SB-253}",AR5,2,,DEFRA UK GHG Conversion Factors 2024 v1.1,https://www.gov.uk/government/collections/government-conversion-factors-for-company-reporting,2024,2024-10-01,2024-10-01,,,methodologies/scope-3-cat6-business-travel,2026-04-24
scope3-transport-delivery-vehicles-hgv-all-diesel-all-rigids-0-laden-defra-2024,Delivery vehicles — HGV (all diesel) — All rigids — 0% Laden (DEFRA 2024),scope3-distance,3,4,HGV (all diesel) — All rigids — 0% Laden,0.66163,kg CO2e / km,,,,Global,Global,"{GHG-Protocol,SB-253}",AR5,2,,DEFRA UK GHG Conversion Factors 2024 v1.1,https://www.gov.uk/government/collections/government-conversion-factors-for-company-reporting,2024,2024-10-01,2024-10-01,,,methodologies/scope-3-cat6-business-travel,2026-04-24
scope3-transport-delivery-vehicles-hgv-all-diesel-all-rigids-50-laden-defra-2024,Delivery vehicles — HGV (all diesel) — All rigids — 50% Laden (DEFRA 2024),scope3-distance,3,4,HGV (all diesel) — All rigids — 50% Laden,0.78719,kg CO2e / km,,,,Global,Global,"{GHG-Protocol,SB-253}",AR5,2,,DEFRA UK GHG Conversion Factors 2024 v1.1,https://www.gov.uk/government/collections/government-conversion-factors-for-company-reporting,2024,2024-10-01,2024-10-01,,,methodologies/scope-3-cat6-business-travel,2026-04-24
scope3-transport-delivery-vehicles-hgv-all-diesel-all-rigids-100-laden-defra-2024,Delivery vehicles — HGV (all diesel) — All rigids — 100% Laden (DEFRA 2024),scope3-distance,3,4,HGV (all diesel) — All rigids — 100% Laden,0.91274,kg CO2e / km,,,,Global,Global,"{GHG-Protocol,SB-253}",AR5,2,,DEFRA UK GHG Conversion Factors 2024 v1.1,https://www.gov.uk/government/collections/government-conversion-factors-for-company-reporting,2024,2024-10-01,2024-10-01,,,methodologies/scope-3-cat6-business-travel,2026-04-24
scope3-transport-delivery-vehicles-hgv-all-diesel-all-rigids-average-laden-defra-2024,Delivery vehicles — HGV (all diesel) — All rigids — Average laden (DEFRA 2024),scope3-distance,3,4,HGV (all diesel) — All rigids — Average laden,0.82657,kg CO2e / km,,,,Global,Global,"{GHG-Protocol,SB-253}",AR5,2,,DEFRA UK GHG Conversion Factors 2024 v1.1,https://www.gov.uk/government/collections/government-conversion-factors-for-company-reporting,2024,2024-10-01,2024-10-01,,,methodologies/scope-3-cat6-business-travel,2026-04-24
scope3-transport-delivery-vehicles-hgv-all-diesel-all-rigids-0-laden-defra-2024-218,Delivery vehicles — HGV (all diesel) — All rigids — 0% Laden (DEFRA 2024),scope3-distance,3,4,HGV (all diesel) — All rigids — 0% Laden,1.06479,kg CO2e / miles,,,,Global,Global,"{GHG-Protocol,SB-253}",AR5,2,,DEFRA UK GHG Conversion Factors 2024 v1.1,https://www.gov.uk/government/collections/government-conversion-factors-for-company-reporting,2024,2024-10-01,2024-10-01,,,methodologies/scope-3-cat6-business-travel,2026-04-24
scope3-transport-delivery-vehicles-hgv-all-diesel-all-rigids-50-laden-defra-2024-219,Delivery vehicles — HGV (all diesel) — All rigids — 50% Laden (DEFRA 2024),scope3-distance,3,4,HGV (all diesel) — All rigids — 50% Laden,1.26685,kg CO2e / miles,,,,Global,Global,"{GHG-Protocol,SB-253}",AR5,2,,DEFRA UK GHG Conversion Factors 2024 v1.1,https://www.gov.uk/government/collections/government-conversion-factors-for-company-reporting,2024,2024-10-01,2024-10-01,,,methodologies/scope-3-cat6-business-travel,2026-04-24
scope3-transport-delivery-vehicles-hgv-all-diesel-all-rigids-100-laden-defra-2024-220,Delivery vehicles — HGV (all diesel) — All rigids — 100% Laden (DEFRA 2024),scope3-distance,3,4,HGV (all diesel) — All rigids — 100% Laden,1.46891,kg CO2e / miles,,,,Global,Global,"{GHG-Protocol,SB-253}",AR5,2,,DEFRA UK GHG Conversion Factors 2024 v1.1,https://www.gov.uk/government/collections/government-conversion-factors-for-company-reporting,2024,2024-10-01,2024-10-01,,,methodologies/scope-3-cat6-business-travel,2026-04-24
scope3-transport-delivery-vehicles-hgv-all-diesel-all-rigids-average-laden-defra-2024-221,Delivery vehicles — HGV (all diesel) — All rigids — Average laden (DEFRA 2024),scope3-distance,3,4,HGV (all diesel) — All rigids — Average laden,1.33023,kg CO2e / miles,,,,Global,Global,"{GHG-Protocol,SB-253}",AR5,2,,DEFRA UK GHG Conversion Factors 2024 v1.1,https://www.gov.uk/government/collections/government-conversion-factors-for-company-reporting,2024,2024-10-01,2024-10-01,,,methodologies/scope-3-cat6-business-travel,2026-04-24
scope3-transport-delivery-vehicles-hgv-all-diesel-articulated-3-5-33t-0-laden-defra-2024,Delivery vehicles — HGV (all diesel) — Articulated (>3.5 - 33t) — 0% Laden (DEFRA 2024),scope3-distance,3,4,HGV (all diesel) — Articulated (>3.5 - 33t) — 0% Laden,0.61558,kg CO2e / km,,,,Global,Global,"{GHG-Protocol,SB-253}",AR5,2,,DEFRA UK GHG Conversion Factors 2024 v1.1,https://www.gov.uk/government/collections/government-conversion-factors-for-company-reporting,2024,2024-10-01,2024-10-01,,,methodologies/scope-3-cat6-business-travel,2026-04-24
scope3-transport-delivery-vehicles-hgv-all-diesel-articulated-3-5-33t-50-laden-defra-2024,Delivery vehicles — HGV (all diesel) — Articulated (>3.5 - 33t) — 50% Laden (DEFRA 2024),scope3-distance,3,4,HGV (all diesel) — Articulated (>3.5 - 33t) — 50% Laden,0.76642,kg CO2e / km,,,,Global,Global,"{GHG-Protocol,SB-253}",AR5,2,,DEFRA UK GHG Conversion Factors 2024 v1.1,https://www.gov.uk/government/collections/government-conversion-factors-for-company-reporting,2024,2024-10-01,2024-10-01,,,methodologies/scope-3-cat6-business-travel,2026-04-24
scope3-transport-delivery-vehicles-hgv-all-diesel-articulated-3-5-33t-100-laden-defra-2024,Delivery vehicles — HGV (all diesel) — Articulated (>3.5 - 33t) — 100% Laden (DEFRA 2024),scope3-distance,3,4,HGV (all diesel) — Articulated (>3.5 - 33t) — 100% Laden,0.91726,kg CO2e / km,,,,Global,Global,"{GHG-Protocol,SB-253}",AR5,2,,DEFRA UK GHG Conversion Factors 2024 v1.1,https://www.gov.uk/government/collections/government-conversion-factors-for-company-reporting,2024,2024-10-01,2024-10-01,,,methodologies/scope-3-cat6-business-travel,2026-04-24
scope3-transport-delivery-vehicles-hgv-all-diesel-articulated-3-5-33t-average-laden-defra-2024,Delivery vehicles — HGV (all diesel) — Articulated (>3.5 - 33t) — Average laden (DEFRA 2024),scope3-distance,3,4,HGV (all diesel) — Articulated (>3.5 - 33t) — Average laden,0.76642,kg CO2e / km,,,,Global,Global,"{GHG-Protocol,SB-253}",AR5,2,,DEFRA UK GHG Conversion Factors 2024 v1.1,https://www.gov.uk/government/collections/government-conversion-factors-for-company-reporting,2024,2024-10-01,2024-10-01,,,methodologies/scope-3-cat6-business-travel,2026-04-24
scope3-transport-delivery-vehicles-hgv-all-diesel-articulated-3-5-33t-0-laden-defra-2024-226,Delivery vehicles — HGV (all diesel) — Articulated (>3.5 - 33t) — 0% Laden (DEFRA 2024),scope3-distance,3,4,HGV (all diesel) — Articulated (>3.5 - 33t) — 0% Laden,0.99065,kg CO2e / miles,,,,Global,Global,"{GHG-Protocol,SB-253}",AR5,2,,DEFRA UK GHG Conversion Factors 2024 v1.1,https://www.gov.uk/government/collections/government-conversion-factors-for-company-reporting,2024,2024-10-01,2024-10-01,,,methodologies/scope-3-cat6-business-travel,2026-04-24
scope3-transport-delivery-vehicles-hgv-all-diesel-articulated-3-5-33t-50-laden-defra-2024-227,Delivery vehicles — HGV (all diesel) — Articulated (>3.5 - 33t) — 50% Laden (DEFRA 2024),scope3-distance,3,4,HGV (all diesel) — Articulated (>3.5 - 33t) — 50% Laden,1.23341,kg CO2e / miles,,,,Global,Global,"{GHG-Protocol,SB-253}",AR5,2,,DEFRA UK GHG Conversion Factors 2024 v1.1,https://www.gov.uk/government/collections/government-conversion-factors-for-company-reporting,2024,2024-10-01,2024-10-01,,,methodologies/scope-3-cat6-business-travel,2026-04-24
scope3-transport-delivery-vehicles-hgv-all-diesel-articulated-3-5-33t-100-laden-defra-2024-228,Delivery vehicles — HGV (all diesel) — Articulated (>3.5 - 33t) — 100% Laden (DEFRA 2024),scope3-distance,3,4,HGV (all diesel) — Articulated (>3.5 - 33t) — 100% Laden,1.47616,kg CO2e / miles,,,,Global,Global,"{GHG-Protocol,SB-253}",AR5,2,,DEFRA UK GHG Conversion Factors 2024 v1.1,https://www.gov.uk/government/collections/government-conversion-factors-for-company-reporting,2024,2024-10-01,2024-10-01,,,methodologies/scope-3-cat6-business-travel,2026-04-24
scope3-transport-delivery-vehicles-hgv-all-diesel-articulated-3-5-33t-average-laden-defra-2024-229,Delivery vehicles — HGV (all diesel) — Articulated (>3.5 - 33t) — Average laden (DEFRA 2024),scope3-distance,3,4,HGV (all diesel) — Articulated (>3.5 - 33t) — Average laden,1.23341,kg CO2e / miles,,,,Global,Global,"{GHG-Protocol,SB-253}",AR5,2,,DEFRA UK GHG Conversion Factors 2024 v1.1,https://www.gov.uk/government/collections/government-conversion-factors-for-company-reporting,2024,2024-10-01,2024-10-01,,,methodologies/scope-3-cat6-business-travel,2026-04-24
scope3-transport-delivery-vehicles-hgv-all-diesel-articulated-33t-0-laden-defra-2024,Delivery vehicles — HGV (all diesel) — Articulated (>33t) — 0% Laden (DEFRA 2024),scope3-distance,3,4,HGV (all diesel) — Articulated (>33t) — 0% Laden,0.63238,kg CO2e / km,,,,Global,Global,"{GHG-Protocol,SB-253}",AR5,2,,DEFRA UK GHG Conversion Factors 2024 v1.1,https://www.gov.uk/government/collections/government-conversion-factors-for-company-reporting,2024,2024-10-01,2024-10-01,,,methodologies/scope-3-cat6-business-travel,2026-04-24
scope3-transport-delivery-vehicles-hgv-all-diesel-articulated-33t-50-laden-defra-2024,Delivery vehicles — HGV (all diesel) — Articulated (>33t) — 50% Laden (DEFRA 2024),scope3-distance,3,4,HGV (all diesel) — Articulated (>33t) — 50% Laden,0.83833,kg CO2e / km,,,,Global,Global,"{GHG-Protocol,SB-253}",AR5,2,,DEFRA UK GHG Conversion Factors 2024 v1.1,https://www.gov.uk/government/collections/government-conversion-factors-for-company-reporting,2024,2024-10-01,2024-10-01,,,methodologies/scope-3-cat6-business-travel,2026-04-24
scope3-transport-delivery-vehicles-hgv-all-diesel-articulated-33t-100-laden-defra-2024,Delivery vehicles — HGV (all diesel) — Articulated (>33t) — 100% Laden (DEFRA 2024),scope3-distance,3,4,HGV (all diesel) — Articulated (>33t) — 100% Laden,1.04428,kg CO2e / km,,,,Global,Global,"{GHG-Protocol,SB-253}",AR5,2,,DEFRA UK GHG Conversion Factors 2024 v1.1,https://www.gov.uk/government/collections/government-conversion-factors-for-company-reporting,2024,2024-10-01,2024-10-01,,,methodologies/scope-3-cat6-business-travel,2026-04-24
scope3-transport-delivery-vehicles-hgv-all-diesel-articulated-33t-average-laden-defra-2024,Delivery vehicles — HGV (all diesel) — Articulated (>33t) — Average laden (DEFRA 2024),scope3-distance,3,4,HGV (all diesel) — Articulated (>33t) — Average laden,0.91247,kg CO2e / km,,,,Global,Global,"{GHG-Protocol,SB-253}",AR5,2,,DEFRA UK GHG Conversion Factors 2024 v1.1,https://www.gov.uk/government/collections/government-conversion-factors-for-company-reporting,2024,2024-10-01,2024-10-01,,,methodologies/scope-3-cat6-business-travel,2026-04-24
scope3-transport-delivery-vehicles-hgv-all-diesel-articulated-33t-0-laden-defra-2024-234,Delivery vehicles — HGV (all diesel) — Articulated (>33t) — 0% Laden (DEFRA 2024),scope3-distance,3,4,HGV (all diesel) — Articulated (>33t) — 0% Laden,1.0177,kg CO2e / miles,,,,Global,Global,"{GHG-Protocol,SB-253}",AR5,2,,DEFRA UK GHG Conversion Factors 2024 v1.1,https://www.gov.uk/government/collections/government-conversion-factors-for-company-reporting,2024,2024-10-01,2024-10-01,,,methodologies/scope-3-cat6-business-travel,2026-04-24
scope3-transport-delivery-vehicles-hgv-all-diesel-articulated-33t-50-laden-defra-2024-235,Delivery vehicles — HGV (all diesel) — Articulated (>33t) — 50% Laden (DEFRA 2024),scope3-distance,3,4,HGV (all diesel) — Articulated (>33t) — 50% Laden,1.34914,kg CO2e / miles,,,,Global,Global,"{GHG-Protocol,SB-253}",AR5,2,,DEFRA UK GHG Conversion Factors 2024 v1.1,https://www.gov.uk/government/collections/government-conversion-factors-for-company-reporting,2024,2024-10-01,2024-10-01,,,methodologies/scope-3-cat6-business-travel,2026-04-24
scope3-transport-delivery-vehicles-hgv-all-diesel-articulated-33t-100-laden-defra-2024-236,Delivery vehicles — HGV (all diesel) — Articulated (>33t) — 100% Laden (DEFRA 2024),scope3-distance,3,4,HGV (all diesel) — Articulated (>33t) — 100% Laden,1.68059,kg CO2e / miles,,,,Global,Global,"{GHG-Protocol,SB-253}",AR5,2,,DEFRA UK GHG Conversion Factors 2024 v1.1,https://www.gov.uk/government/collections/government-conversion-factors-for-company-reporting,2024,2024-10-01,2024-10-01,,,methodologies/scope-3-cat6-business-travel,2026-04-24
scope3-transport-delivery-vehicles-hgv-all-diesel-articulated-33t-average-laden-defra-2024-237,Delivery vehicles — HGV (all diesel) — Articulated (>33t) — Average laden (DEFRA 2024),scope3-distance,3,4,HGV (all diesel) — Articulated (>33t) — Average laden,1.46846,kg CO2e / miles,,,,Global,Global,"{GHG-Protocol,SB-253}",AR5,2,,DEFRA UK GHG Conversion Factors 2024 v1.1,https://www.gov.uk/government/collections/government-conversion-factors-for-company-reporting,2024,2024-10-01,2024-10-01,,,methodologies/scope-3-cat6-business-travel,2026-04-24
scope3-transport-delivery-vehicles-hgv-all-diesel-all-artics-0-laden-defra-2024,Delivery vehicles — HGV (all diesel) — All artics — 0% Laden (DEFRA 2024),scope3-distance,3,4,HGV (all diesel) — All artics — 0% Laden,0.63162,kg CO2e / km,,,,Global,Global,"{GHG-Protocol,SB-253}",AR5,2,,DEFRA UK GHG Conversion Factors 2024 v1.1,https://www.gov.uk/government/collections/government-conversion-factors-for-company-reporting,2024,2024-10-01,2024-10-01,,,methodologies/scope-3-cat6-business-travel,2026-04-24
scope3-transport-delivery-vehicles-hgv-all-diesel-all-artics-50-laden-defra-2024,Delivery vehicles — HGV (all diesel) — All artics — 50% Laden (DEFRA 2024),scope3-distance,3,4,HGV (all diesel) — All artics — 50% Laden,0.83506,kg CO2e / km,,,,Global,Global,"{GHG-Protocol,SB-253}",AR5,2,,DEFRA UK GHG Conversion Factors 2024 v1.1,https://www.gov.uk/government/collections/government-conversion-factors-for-company-reporting,2024,2024-10-01,2024-10-01,,,methodologies/scope-3-cat6-business-travel,2026-04-24
scope3-transport-delivery-vehicles-hgv-all-diesel-all-artics-100-laden-defra-2024,Delivery vehicles — HGV (all diesel) — All artics — 100% Laden (DEFRA 2024),scope3-distance,3,4,HGV (all diesel) — All artics — 100% Laden,1.03849,kg CO2e / km,,,,Global,Global,"{GHG-Protocol,SB-253}",AR5,2,,DEFRA UK GHG Conversion Factors 2024 v1.1,https://www.gov.uk/government/collections/government-conversion-factors-for-company-reporting,2024,2024-10-01,2024-10-01,,,methodologies/scope-3-cat6-business-travel,2026-04-24
scope3-transport-delivery-vehicles-hgv-all-diesel-all-artics-average-laden-defra-2024,Delivery vehicles — HGV (all diesel) — All artics — Average laden (DEFRA 2024),scope3-distance,3,4,HGV (all diesel) — All artics — Average laden,0.90581,kg CO2e / km,,,,Global,Global,"{GHG-Protocol,SB-253}",AR5,2,,DEFRA UK GHG Conversion Factors 2024 v1.1,https://www.gov.uk/government/collections/government-conversion-factors-for-company-reporting,2024,2024-10-01,2024-10-01,,,methodologies/scope-3-cat6-business-travel,2026-04-24
scope3-transport-delivery-vehicles-hgv-all-diesel-all-artics-0-laden-defra-2024-242,Delivery vehicles — HGV (all diesel) — All artics — 0% Laden (DEFRA 2024),scope3-distance,3,4,HGV (all diesel) — All artics — 0% Laden,1.01648,kg CO2e / miles,,,,Global,Global,"{GHG-Protocol,SB-253}",AR5,2,,DEFRA UK GHG Conversion Factors 2024 v1.1,https://www.gov.uk/government/collections/government-conversion-factors-for-company-reporting,2024,2024-10-01,2024-10-01,,,methodologies/scope-3-cat6-business-travel,2026-04-24
scope3-transport-delivery-vehicles-hgv-all-diesel-all-artics-50-laden-defra-2024-243,Delivery vehicles — HGV (all diesel) — All artics — 50% Laden (DEFRA 2024),scope3-distance,3,4,HGV (all diesel) — All artics — 50% Laden,1.34388,kg CO2e / miles,,,,Global,Global,"{GHG-Protocol,SB-253}",AR5,2,,DEFRA UK GHG Conversion Factors 2024 v1.1,https://www.gov.uk/government/collections/government-conversion-factors-for-company-reporting,2024,2024-10-01,2024-10-01,,,methodologies/scope-3-cat6-business-travel,2026-04-24
scope3-transport-delivery-vehicles-hgv-all-diesel-all-artics-100-laden-defra-2024-244,Delivery vehicles — HGV (all diesel) — All artics — 100% Laden (DEFRA 2024),scope3-distance,3,4,HGV (all diesel) — All artics — 100% Laden,1.67128,kg CO2e / miles,,,,Global,Global,"{GHG-Protocol,SB-253}",AR5,2,,DEFRA UK GHG Conversion Factors 2024 v1.1,https://www.gov.uk/government/collections/government-conversion-factors-for-company-reporting,2024,2024-10-01,2024-10-01,,,methodologies/scope-3-cat6-business-travel,2026-04-24
scope3-transport-delivery-vehicles-hgv-all-diesel-all-artics-average-laden-defra-2024-245,Delivery vehicles — HGV (all diesel) — All artics — Average laden (DEFRA 2024),scope3-distance,3,4,HGV (all diesel) — All artics — Average laden,1.45775,kg CO2e / miles,,,,Global,Global,"{GHG-Protocol,SB-253}",AR5,2,,DEFRA UK GHG Conversion Factors 2024 v1.1,https://www.gov.uk/government/collections/government-conversion-factors-for-company-reporting,2024,2024-10-01,2024-10-01,,,methodologies/scope-3-cat6-business-travel,2026-04-24
scope3-transport-delivery-vehicles-hgv-all-diesel-all-hgvs-0-laden-defra-2024,Delivery vehicles — HGV (all diesel) — All HGVs — 0% Laden (DEFRA 2024),scope3-distance,3,4,HGV (all diesel) — All HGVs — 0% Laden,0.64392,kg CO2e / km,,,,Global,Global,"{GHG-Protocol,SB-253}",AR5,2,,DEFRA UK GHG Conversion Factors 2024 v1.1,https://www.gov.uk/government/collections/government-conversion-factors-for-company-reporting,2024,2024-10-01,2024-10-01,,,methodologies/scope-3-cat6-business-travel,2026-04-24
scope3-transport-delivery-vehicles-hgv-all-diesel-all-hgvs-50-laden-defra-2024,Delivery vehicles — HGV (all diesel) — All HGVs — 50% Laden (DEFRA 2024),scope3-distance,3,4,HGV (all diesel) — All HGVs — 50% Laden,0.81517,kg CO2e / km,,,,Global,Global,"{GHG-Protocol,SB-253}",AR5,2,,DEFRA UK GHG Conversion Factors 2024 v1.1,https://www.gov.uk/government/collections/government-conversion-factors-for-company-reporting,2024,2024-10-01,2024-10-01,,,methodologies/scope-3-cat6-business-travel,2026-04-24
scope3-transport-delivery-vehicles-hgv-all-diesel-all-hgvs-100-laden-defra-2024,Delivery vehicles — HGV (all diesel) — All HGVs — 100% Laden (DEFRA 2024),scope3-distance,3,4,HGV (all diesel) — All HGVs — 100% Laden,0.98641,kg CO2e / km,,,,Global,Global,"{GHG-Protocol,SB-253}",AR5,2,,DEFRA UK GHG Conversion Factors 2024 v1.1,https://www.gov.uk/government/collections/government-conversion-factors-for-company-reporting,2024,2024-10-01,2024-10-01,,,methodologies/scope-3-cat6-business-travel,2026-04-24
scope3-transport-delivery-vehicles-hgv-all-diesel-all-hgvs-average-laden-defra-2024,Delivery vehicles — HGV (all diesel) — All HGVs — Average laden (DEFRA 2024),scope3-distance,3,4,HGV (all diesel) — All HGVs — Average laden,0.87296,kg CO2e / km,,,,Global,Global,"{GHG-Protocol,SB-253}",AR5,2,,DEFRA UK GHG Conversion Factors 2024 v1.1,https://www.gov.uk/government/collections/government-conversion-factors-for-company-reporting,2024,2024-10-01,2024-10-01,,,methodologies/scope-3-cat6-business-travel,2026-04-24
scope3-transport-delivery-vehicles-hgv-all-diesel-all-hgvs-0-laden-defra-2024-250,Delivery vehicles — HGV (all diesel) — All HGVs — 0% Laden (DEFRA 2024),scope3-distance,3,4,HGV (all diesel) — All HGVs — 0% Laden,1.03629,kg CO2e / miles,,,,Global,Global,"{GHG-Protocol,SB-253}",AR5,2,,DEFRA UK GHG Conversion Factors 2024 v1.1,https://www.gov.uk/government/collections/government-conversion-factors-for-company-reporting,2024,2024-10-01,2024-10-01,,,methodologies/scope-3-cat6-business-travel,2026-04-24
scope3-transport-delivery-vehicles-hgv-all-diesel-all-hgvs-50-laden-defra-2024-251,Delivery vehicles — HGV (all diesel) — All HGVs — 50% Laden (DEFRA 2024),scope3-distance,3,4,HGV (all diesel) — All HGVs — 50% Laden,1.31188,kg CO2e / miles,,,,Global,Global,"{GHG-Protocol,SB-253}",AR5,2,,DEFRA UK GHG Conversion Factors 2024 v1.1,https://www.gov.uk/government/collections/government-conversion-factors-for-company-reporting,2024,2024-10-01,2024-10-01,,,methodologies/scope-3-cat6-business-travel,2026-04-24
scope3-transport-delivery-vehicles-hgv-all-diesel-all-hgvs-100-laden-defra-2024-252,Delivery vehicles — HGV (all diesel) — All HGVs — 100% Laden (DEFRA 2024),scope3-distance,3,4,HGV (all diesel) — All HGVs — 100% Laden,1.58748,kg CO2e / miles,,,,Global,Global,"{GHG-Protocol,SB-253}",AR5,2,,DEFRA UK GHG Conversion Factors 2024 v1.1,https://www.gov.uk/government/collections/government-conversion-factors-for-company-reporting,2024,2024-10-01,2024-10-01,,,methodologies/scope-3-cat6-business-travel,2026-04-24
scope3-transport-delivery-vehicles-hgv-all-diesel-all-hgvs-average-laden-defra-2024-253,Delivery vehicles — HGV (all diesel) — All HGVs — Average laden (DEFRA 2024),scope3-distance,3,4,HGV (all diesel) — All HGVs — Average laden,1.40489,kg CO2e / miles,,,,Global,Global,"{GHG-Protocol,SB-253}",AR5,2,,DEFRA UK GHG Conversion Factors 2024 v1.1,https://www.gov.uk/government/collections/government-conversion-factors-for-company-reporting,2024,2024-10-01,2024-10-01,,,methodologies/scope-3-cat6-business-travel,2026-04-24
scope3-transport-delivery-vehicles-hgvs-refrigerated-all-diesel-rigid-3-5-7-5-tonnes-0-laden-defra-2,Delivery vehicles — HGVs refrigerated (all diesel) — Rigid (>3.5 - 7.5 tonnes) — 0% Laden (DEFRA 2024),scope3-distance,3,4,HGVs refrigerated (all diesel) — Rigid (>3.5 - 7.5 tonnes) — 0% Laden,0.54033,kg CO2e / km,,,,Global,Global,"{GHG-Protocol,SB-253}",AR5,2,,DEFRA UK GHG Conversion Factors 2024 v1.1,https://www.gov.uk/government/collections/government-conversion-factors-for-company-reporting,2024,2024-10-01,2024-10-01,,,methodologies/scope-3-cat6-business-travel,2026-04-24
scope3-transport-delivery-vehicles-hgvs-refrigerated-all-diesel-rigid-3-5-7-5-tonnes-50-laden-defra-,Delivery vehicles — HGVs refrigerated (all diesel) — Rigid (>3.5 - 7.5 tonnes) — 50% Laden (DEFRA 2024),scope3-distance,3,4,HGVs refrigerated (all diesel) — Rigid (>3.5 - 7.5 tonnes) — 50% Laden,0.58684,kg CO2e / km,,,,Global,Global,"{GHG-Protocol,SB-253}",AR5,2,,DEFRA UK GHG Conversion Factors 2024 v1.1,https://www.gov.uk/government/collections/government-conversion-factors-for-company-reporting,2024,2024-10-01,2024-10-01,,,methodologies/scope-3-cat6-business-travel,2026-04-24
scope3-transport-delivery-vehicles-hgvs-refrigerated-all-diesel-rigid-3-5-7-5-tonnes-100-laden-defra,Delivery vehicles — HGVs refrigerated (all diesel) — Rigid (>3.5 - 7.5 tonnes) — 100% Laden (DEFRA 2024),scope3-distance,3,4,HGVs refrigerated (all diesel) — Rigid (>3.5 - 7.5 tonnes) — 100% Laden,0.63336,kg CO2e / km,,,,Global,Global,"{GHG-Protocol,SB-253}",AR5,2,,DEFRA UK GHG Conversion Factors 2024 v1.1,https://www.gov.uk/government/collections/government-conversion-factors-for-company-reporting,2024,2024-10-01,2024-10-01,,,methodologies/scope-3-cat6-business-travel,2026-04-24
scope3-transport-delivery-vehicles-hgvs-refrigerated-all-diesel-rigid-3-5-7-5-tonnes-average-la-defr,Delivery vehicles — HGVs refrigerated (all diesel) — Rigid (>3.5 - 7.5 tonnes) — Average laden (DEFRA 2024),scope3-distance,3,4,HGVs refrigerated (all diesel) — Rigid (>3.5 - 7.5 tonnes) — Average laden,0.58033,kg CO2e / km,,,,Global,Global,"{GHG-Protocol,SB-253}",AR5,2,,DEFRA UK GHG Conversion Factors 2024 v1.1,https://www.gov.uk/government/collections/government-conversion-factors-for-company-reporting,2024,2024-10-01,2024-10-01,,,methodologies/scope-3-cat6-business-travel,2026-04-24
scope3-transport-delivery-vehicles-hgvs-refrigerated-all-diesel-rigid-3-5-7-5-tonnes-0-laden-de-258,Delivery vehicles — HGVs refrigerated (all diesel) — Rigid (>3.5 - 7.5 tonnes) — 0% Laden (DEFRA 2024),scope3-distance,3,4,HGVs refrigerated (all diesel) — Rigid (>3.5 - 7.5 tonnes) — 0% Laden,0.86957,kg CO2e / miles,,,,Global,Global,"{GHG-Protocol,SB-253}",AR5,2,,DEFRA UK GHG Conversion Factors 2024 v1.1,https://www.gov.uk/government/collections/government-conversion-factors-for-company-reporting,2024,2024-10-01,2024-10-01,,,methodologies/scope-3-cat6-business-travel,2026-04-24
scope3-transport-delivery-vehicles-hgvs-refrigerated-all-diesel-rigid-3-5-7-5-tonnes-50-laden-d-259,Delivery vehicles — HGVs refrigerated (all diesel) — Rigid (>3.5 - 7.5 tonnes) — 50% Laden (DEFRA 2024),scope3-distance,3,4,HGVs refrigerated (all diesel) — Rigid (>3.5 - 7.5 tonnes) — 50% Laden,0.94442,kg CO2e / miles,,,,Global,Global,"{GHG-Protocol,SB-253}",AR5,2,,DEFRA UK GHG Conversion Factors 2024 v1.1,https://www.gov.uk/government/collections/government-conversion-factors-for-company-reporting,2024,2024-10-01,2024-10-01,,,methodologies/scope-3-cat6-business-travel,2026-04-24
scope3-transport-delivery-vehicles-hgvs-refrigerated-all-diesel-rigid-3-5-7-5-tonnes-100-laden--260,Delivery vehicles — HGVs refrigerated (all diesel) — Rigid (>3.5 - 7.5 tonnes) — 100% Laden (DEFRA 2024),scope3-distance,3,4,HGVs refrigerated (all diesel) — Rigid (>3.5 - 7.5 tonnes) — 100% Laden,1.01928,kg CO2e / miles,,,,Global,Global,"{GHG-Protocol,SB-253}",AR5,2,,DEFRA UK GHG Conversion Factors 2024 v1.1,https://www.gov.uk/government/collections/government-conversion-factors-for-company-reporting,2024,2024-10-01,2024-10-01,,,methodologies/scope-3-cat6-business-travel,2026-04-24
scope3-transport-delivery-vehicles-hgvs-refrigerated-all-diesel-rigid-3-5-7-5-tonnes-average-la-261,Delivery vehicles — HGVs refrigerated (all diesel) — Rigid (>3.5 - 7.5 tonnes) — Average laden (DEFRA 2024),scope3-distance,3,4,HGVs refrigerated (all diesel) — Rigid (>3.5 - 7.5 tonnes) — Average laden,0.93394,kg CO2e / miles,,,,Global,Global,"{GHG-Protocol,SB-253}",AR5,2,,DEFRA UK GHG Conversion Factors 2024 v1.1,https://www.gov.uk/government/collections/government-conversion-factors-for-company-reporting,2024,2024-10-01,2024-10-01,,,methodologies/scope-3-cat6-business-travel,2026-04-24
scope3-transport-delivery-vehicles-hgvs-refrigerated-all-diesel-rigid-7-5-tonnes-17-tonnes-0-la-defr,Delivery vehicles — HGVs refrigerated (all diesel) — Rigid (>7.5 tonnes-17 tonnes) — 0% Laden (DEFRA 2024),scope3-distance,3,4,HGVs refrigerated (all diesel) — Rigid (>7.5 tonnes-17 tonnes) — 0% Laden,0.64802,kg CO2e / km,,,,Global,Global,"{GHG-Protocol,SB-253}",AR5,2,,DEFRA UK GHG Conversion Factors 2024 v1.1,https://www.gov.uk/government/collections/government-conversion-factors-for-company-reporting,2024,2024-10-01,2024-10-01,,,methodologies/scope-3-cat6-business-travel,2026-04-24
scope3-transport-delivery-vehicles-hgvs-refrigerated-all-diesel-rigid-7-5-tonnes-17-tonnes-50-l-defr,Delivery vehicles — HGVs refrigerated (all diesel) — Rigid (>7.5 tonnes-17 tonnes) — 50% Laden (DEFRA 2024),scope3-distance,3,4,HGVs refrigerated (all diesel) — Rigid (>7.5 tonnes-17 tonnes) — 50% Laden,0.73965,kg CO2e / km,,,,Global,Global,"{GHG-Protocol,SB-253}",AR5,2,,DEFRA UK GHG Conversion Factors 2024 v1.1,https://www.gov.uk/government/collections/government-conversion-factors-for-company-reporting,2024,2024-10-01,2024-10-01,,,methodologies/scope-3-cat6-business-travel,2026-04-24
scope3-transport-delivery-vehicles-hgvs-refrigerated-all-diesel-rigid-7-5-tonnes-17-tonnes-100--defr,Delivery vehicles — HGVs refrigerated (all diesel) — Rigid (>7.5 tonnes-17 tonnes) — 100% Laden (DEFRA 2024),scope3-distance,3,4,HGVs refrigerated (all diesel) — Rigid (>7.5 tonnes-17 tonnes) — 100% Laden,0.83128,kg CO2e / km,,,,Global,Global,"{GHG-Protocol,SB-253}",AR5,2,,DEFRA UK GHG Conversion Factors 2024 v1.1,https://www.gov.uk/government/collections/government-conversion-factors-for-company-reporting,2024,2024-10-01,2024-10-01,,,methodologies/scope-3-cat6-business-travel,2026-04-24
scope3-transport-delivery-vehicles-hgvs-refrigerated-all-diesel-rigid-7-5-tonnes-17-tonnes-aver-defr,Delivery vehicles — HGVs refrigerated (all diesel) — Rigid (>7.5 tonnes-17 tonnes) — Average laden (DEFRA 2024),scope3-distance,3,4,HGVs refrigerated (all diesel) — Rigid (>7.5 tonnes-17 tonnes) — Average laden,0.7085,kg CO2e / km,,,,Global,Global,"{GHG-Protocol,SB-253}",AR5,2,,DEFRA UK GHG Conversion Factors 2024 v1.1,https://www.gov.uk/government/collections/government-conversion-factors-for-company-reporting,2024,2024-10-01,2024-10-01,,,methodologies/scope-3-cat6-business-travel,2026-04-24
scope3-transport-delivery-vehicles-hgvs-refrigerated-all-diesel-rigid-7-5-tonnes-17-tonnes-0-la-266,Delivery vehicles — HGVs refrigerated (all diesel) — Rigid (>7.5 tonnes-17 tonnes) — 0% Laden (DEFRA 2024),scope3-distance,3,4,HGVs refrigerated (all diesel) — Rigid (>7.5 tonnes-17 tonnes) — 0% Laden,1.0429,kg CO2e / miles,,,,Global,Global,"{GHG-Protocol,SB-253}",AR5,2,,DEFRA UK GHG Conversion Factors 2024 v1.1,https://www.gov.uk/government/collections/government-conversion-factors-for-company-reporting,2024,2024-10-01,2024-10-01,,,methodologies/scope-3-cat6-business-travel,2026-04-24
scope3-transport-delivery-vehicles-hgvs-refrigerated-all-diesel-rigid-7-5-tonnes-17-tonnes-50-l-267,Delivery vehicles — HGVs refrigerated (all diesel) — Rigid (>7.5 tonnes-17 tonnes) — 50% Laden (DEFRA 2024),scope3-distance,3,4,HGVs refrigerated (all diesel) — Rigid (>7.5 tonnes-17 tonnes) — 50% Laden,1.19036,kg CO2e / miles,,,,Global,Global,"{GHG-Protocol,SB-253}",AR5,2,,DEFRA UK GHG Conversion Factors 2024 v1.1,https://www.gov.uk/government/collections/government-conversion-factors-for-company-reporting,2024,2024-10-01,2024-10-01,,,methodologies/scope-3-cat6-business-travel,2026-04-24
scope3-transport-delivery-vehicles-hgvs-refrigerated-all-diesel-rigid-7-5-tonnes-17-tonnes-100--268,Delivery vehicles — HGVs refrigerated (all diesel) — Rigid (>7.5 tonnes-17 tonnes) — 100% Laden (DEFRA 2024),scope3-distance,3,4,HGVs refrigerated (all diesel) — Rigid (>7.5 tonnes-17 tonnes) — 100% Laden,1.33783,kg CO2e / miles,,,,Global,Global,"{GHG-Protocol,SB-253}",AR5,2,,DEFRA UK GHG Conversion Factors 2024 v1.1,https://www.gov.uk/government/collections/government-conversion-factors-for-company-reporting,2024,2024-10-01,2024-10-01,,,methodologies/scope-3-cat6-business-travel,2026-04-24
scope3-transport-delivery-vehicles-hgvs-refrigerated-all-diesel-rigid-7-5-tonnes-17-tonnes-aver-269,Delivery vehicles — HGVs refrigerated (all diesel) — Rigid (>7.5 tonnes-17 tonnes) — Average laden (DEFRA 2024),scope3-distance,3,4,HGVs refrigerated (all diesel) — Rigid (>7.5 tonnes-17 tonnes) — Average laden,1.14022,kg CO2e / miles,,,,Global,Global,"{GHG-Protocol,SB-253}",AR5,2,,DEFRA UK GHG Conversion Factors 2024 v1.1,https://www.gov.uk/government/collections/government-conversion-factors-for-company-reporting,2024,2024-10-01,2024-10-01,,,methodologies/scope-3-cat6-business-travel,2026-04-24
scope3-transport-delivery-vehicles-hgvs-refrigerated-all-diesel-rigid-17-tonnes-0-laden-defra-2024,Delivery vehicles — HGVs refrigerated (all diesel) — Rigid (>17 tonnes) — 0% Laden (DEFRA 2024),scope3-distance,3,4,HGVs refrigerated (all diesel) — Rigid (>17 tonnes) — 0% Laden,0.8925,kg CO2e / km,,,,Global,Global,"{GHG-Protocol,SB-253}",AR5,2,,DEFRA UK GHG Conversion Factors 2024 v1.1,https://www.gov.uk/government/collections/government-conversion-factors-for-company-reporting,2024,2024-10-01,2024-10-01,,,methodologies/scope-3-cat6-business-travel,2026-04-24
scope3-transport-delivery-vehicles-hgvs-refrigerated-all-diesel-rigid-17-tonnes-50-laden-defra-2024,Delivery vehicles — HGVs refrigerated (all diesel) — Rigid (>17 tonnes) — 50% Laden (DEFRA 2024),scope3-distance,3,4,HGVs refrigerated (all diesel) — Rigid (>17 tonnes) — 50% Laden,1.08604,kg CO2e / km,,,,Global,Global,"{GHG-Protocol,SB-253}",AR5,2,,DEFRA UK GHG Conversion Factors 2024 v1.1,https://www.gov.uk/government/collections/government-conversion-factors-for-company-reporting,2024,2024-10-01,2024-10-01,,,methodologies/scope-3-cat6-business-travel,2026-04-24
scope3-transport-delivery-vehicles-hgvs-refrigerated-all-diesel-rigid-17-tonnes-100-laden-defra-2024,Delivery vehicles — HGVs refrigerated (all diesel) — Rigid (>17 tonnes) — 100% Laden (DEFRA 2024),scope3-distance,3,4,HGVs refrigerated (all diesel) — Rigid (>17 tonnes) — 100% Laden,1.27958,kg CO2e / km,,,,Global,Global,"{GHG-Protocol,SB-253}",AR5,2,,DEFRA UK GHG Conversion Factors 2024 v1.1,https://www.gov.uk/government/collections/government-conversion-factors-for-company-reporting,2024,2024-10-01,2024-10-01,,,methodologies/scope-3-cat6-business-travel,2026-04-24
scope3-transport-delivery-vehicles-hgvs-refrigerated-all-diesel-rigid-17-tonnes-average-laden-defra-,Delivery vehicles — HGVs refrigerated (all diesel) — Rigid (>17 tonnes) — Average laden (DEFRA 2024),scope3-distance,3,4,HGVs refrigerated (all diesel) — Rigid (>17 tonnes) — Average laden,1.16344,kg CO2e / km,,,,Global,Global,"{GHG-Protocol,SB-253}",AR5,2,,DEFRA UK GHG Conversion Factors 2024 v1.1,https://www.gov.uk/government/collections/government-conversion-factors-for-company-reporting,2024,2024-10-01,2024-10-01,,,methodologies/scope-3-cat6-business-travel,2026-04-24
scope3-transport-delivery-vehicles-hgvs-refrigerated-all-diesel-rigid-17-tonnes-0-laden-defra-2-274,Delivery vehicles — HGVs refrigerated (all diesel) — Rigid (>17 tonnes) — 0% Laden (DEFRA 2024),scope3-distance,3,4,HGVs refrigerated (all diesel) — Rigid (>17 tonnes) — 0% Laden,1.43635,kg CO2e / miles,,,,Global,Global,"{GHG-Protocol,SB-253}",AR5,2,,DEFRA UK GHG Conversion Factors 2024 v1.1,https://www.gov.uk/government/collections/government-conversion-factors-for-company-reporting,2024,2024-10-01,2024-10-01,,,methodologies/scope-3-cat6-business-travel,2026-04-24
scope3-transport-delivery-vehicles-hgvs-refrigerated-all-diesel-rigid-17-tonnes-50-laden-defra--275,Delivery vehicles — HGVs refrigerated (all diesel) — Rigid (>17 tonnes) — 50% Laden (DEFRA 2024),scope3-distance,3,4,HGVs refrigerated (all diesel) — Rigid (>17 tonnes) — 50% Laden,1.74783,kg CO2e / miles,,,,Global,Global,"{GHG-Protocol,SB-253}",AR5,2,,DEFRA UK GHG Conversion Factors 2024 v1.1,https://www.gov.uk/government/collections/government-conversion-factors-for-company-reporting,2024,2024-10-01,2024-10-01,,,methodologies/scope-3-cat6-business-travel,2026-04-24
scope3-transport-delivery-vehicles-hgvs-refrigerated-all-diesel-rigid-17-tonnes-100-laden-defra-276,Delivery vehicles — HGVs refrigerated (all diesel) — Rigid (>17 tonnes) — 100% Laden (DEFRA 2024),scope3-distance,3,4,HGVs refrigerated (all diesel) — Rigid (>17 tonnes) — 100% Laden,2.0593,kg CO2e / miles,,,,Global,Global,"{GHG-Protocol,SB-253}",AR5,2,,DEFRA UK GHG Conversion Factors 2024 v1.1,https://www.gov.uk/government/collections/government-conversion-factors-for-company-reporting,2024,2024-10-01,2024-10-01,,,methodologies/scope-3-cat6-business-travel,2026-04-24
scope3-transport-delivery-vehicles-hgvs-refrigerated-all-diesel-rigid-17-tonnes-average-laden-d-277,Delivery vehicles — HGVs refrigerated (all diesel) — Rigid (>17 tonnes) — Average laden (DEFRA 2024),scope3-distance,3,4,HGVs refrigerated (all diesel) — Rigid (>17 tonnes) — Average laden,1.87239,kg CO2e / miles,,,,Global,Global,"{GHG-Protocol,SB-253}",AR5,2,,DEFRA UK GHG Conversion Factors 2024 v1.1,https://www.gov.uk/government/collections/government-conversion-factors-for-company-reporting,2024,2024-10-01,2024-10-01,,,methodologies/scope-3-cat6-business-travel,2026-04-24
scope3-transport-delivery-vehicles-hgvs-refrigerated-all-diesel-all-rigids-0-laden-defra-2024,Delivery vehicles — HGVs refrigerated (all diesel) — All rigids — 0% Laden (DEFRA 2024),scope3-distance,3,4,HGVs refrigerated (all diesel) — All rigids — 0% Laden,0.78757,kg CO2e / km,,,,Global,Global,"{GHG-Protocol,SB-253}",AR5,2,,DEFRA UK GHG Conversion Factors 2024 v1.1,https://www.gov.uk/government/collections/government-conversion-factors-for-company-reporting,2024,2024-10-01,2024-10-01,,,methodologies/scope-3-cat6-business-travel,2026-04-24
scope3-transport-delivery-vehicles-hgvs-refrigerated-all-diesel-all-rigids-50-laden-defra-2024,Delivery vehicles — HGVs refrigerated (all diesel) — All rigids — 50% Laden (DEFRA 2024),scope3-distance,3,4,HGVs refrigerated (all diesel) — All rigids — 50% Laden,0.93736,kg CO2e / km,,,,Global,Global,"{GHG-Protocol,SB-253}",AR5,2,,DEFRA UK GHG Conversion Factors 2024 v1.1,https://www.gov.uk/government/collections/government-conversion-factors-for-company-reporting,2024,2024-10-01,2024-10-01,,,methodologies/scope-3-cat6-business-travel,2026-04-24
scope3-transport-delivery-vehicles-hgvs-refrigerated-all-diesel-all-rigids-100-laden-defra-2024,Delivery vehicles — HGVs refrigerated (all diesel) — All rigids — 100% Laden (DEFRA 2024),scope3-distance,3,4,HGVs refrigerated (all diesel) — All rigids — 100% Laden,1.08715,kg CO2e / km,,,,Global,Global,"{GHG-Protocol,SB-253}",AR5,2,,DEFRA UK GHG Conversion Factors 2024 v1.1,https://www.gov.uk/government/collections/government-conversion-factors-for-company-reporting,2024,2024-10-01,2024-10-01,,,methodologies/scope-3-cat6-business-travel,2026-04-24
scope3-transport-delivery-vehicles-hgvs-refrigerated-all-diesel-all-rigids-average-laden-defra-2024,Delivery vehicles — HGVs refrigerated (all diesel) — All rigids — Average laden (DEFRA 2024),scope3-distance,3,4,HGVs refrigerated (all diesel) — All rigids — Average laden,0.98435,kg CO2e / km,,,,Global,Global,"{GHG-Protocol,SB-253}",AR5,2,,DEFRA UK GHG Conversion Factors 2024 v1.1,https://www.gov.uk/government/collections/government-conversion-factors-for-company-reporting,2024,2024-10-01,2024-10-01,,,methodologies/scope-3-cat6-business-travel,2026-04-24
scope3-transport-delivery-vehicles-hgvs-refrigerated-all-diesel-all-rigids-0-laden-defra-2024-282,Delivery vehicles — HGVs refrigerated (all diesel) — All rigids — 0% Laden (DEFRA 2024),scope3-distance,3,4,HGVs refrigerated (all diesel) — All rigids — 0% Laden,1.26746,kg CO2e / miles,,,,Global,Global,"{GHG-Protocol,SB-253}",AR5,2,,DEFRA UK GHG Conversion Factors 2024 v1.1,https://www.gov.uk/government/collections/government-conversion-factors-for-company-reporting,2024,2024-10-01,2024-10-01,,,methodologies/scope-3-cat6-business-travel,2026-04-24
scope3-transport-delivery-vehicles-hgvs-refrigerated-all-diesel-all-rigids-50-laden-defra-2024-283,Delivery vehicles — HGVs refrigerated (all diesel) — All rigids — 50% Laden (DEFRA 2024),scope3-distance,3,4,HGVs refrigerated (all diesel) — All rigids — 50% Laden,1.50852,kg CO2e / miles,,,,Global,Global,"{GHG-Protocol,SB-253}",AR5,2,,DEFRA UK GHG Conversion Factors 2024 v1.1,https://www.gov.uk/government/collections/government-conversion-factors-for-company-reporting,2024,2024-10-01,2024-10-01,,,methodologies/scope-3-cat6-business-travel,2026-04-24
scope3-transport-delivery-vehicles-hgvs-refrigerated-all-diesel-all-rigids-100-laden-defra-2024-284,Delivery vehicles — HGVs refrigerated (all diesel) — All rigids — 100% Laden (DEFRA 2024),scope3-distance,3,4,HGVs refrigerated (all diesel) — All rigids — 100% Laden,1.74959,kg CO2e / miles,,,,Global,Global,"{GHG-Protocol,SB-253}",AR5,2,,DEFRA UK GHG Conversion Factors 2024 v1.1,https://www.gov.uk/government/collections/government-conversion-factors-for-company-reporting,2024,2024-10-01,2024-10-01,,,methodologies/scope-3-cat6-business-travel,2026-04-24
scope3-transport-delivery-vehicles-hgvs-refrigerated-all-diesel-all-rigids-average-laden-defra--285,Delivery vehicles — HGVs refrigerated (all diesel) — All rigids — Average laden (DEFRA 2024),scope3-distance,3,4,HGVs refrigerated (all diesel) — All rigids — Average laden,1.58414,kg CO2e / miles,,,,Global,Global,"{GHG-Protocol,SB-253}",AR5,2,,DEFRA UK GHG Conversion Factors 2024 v1.1,https://www.gov.uk/government/collections/government-conversion-factors-for-company-reporting,2024,2024-10-01,2024-10-01,,,methodologies/scope-3-cat6-business-travel,2026-04-24
scope3-transport-delivery-vehicles-hgvs-refrigerated-all-diesel-articulated-3-5-33t-0-laden-defra-20,Delivery vehicles — HGVs refrigerated (all diesel) — Articulated (>3.5 - 33t) — 0% Laden (DEFRA 2024),scope3-distance,3,4,HGVs refrigerated (all diesel) — Articulated (>3.5 - 33t) — 0% Laden,0.71193,kg CO2e / km,,,,Global,Global,"{GHG-Protocol,SB-253}",AR5,2,,DEFRA UK GHG Conversion Factors 2024 v1.1,https://www.gov.uk/government/collections/government-conversion-factors-for-company-reporting,2024,2024-10-01,2024-10-01,,,methodologies/scope-3-cat6-business-travel,2026-04-24
scope3-transport-delivery-vehicles-hgvs-refrigerated-all-diesel-articulated-3-5-33t-50-laden-defra-2,Delivery vehicles — HGVs refrigerated (all diesel) — Articulated (>3.5 - 33t) — 50% Laden (DEFRA 2024),scope3-distance,3,4,HGVs refrigerated (all diesel) — Articulated (>3.5 - 33t) — 50% Laden,0.88686,kg CO2e / km,,,,Global,Global,"{GHG-Protocol,SB-253}",AR5,2,,DEFRA UK GHG Conversion Factors 2024 v1.1,https://www.gov.uk/government/collections/government-conversion-factors-for-company-reporting,2024,2024-10-01,2024-10-01,,,methodologies/scope-3-cat6-business-travel,2026-04-24
scope3-transport-delivery-vehicles-hgvs-refrigerated-all-diesel-articulated-3-5-33t-100-laden-defra-,Delivery vehicles — HGVs refrigerated (all diesel) — Articulated (>3.5 - 33t) — 100% Laden (DEFRA 2024),scope3-distance,3,4,HGVs refrigerated (all diesel) — Articulated (>3.5 - 33t) — 100% Laden,1.06179,kg CO2e / km,,,,Global,Global,"{GHG-Protocol,SB-253}",AR5,2,,DEFRA UK GHG Conversion Factors 2024 v1.1,https://www.gov.uk/government/collections/government-conversion-factors-for-company-reporting,2024,2024-10-01,2024-10-01,,,methodologies/scope-3-cat6-business-travel,2026-04-24
scope3-transport-delivery-vehicles-hgvs-refrigerated-all-diesel-articulated-3-5-33t-average-lad-defr,Delivery vehicles — HGVs refrigerated (all diesel) — Articulated (>3.5 - 33t) — Average laden (DEFRA 2024),scope3-distance,3,4,HGVs refrigerated (all diesel) — Articulated (>3.5 - 33t) — Average laden,0.88686,kg CO2e / km,,,,Global,Global,"{GHG-Protocol,SB-253}",AR5,2,,DEFRA UK GHG Conversion Factors 2024 v1.1,https://www.gov.uk/government/collections/government-conversion-factors-for-company-reporting,2024,2024-10-01,2024-10-01,,,methodologies/scope-3-cat6-business-travel,2026-04-24
scope3-transport-delivery-vehicles-hgvs-refrigerated-all-diesel-articulated-3-5-33t-0-laden-def-290,Delivery vehicles — HGVs refrigerated (all diesel) — Articulated (>3.5 - 33t) — 0% Laden (DEFRA 2024),scope3-distance,3,4,HGVs refrigerated (all diesel) — Articulated (>3.5 - 33t) — 0% Laden,1.14572,kg CO2e / miles,,,,Global,Global,"{GHG-Protocol,SB-253}",AR5,2,,DEFRA UK GHG Conversion Factors 2024 v1.1,https://www.gov.uk/government/collections/government-conversion-factors-for-company-reporting,2024,2024-10-01,2024-10-01,,,methodologies/scope-3-cat6-business-travel,2026-04-24
scope3-transport-delivery-vehicles-hgvs-refrigerated-all-diesel-articulated-3-5-33t-50-laden-de-291,Delivery vehicles — HGVs refrigerated (all diesel) — Articulated (>3.5 - 33t) — 50% Laden (DEFRA 2024),scope3-distance,3,4,HGVs refrigerated (all diesel) — Articulated (>3.5 - 33t) — 50% Laden,1.42725,kg CO2e / miles,,,,Global,Global,"{GHG-Protocol,SB-253}",AR5,2,,DEFRA UK GHG Conversion Factors 2024 v1.1,https://www.gov.uk/government/collections/government-conversion-factors-for-company-reporting,2024,2024-10-01,2024-10-01,,,methodologies/scope-3-cat6-business-travel,2026-04-24
scope3-transport-delivery-vehicles-hgvs-refrigerated-all-diesel-articulated-3-5-33t-100-laden-d-292,Delivery vehicles — HGVs refrigerated (all diesel) — Articulated (>3.5 - 33t) — 100% Laden (DEFRA 2024),scope3-distance,3,4,HGVs refrigerated (all diesel) — Articulated (>3.5 - 33t) — 100% Laden,1.70877,kg CO2e / miles,,,,Global,Global,"{GHG-Protocol,SB-253}",AR5,2,,DEFRA UK GHG Conversion Factors 2024 v1.1,https://www.gov.uk/government/collections/government-conversion-factors-for-company-reporting,2024,2024-10-01,2024-10-01,,,methodologies/scope-3-cat6-business-travel,2026-04-24
scope3-transport-delivery-vehicles-hgvs-refrigerated-all-diesel-articulated-3-5-33t-average-lad-293,Delivery vehicles — HGVs refrigerated (all diesel) — Articulated (>3.5 - 33t) — Average laden (DEFRA 2024),scope3-distance,3,4,HGVs refrigerated (all diesel) — Articulated (>3.5 - 33t) — Average laden,1.42725,kg CO2e / miles,,,,Global,Global,"{GHG-Protocol,SB-253}",AR5,2,,DEFRA UK GHG Conversion Factors 2024 v1.1,https://www.gov.uk/government/collections/government-conversion-factors-for-company-reporting,2024,2024-10-01,2024-10-01,,,methodologies/scope-3-cat6-business-travel,2026-04-24
scope3-transport-delivery-vehicles-hgvs-refrigerated-all-diesel-articulated-33t-0-laden-defra-2024,Delivery vehicles — HGVs refrigerated (all diesel) — Articulated (>33t) — 0% Laden (DEFRA 2024),scope3-distance,3,4,HGVs refrigerated (all diesel) — Articulated (>33t) — 0% Laden,0.73105,kg CO2e / km,,,,Global,Global,"{GHG-Protocol,SB-253}",AR5,2,,DEFRA UK GHG Conversion Factors 2024 v1.1,https://www.gov.uk/government/collections/government-conversion-factors-for-company-reporting,2024,2024-10-01,2024-10-01,,,methodologies/scope-3-cat6-business-travel,2026-04-24
scope3-transport-delivery-vehicles-hgvs-refrigerated-all-diesel-articulated-33t-50-laden-defra-2024,Delivery vehicles — HGVs refrigerated (all diesel) — Articulated (>33t) — 50% Laden (DEFRA 2024),scope3-distance,3,4,HGVs refrigerated (all diesel) — Articulated (>33t) — 50% Laden,0.96989,kg CO2e / km,,,,Global,Global,"{GHG-Protocol,SB-253}",AR5,2,,DEFRA UK GHG Conversion Factors 2024 v1.1,https://www.gov.uk/government/collections/government-conversion-factors-for-company-reporting,2024,2024-10-01,2024-10-01,,,methodologies/scope-3-cat6-business-travel,2026-04-24
scope3-transport-delivery-vehicles-hgvs-refrigerated-all-diesel-articulated-33t-100-laden-defra-2024,Delivery vehicles — HGVs refrigerated (all diesel) — Articulated (>33t) — 100% Laden (DEFRA 2024),scope3-distance,3,4,HGVs refrigerated (all diesel) — Articulated (>33t) — 100% Laden,1.20873,kg CO2e / km,,,,Global,Global,"{GHG-Protocol,SB-253}",AR5,2,,DEFRA UK GHG Conversion Factors 2024 v1.1,https://www.gov.uk/government/collections/government-conversion-factors-for-company-reporting,2024,2024-10-01,2024-10-01,,,methodologies/scope-3-cat6-business-travel,2026-04-24
scope3-transport-delivery-vehicles-hgvs-refrigerated-all-diesel-articulated-33t-average-laden-defra-,Delivery vehicles — HGVs refrigerated (all diesel) — Articulated (>33t) — Average laden (DEFRA 2024),scope3-distance,3,4,HGVs refrigerated (all diesel) — Articulated (>33t) — Average laden,1.05587,kg CO2e / km,,,,Global,Global,"{GHG-Protocol,SB-253}",AR5,2,,DEFRA UK GHG Conversion Factors 2024 v1.1,https://www.gov.uk/government/collections/government-conversion-factors-for-company-reporting,2024,2024-10-01,2024-10-01,,,methodologies/scope-3-cat6-business-travel,2026-04-24
scope3-transport-delivery-vehicles-hgvs-refrigerated-all-diesel-articulated-33t-0-laden-defra-2-298,Delivery vehicles — HGVs refrigerated (all diesel) — Articulated (>33t) — 0% Laden (DEFRA 2024),scope3-distance,3,4,HGVs refrigerated (all diesel) — Articulated (>33t) — 0% Laden,1.17649,kg CO2e / miles,,,,Global,Global,"{GHG-Protocol,SB-253}",AR5,2,,DEFRA UK GHG Conversion Factors 2024 v1.1,https://www.gov.uk/government/collections/government-conversion-factors-for-company-reporting,2024,2024-10-01,2024-10-01,,,methodologies/scope-3-cat6-business-travel,2026-04-24
scope3-transport-delivery-vehicles-hgvs-refrigerated-all-diesel-articulated-33t-50-laden-defra--299,Delivery vehicles — HGVs refrigerated (all diesel) — Articulated (>33t) — 50% Laden (DEFRA 2024),scope3-distance,3,4,HGVs refrigerated (all diesel) — Articulated (>33t) — 50% Laden,1.56087,kg CO2e / miles,,,,Global,Global,"{GHG-Protocol,SB-253}",AR5,2,,DEFRA UK GHG Conversion Factors 2024 v1.1,https://www.gov.uk/government/collections/government-conversion-factors-for-company-reporting,2024,2024-10-01,2024-10-01,,,methodologies/scope-3-cat6-business-travel,2026-04-24
scope3-transport-delivery-vehicles-hgvs-refrigerated-all-diesel-articulated-33t-100-laden-defra-300,Delivery vehicles — HGVs refrigerated (all diesel) — Articulated (>33t) — 100% Laden (DEFRA 2024),scope3-distance,3,4,HGVs refrigerated (all diesel) — Articulated (>33t) — 100% Laden,1.94524,kg CO2e / miles,,,,Global,Global,"{GHG-Protocol,SB-253}",AR5,2,,DEFRA UK GHG Conversion Factors 2024 v1.1,https://www.gov.uk/government/collections/government-conversion-factors-for-company-reporting,2024,2024-10-01,2024-10-01,,,methodologies/scope-3-cat6-business-travel,2026-04-24
scope3-transport-delivery-vehicles-hgvs-refrigerated-all-diesel-articulated-33t-average-laden-d-301,Delivery vehicles — HGVs refrigerated (all diesel) — Articulated (>33t) — Average laden (DEFRA 2024),scope3-distance,3,4,HGVs refrigerated (all diesel) — Articulated (>33t) — Average laden,1.69924,kg CO2e / miles,,,,Global,Global,"{GHG-Protocol,SB-253}",AR5,2,,DEFRA UK GHG Conversion Factors 2024 v1.1,https://www.gov.uk/government/collections/government-conversion-factors-for-company-reporting,2024,2024-10-01,2024-10-01,,,methodologies/scope-3-cat6-business-travel,2026-04-24
scope3-transport-delivery-vehicles-hgvs-refrigerated-all-diesel-all-artics-0-laden-defra-2024,Delivery vehicles — HGVs refrigerated (all diesel) — All artics — 0% Laden (DEFRA 2024),scope3-distance,3,4,HGVs refrigerated (all diesel) — All artics — 0% Laden,0.73018,kg CO2e / km,,,,Global,Global,"{GHG-Protocol,SB-253}",AR5,2,,DEFRA UK GHG Conversion Factors 2024 v1.1,https://www.gov.uk/government/collections/government-conversion-factors-for-company-reporting,2024,2024-10-01,2024-10-01,,,methodologies/scope-3-cat6-business-travel,2026-04-24
scope3-transport-delivery-vehicles-hgvs-refrigerated-all-diesel-all-artics-50-laden-defra-2024,Delivery vehicles — HGVs refrigerated (all diesel) — All artics — 50% Laden (DEFRA 2024),scope3-distance,3,4,HGVs refrigerated (all diesel) — All artics — 50% Laden,0.96611,kg CO2e / km,,,,Global,Global,"{GHG-Protocol,SB-253}",AR5,2,,DEFRA UK GHG Conversion Factors 2024 v1.1,https://www.gov.uk/government/collections/government-conversion-factors-for-company-reporting,2024,2024-10-01,2024-10-01,,,methodologies/scope-3-cat6-business-travel,2026-04-24
scope3-transport-delivery-vehicles-hgvs-refrigerated-all-diesel-all-artics-100-laden-defra-2024,Delivery vehicles — HGVs refrigerated (all diesel) — All artics — 100% Laden (DEFRA 2024),scope3-distance,3,4,HGVs refrigerated (all diesel) — All artics — 100% Laden,1.20203,kg CO2e / km,,,,Global,Global,"{GHG-Protocol,SB-253}",AR5,2,,DEFRA UK GHG Conversion Factors 2024 v1.1,https://www.gov.uk/government/collections/government-conversion-factors-for-company-reporting,2024,2024-10-01,2024-10-01,,,methodologies/scope-3-cat6-business-travel,2026-04-24
scope3-transport-delivery-vehicles-hgvs-refrigerated-all-diesel-all-artics-average-laden-defra-2024,Delivery vehicles — HGVs refrigerated (all diesel) — All artics — Average laden (DEFRA 2024),scope3-distance,3,4,HGVs refrigerated (all diesel) — All artics — Average laden,1.04817,kg CO2e / km,,,,Global,Global,"{GHG-Protocol,SB-253}",AR5,2,,DEFRA UK GHG Conversion Factors 2024 v1.1,https://www.gov.uk/government/collections/government-conversion-factors-for-company-reporting,2024,2024-10-01,2024-10-01,,,methodologies/scope-3-cat6-business-travel,2026-04-24
scope3-transport-delivery-vehicles-hgvs-refrigerated-all-diesel-all-artics-0-laden-defra-2024-306,Delivery vehicles — HGVs refrigerated (all diesel) — All artics — 0% Laden (DEFRA 2024),scope3-distance,3,4,HGVs refrigerated (all diesel) — All artics — 0% Laden,1.17511,kg CO2e / miles,,,,Global,Global,"{GHG-Protocol,SB-253}",AR5,2,,DEFRA UK GHG Conversion Factors 2024 v1.1,https://www.gov.uk/government/collections/government-conversion-factors-for-company-reporting,2024,2024-10-01,2024-10-01,,,methodologies/scope-3-cat6-business-travel,2026-04-24
scope3-transport-delivery-vehicles-hgvs-refrigerated-all-diesel-all-artics-50-laden-defra-2024-307,Delivery vehicles — HGVs refrigerated (all diesel) — All artics — 50% Laden (DEFRA 2024),scope3-distance,3,4,HGVs refrigerated (all diesel) — All artics — 50% Laden,1.55479,kg CO2e / miles,,,,Global,Global,"{GHG-Protocol,SB-253}",AR5,2,,DEFRA UK GHG Conversion Factors 2024 v1.1,https://www.gov.uk/government/collections/government-conversion-factors-for-company-reporting,2024,2024-10-01,2024-10-01,,,methodologies/scope-3-cat6-business-travel,2026-04-24
scope3-transport-delivery-vehicles-hgvs-refrigerated-all-diesel-all-artics-100-laden-defra-2024-308,Delivery vehicles — HGVs refrigerated (all diesel) — All artics — 100% Laden (DEFRA 2024),scope3-distance,3,4,HGVs refrigerated (all diesel) — All artics — 100% Laden,1.93447,kg CO2e / miles,,,,Global,Global,"{GHG-Protocol,SB-253}",AR5,2,,DEFRA UK GHG Conversion Factors 2024 v1.1,https://www.gov.uk/government/collections/government-conversion-factors-for-company-reporting,2024,2024-10-01,2024-10-01,,,methodologies/scope-3-cat6-business-travel,2026-04-24
scope3-transport-delivery-vehicles-hgvs-refrigerated-all-diesel-all-artics-average-laden-defra--309,Delivery vehicles — HGVs refrigerated (all diesel) — All artics — Average laden (DEFRA 2024),scope3-distance,3,4,HGVs refrigerated (all diesel) — All artics — Average laden,1.68685,kg CO2e / miles,,,,Global,Global,"{GHG-Protocol,SB-253}",AR5,2,,DEFRA UK GHG Conversion Factors 2024 v1.1,https://www.gov.uk/government/collections/government-conversion-factors-for-company-reporting,2024,2024-10-01,2024-10-01,,,methodologies/scope-3-cat6-business-travel,2026-04-24
scope3-transport-delivery-vehicles-hgvs-refrigerated-all-diesel-all-hgvs-0-laden-defra-2024,Delivery vehicles — HGVs refrigerated (all diesel) — All HGVs — 0% Laden (DEFRA 2024),scope3-distance,3,4,HGVs refrigerated (all diesel) — All HGVs — 0% Laden,0.75351,kg CO2e / km,,,,Global,Global,"{GHG-Protocol,SB-253}",AR5,2,,DEFRA UK GHG Conversion Factors 2024 v1.1,https://www.gov.uk/government/collections/government-conversion-factors-for-company-reporting,2024,2024-10-01,2024-10-01,,,methodologies/scope-3-cat6-business-travel,2026-04-24
scope3-transport-delivery-vehicles-hgvs-refrigerated-all-diesel-all-hgvs-50-laden-defra-2024,Delivery vehicles — HGVs refrigerated (all diesel) — All HGVs — 50% Laden (DEFRA 2024),scope3-distance,3,4,HGVs refrigerated (all diesel) — All HGVs — 50% Laden,0.95446,kg CO2e / km,,,,Global,Global,"{GHG-Protocol,SB-253}",AR5,2,,DEFRA UK GHG Conversion Factors 2024 v1.1,https://www.gov.uk/government/collections/government-conversion-factors-for-company-reporting,2024,2024-10-01,2024-10-01,,,methodologies/scope-3-cat6-business-travel,2026-04-24
scope3-transport-delivery-vehicles-hgvs-refrigerated-all-diesel-all-hgvs-100-laden-defra-2024,Delivery vehicles — HGVs refrigerated (all diesel) — All HGVs — 100% Laden (DEFRA 2024),scope3-distance,3,4,HGVs refrigerated (all diesel) — All HGVs — 100% Laden,1.15542,kg CO2e / km,,,,Global,Global,"{GHG-Protocol,SB-253}",AR5,2,,DEFRA UK GHG Conversion Factors 2024 v1.1,https://www.gov.uk/government/collections/government-conversion-factors-for-company-reporting,2024,2024-10-01,2024-10-01,,,methodologies/scope-3-cat6-business-travel,2026-04-24
scope3-transport-delivery-vehicles-hgvs-refrigerated-all-diesel-all-hgvs-average-laden-defra-2024,Delivery vehicles — HGVs refrigerated (all diesel) — All HGVs — Average laden (DEFRA 2024),scope3-distance,3,4,HGVs refrigerated (all diesel) — All HGVs — Average laden,1.02228,kg CO2e / km,,,,Global,Global,"{GHG-Protocol,SB-253}",AR5,2,,DEFRA UK GHG Conversion Factors 2024 v1.1,https://www.gov.uk/government/collections/government-conversion-factors-for-company-reporting,2024,2024-10-01,2024-10-01,,,methodologies/scope-3-cat6-business-travel,2026-04-24
scope3-transport-delivery-vehicles-hgvs-refrigerated-all-diesel-all-hgvs-0-laden-defra-2024-314,Delivery vehicles — HGVs refrigerated (all diesel) — All HGVs — 0% Laden (DEFRA 2024),scope3-distance,3,4,HGVs refrigerated (all diesel) — All HGVs — 0% Laden,1.21266,kg CO2e / miles,,,,Global,Global,"{GHG-Protocol,SB-253}",AR5,2,,DEFRA UK GHG Conversion Factors 2024 v1.1,https://www.gov.uk/government/collections/government-conversion-factors-for-company-reporting,2024,2024-10-01,2024-10-01,,,methodologies/scope-3-cat6-business-travel,2026-04-24
scope3-transport-delivery-vehicles-hgvs-refrigerated-all-diesel-all-hgvs-50-laden-defra-2024-315,Delivery vehicles — HGVs refrigerated (all diesel) — All HGVs — 50% Laden (DEFRA 2024),scope3-distance,3,4,HGVs refrigerated (all diesel) — All HGVs — 50% Laden,1.53606,kg CO2e / miles,,,,Global,Global,"{GHG-Protocol,SB-253}",AR5,2,,DEFRA UK GHG Conversion Factors 2024 v1.1,https://www.gov.uk/government/collections/government-conversion-factors-for-company-reporting,2024,2024-10-01,2024-10-01,,,methodologies/scope-3-cat6-business-travel,2026-04-24
scope3-transport-delivery-vehicles-hgvs-refrigerated-all-diesel-all-hgvs-100-laden-defra-2024-316,Delivery vehicles — HGVs refrigerated (all diesel) — All HGVs — 100% Laden (DEFRA 2024),scope3-distance,3,4,HGVs refrigerated (all diesel) — All HGVs — 100% Laden,1.85946,kg CO2e / miles,,,,Global,Global,"{GHG-Protocol,SB-253}",AR5,2,,DEFRA UK GHG Conversion Factors 2024 v1.1,https://www.gov.uk/government/collections/government-conversion-factors-for-company-reporting,2024,2024-10-01,2024-10-01,,,methodologies/scope-3-cat6-business-travel,2026-04-24
scope3-transport-delivery-vehicles-hgvs-refrigerated-all-diesel-all-hgvs-average-laden-defra-20-317,Delivery vehicles — HGVs refrigerated (all diesel) — All HGVs — Average laden (DEFRA 2024),scope3-distance,3,4,HGVs refrigerated (all diesel) — All HGVs — Average laden,1.6452,kg CO2e / miles,,,,Global,Global,"{GHG-Protocol,SB-253}",AR5,2,,DEFRA UK GHG Conversion Factors 2024 v1.1,https://www.gov.uk/government/collections/government-conversion-factors-for-company-reporting,2024,2024-10-01,2024-10-01,,,methodologies/scope-3-cat6-business-travel,2026-04-24
scope3-transport-business-travel-air-flights-domestic-to-from-uk-average-passenger-with-rf-defra-202,"Business travel- air — Flights — Domestic, to/from UK — Average passenger — With RF (DEFRA 2024)",scope3-distance,3,6,"Flights — Domestic, to/from UK — Average passenger — With RF",0.27257,kg CO2e / passenger.km,,,,Global,Global,"{GHG-Protocol,SB-253}",AR5,2,,DEFRA UK GHG Conversion Factors 2024 v1.1,https://www.gov.uk/government/collections/government-conversion-factors-for-company-reporting,2024,2024-10-01,2024-10-01,,,methodologies/scope-3-cat6-business-travel,2026-04-24
scope3-transport-business-travel-air-flights-domestic-to-from-uk-average-passenger-without-rf-defra-,"Business travel- air — Flights — Domestic, to/from UK — Average passenger — Without RF (DEFRA 2024)",scope3-distance,3,6,"Flights — Domestic, to/from UK — Average passenger — Without RF",0.16098,kg CO2e / passenger.km,,,,Global,Global,"{GHG-Protocol,SB-253}",AR5,2,,DEFRA UK GHG Conversion Factors 2024 v1.1,https://www.gov.uk/government/collections/government-conversion-factors-for-company-reporting,2024,2024-10-01,2024-10-01,,,methodologies/scope-3-cat6-business-travel,2026-04-24
scope3-transport-business-travel-air-flights-short-haul-to-from-uk-average-passenger-with-rf-defra-2,"Business travel- air — Flights — Short-haul, to/from UK — Average passenger — With RF (DEFRA 2024)",scope3-distance,3,6,"Flights — Short-haul, to/from UK — Average passenger — With RF",0.18592,kg CO2e / passenger.km,,,,Global,Global,"{GHG-Protocol,SB-253}",AR5,2,,DEFRA UK GHG Conversion Factors 2024 v1.1,https://www.gov.uk/government/collections/government-conversion-factors-for-company-reporting,2024,2024-10-01,2024-10-01,,,methodologies/scope-3-cat6-business-travel,2026-04-24
scope3-transport-business-travel-air-flights-short-haul-to-from-uk-average-passenger-without-rf-defr,"Business travel- air — Flights — Short-haul, to/from UK — Average passenger — Without RF (DEFRA 2024)",scope3-distance,3,6,"Flights — Short-haul, to/from UK — Average passenger — Without RF",0.10974,kg CO2e / passenger.km,,,,Global,Global,"{GHG-Protocol,SB-253}",AR5,2,,DEFRA UK GHG Conversion Factors 2024 v1.1,https://www.gov.uk/government/collections/government-conversion-factors-for-company-reporting,2024,2024-10-01,2024-10-01,,,methodologies/scope-3-cat6-business-travel,2026-04-24
scope3-transport-business-travel-air-flights-short-haul-to-from-uk-economy-class-with-rf-defra-2024,"Business travel- air — Flights — Short-haul, to/from UK — Economy class — With RF (DEFRA 2024)",scope3-distance,3,6,"Flights — Short-haul, to/from UK — Economy class — With RF",0.18287,kg CO2e / passenger.km,,,,Global,Global,"{GHG-Protocol,SB-253}",AR5,2,,DEFRA UK GHG Conversion Factors 2024 v1.1,https://www.gov.uk/government/collections/government-conversion-factors-for-company-reporting,2024,2024-10-01,2024-10-01,,,methodologies/scope-3-cat6-business-travel,2026-04-24
scope3-transport-business-travel-air-flights-short-haul-to-from-uk-economy-class-without-rf-defra-20,"Business travel- air — Flights — Short-haul, to/from UK — Economy class — Without RF (DEFRA 2024)",scope3-distance,3,6,"Flights — Short-haul, to/from UK — Economy class — Without RF",0.10794,kg CO2e / passenger.km,,,,Global,Global,"{GHG-Protocol,SB-253}",AR5,2,,DEFRA UK GHG Conversion Factors 2024 v1.1,https://www.gov.uk/government/collections/government-conversion-factors-for-company-reporting,2024,2024-10-01,2024-10-01,,,methodologies/scope-3-cat6-business-travel,2026-04-24
scope3-transport-business-travel-air-flights-short-haul-to-from-uk-business-class-with-rf-defra-2024,"Business travel- air — Flights — Short-haul, to/from UK — Business class — With RF (DEFRA 2024)",scope3-distance,3,6,"Flights — Short-haul, to/from UK — Business class — With RF",0.2743,kg CO2e / passenger.km,,,,Global,Global,"{GHG-Protocol,SB-253}",AR5,2,,DEFRA UK GHG Conversion Factors 2024 v1.1,https://www.gov.uk/government/collections/government-conversion-factors-for-company-reporting,2024,2024-10-01,2024-10-01,,,methodologies/scope-3-cat6-business-travel,2026-04-24
scope3-transport-business-travel-air-flights-short-haul-to-from-uk-business-class-without-rf-defra-2,"Business travel- air — Flights — Short-haul, to/from UK — Business class — Without RF (DEFRA 2024)",scope3-distance,3,6,"Flights — Short-haul, to/from UK — Business class — Without RF",0.16191,kg CO2e / passenger.km,,,,Global,Global,"{GHG-Protocol,SB-253}",AR5,2,,DEFRA UK GHG Conversion Factors 2024 v1.1,https://www.gov.uk/government/collections/government-conversion-factors-for-company-reporting,2024,2024-10-01,2024-10-01,,,methodologies/scope-3-cat6-business-travel,2026-04-24
scope3-transport-business-travel-air-flights-long-haul-to-from-uk-average-passenger-with-rf-defra-20,"Business travel- air — Flights — Long-haul, to/from UK — Average passenger — With RF (DEFRA 2024)",scope3-distance,3,6,"Flights — Long-haul, to/from UK — Average passenger — With RF",0.26128,kg CO2e / passenger.km,,,,Global,Global,"{GHG-Protocol,SB-253}",AR5,2,,DEFRA UK GHG Conversion Factors 2024 v1.1,https://www.gov.uk/government/collections/government-conversion-factors-for-company-reporting,2024,2024-10-01,2024-10-01,,,methodologies/scope-3-cat6-business-travel,2026-04-24
scope3-transport-business-travel-air-flights-long-haul-to-from-uk-average-passenger-without-rf-defra,"Business travel- air — Flights — Long-haul, to/from UK — Average passenger — Without RF (DEFRA 2024)",scope3-distance,3,6,"Flights — Long-haul, to/from UK — Average passenger — Without RF",0.15423,kg CO2e / passenger.km,,,,Global,Global,"{GHG-Protocol,SB-253}",AR5,2,,DEFRA UK GHG Conversion Factors 2024 v1.1,https://www.gov.uk/government/collections/government-conversion-factors-for-company-reporting,2024,2024-10-01,2024-10-01,,,methodologies/scope-3-cat6-business-travel,2026-04-24
scope3-transport-business-travel-air-flights-long-haul-to-from-uk-economy-class-with-rf-defra-2024,"Business travel- air — Flights — Long-haul, to/from UK — Economy class — With RF (DEFRA 2024)",scope3-distance,3,6,"Flights — Long-haul, to/from UK — Economy class — With RF",0.20011,kg CO2e / passenger.km,,,,Global,Global,"{GHG-Protocol,SB-253}",AR5,2,,DEFRA UK GHG Conversion Factors 2024 v1.1,https://www.gov.uk/government/collections/government-conversion-factors-for-company-reporting,2024,2024-10-01,2024-10-01,,,methodologies/scope-3-cat6-business-travel,2026-04-24
scope3-transport-business-travel-air-flights-long-haul-to-from-uk-economy-class-without-rf-defra-202,"Business travel- air — Flights — Long-haul, to/from UK — Economy class — Without RF (DEFRA 2024)",scope3-distance,3,6,"Flights — Long-haul, to/from UK — Economy class — Without RF",0.11812,kg CO2e / passenger.km,,,,Global,Global,"{GHG-Protocol,SB-253}",AR5,2,,DEFRA UK GHG Conversion Factors 2024 v1.1,https://www.gov.uk/government/collections/government-conversion-factors-for-company-reporting,2024,2024-10-01,2024-10-01,,,methodologies/scope-3-cat6-business-travel,2026-04-24
scope3-transport-business-travel-air-flights-long-haul-to-from-uk-premium-economy-class-with-rf-defr,"Business travel- air — Flights — Long-haul, to/from UK — Premium economy class — With RF (DEFRA 2024)",scope3-distance,3,6,"Flights — Long-haul, to/from UK — Premium economy class — With RF",0.32015,kg CO2e / passenger.km,,,,Global,Global,"{GHG-Protocol,SB-253}",AR5,2,,DEFRA UK GHG Conversion Factors 2024 v1.1,https://www.gov.uk/government/collections/government-conversion-factors-for-company-reporting,2024,2024-10-01,2024-10-01,,,methodologies/scope-3-cat6-business-travel,2026-04-24
scope3-transport-business-travel-air-flights-long-haul-to-from-uk-premium-economy-class-without-r-de,"Business travel- air — Flights — Long-haul, to/from UK — Premium economy class — Without RF (DEFRA 2024)",scope3-distance,3,6,"Flights — Long-haul, to/from UK — Premium economy class — Without RF",0.18897,kg CO2e / passenger.km,,,,Global,Global,"{GHG-Protocol,SB-253}",AR5,2,,DEFRA UK GHG Conversion Factors 2024 v1.1,https://www.gov.uk/government/collections/government-conversion-factors-for-company-reporting,2024,2024-10-01,2024-10-01,,,methodologies/scope-3-cat6-business-travel,2026-04-24
scope3-transport-business-travel-air-flights-long-haul-to-from-uk-business-class-with-rf-defra-2024,"Business travel- air — Flights — Long-haul, to/from UK — Business class — With RF (DEFRA 2024)",scope3-distance,3,6,"Flights — Long-haul, to/from UK — Business class — With RF",0.58028,kg CO2e / passenger.km,,,,Global,Global,"{GHG-Protocol,SB-253}",AR5,2,,DEFRA UK GHG Conversion Factors 2024 v1.1,https://www.gov.uk/government/collections/government-conversion-factors-for-company-reporting,2024,2024-10-01,2024-10-01,,,methodologies/scope-3-cat6-business-travel,2026-04-24
scope3-transport-business-travel-air-flights-long-haul-to-from-uk-business-class-without-rf-defra-20,"Business travel- air — Flights — Long-haul, to/from UK — Business class — Without RF (DEFRA 2024)",scope3-distance,3,6,"Flights — Long-haul, to/from UK — Business class — Without RF",0.34252,kg CO2e / passenger.km,,,,Global,Global,"{GHG-Protocol,SB-253}",AR5,2,,DEFRA UK GHG Conversion Factors 2024 v1.1,https://www.gov.uk/government/collections/government-conversion-factors-for-company-reporting,2024,2024-10-01,2024-10-01,,,methodologies/scope-3-cat6-business-travel,2026-04-24
scope3-transport-business-travel-air-flights-long-haul-to-from-uk-first-class-with-rf-defra-2024,"Business travel- air — Flights — Long-haul, to/from UK — First class — With RF (DEFRA 2024)",scope3-distance,3,6,"Flights — Long-haul, to/from UK — First class — With RF",0.8004,kg CO2e / passenger.km,,,,Global,Global,"{GHG-Protocol,SB-253}",AR5,2,,DEFRA UK GHG Conversion Factors 2024 v1.1,https://www.gov.uk/government/collections/government-conversion-factors-for-company-reporting,2024,2024-10-01,2024-10-01,,,methodologies/scope-3-cat6-business-travel,2026-04-24
scope3-transport-business-travel-air-flights-long-haul-to-from-uk-first-class-without-rf-defra-2024,"Business travel- air — Flights — Long-haul, to/from UK — First class — Without RF (DEFRA 2024)",scope3-distance,3,6,"Flights — Long-haul, to/from UK — First class — Without RF",0.47246,kg CO2e / passenger.km,,,,Global,Global,"{GHG-Protocol,SB-253}",AR5,2,,DEFRA UK GHG Conversion Factors 2024 v1.1,https://www.gov.uk/government/collections/government-conversion-factors-for-company-reporting,2024,2024-10-01,2024-10-01,,,methodologies/scope-3-cat6-business-travel,2026-04-24
scope3-transport-business-travel-air-flights-international-to-from-non-uk-average-passenger-with--de,"Business travel- air — Flights — International, to/from non-UK — Average passenger — With RF (DEFRA 2024)",scope3-distance,3,6,"Flights — International, to/from non-UK — Average passenger — With RF",0.1758,kg CO2e / passenger.km,,,,Global,Global,"{GHG-Protocol,SB-253}",AR5,2,,DEFRA UK GHG Conversion Factors 2024 v1.1,https://www.gov.uk/government/collections/government-conversion-factors-for-company-reporting,2024,2024-10-01,2024-10-01,,,methodologies/scope-3-cat6-business-travel,2026-04-24
scope3-transport-business-travel-air-flights-international-to-from-non-uk-average-passenger-witho-de,"Business travel- air — Flights — International, to/from non-UK — Average passenger — Without RF (DEFRA 2024)",scope3-distance,3,6,"Flights — International, to/from non-UK — Average passenger — Without RF",0.10377,kg CO2e / passenger.km,,,,Global,Global,"{GHG-Protocol,SB-253}",AR5,2,,DEFRA UK GHG Conversion Factors 2024 v1.1,https://www.gov.uk/government/collections/government-conversion-factors-for-company-reporting,2024,2024-10-01,2024-10-01,,,methodologies/scope-3-cat6-business-travel,2026-04-24
scope3-transport-business-travel-air-flights-international-to-from-non-uk-economy-class-with-rf-defr,"Business travel- air — Flights — International, to/from non-UK — Economy class — With RF (DEFRA 2024)",scope3-distance,3,6,"Flights — International, to/from non-UK — Economy class — With RF",0.13465,kg CO2e / passenger.km,,,,Global,Global,"{GHG-Protocol,SB-253}",AR5,2,,DEFRA UK GHG Conversion Factors 2024 v1.1,https://www.gov.uk/government/collections/government-conversion-factors-for-company-reporting,2024,2024-10-01,2024-10-01,,,methodologies/scope-3-cat6-business-travel,2026-04-24
scope3-transport-business-travel-air-flights-international-to-from-non-uk-economy-class-without-r-de,"Business travel- air — Flights — International, to/from non-UK — Economy class — Without RF (DEFRA 2024)",scope3-distance,3,6,"Flights — International, to/from non-UK — Economy class — Without RF",0.07948,kg CO2e / passenger.km,,,,Global,Global,"{GHG-Protocol,SB-253}",AR5,2,,DEFRA UK GHG Conversion Factors 2024 v1.1,https://www.gov.uk/government/collections/government-conversion-factors-for-company-reporting,2024,2024-10-01,2024-10-01,,,methodologies/scope-3-cat6-business-travel,2026-04-24
scope3-transport-business-travel-air-flights-international-to-from-non-uk-premium-economy-class-w-de,"Business travel- air — Flights — International, to/from non-UK — Premium economy class — With RF (DEFRA 2024)",scope3-distance,3,6,"Flights — International, to/from non-UK — Premium economy class — With RF",0.21542,kg CO2e / passenger.km,,,,Global,Global,"{GHG-Protocol,SB-253}",AR5,2,,DEFRA UK GHG Conversion Factors 2024 v1.1,https://www.gov.uk/government/collections/government-conversion-factors-for-company-reporting,2024,2024-10-01,2024-10-01,,,methodologies/scope-3-cat6-business-travel,2026-04-24
scope3-transport-business-travel-air-flights-international-to-from-non-uk-premium-economy-class-341,"Business travel- air — Flights — International, to/from non-UK — Premium economy class — Without RF (DEFRA 2024)",scope3-distance,3,6,"Flights — International, to/from non-UK — Premium economy class — Without RF",0.12716,kg CO2e / passenger.km,,,,Global,Global,"{GHG-Protocol,SB-253}",AR5,2,,DEFRA UK GHG Conversion Factors 2024 v1.1,https://www.gov.uk/government/collections/government-conversion-factors-for-company-reporting,2024,2024-10-01,2024-10-01,,,methodologies/scope-3-cat6-business-travel,2026-04-24
scope3-transport-business-travel-air-flights-international-to-from-non-uk-business-class-with-rf-def,"Business travel- air — Flights — International, to/from non-UK — Business class — With RF (DEFRA 2024)",scope3-distance,3,6,"Flights — International, to/from non-UK — Business class — With RF",0.39044,kg CO2e / passenger.km,,,,Global,Global,"{GHG-Protocol,SB-253}",AR5,2,,DEFRA UK GHG Conversion Factors 2024 v1.1,https://www.gov.uk/government/collections/government-conversion-factors-for-company-reporting,2024,2024-10-01,2024-10-01,,,methodologies/scope-3-cat6-business-travel,2026-04-24
scope3-transport-business-travel-air-flights-international-to-from-non-uk-business-class-without--de,"Business travel- air — Flights — International, to/from non-UK — Business class — Without RF (DEFRA 2024)",scope3-distance,3,6,"Flights — International, to/from non-UK — Business class — Without RF",0.23047,kg CO2e / passenger.km,,,,Global,Global,"{GHG-Protocol,SB-253}",AR5,2,,DEFRA UK GHG Conversion Factors 2024 v1.1,https://www.gov.uk/government/collections/government-conversion-factors-for-company-reporting,2024,2024-10-01,2024-10-01,,,methodologies/scope-3-cat6-business-travel,2026-04-24
scope3-transport-business-travel-air-flights-international-to-from-non-uk-first-class-with-rf-defra-,"Business travel- air — Flights — International, to/from non-UK — First class — With RF (DEFRA 2024)",scope3-distance,3,6,"Flights — International, to/from non-UK — First class — With RF",0.53854,kg CO2e / passenger.km,,,,Global,Global,"{GHG-Protocol,SB-253}",AR5,2,,DEFRA UK GHG Conversion Factors 2024 v1.1,https://www.gov.uk/government/collections/government-conversion-factors-for-company-reporting,2024,2024-10-01,2024-10-01,,,methodologies/scope-3-cat6-business-travel,2026-04-24
scope3-transport-business-travel-air-flights-international-to-from-non-uk-first-class-without-rf-def,"Business travel- air — Flights — International, to/from non-UK — First class — Without RF (DEFRA 2024)",scope3-distance,3,6,"Flights — International, to/from non-UK — First class — Without RF",0.31789,kg CO2e / passenger.km,,,,Global,Global,"{GHG-Protocol,SB-253}",AR5,2,,DEFRA UK GHG Conversion Factors 2024 v1.1,https://www.gov.uk/government/collections/government-conversion-factors-for-company-reporting,2024,2024-10-01,2024-10-01,,,methodologies/scope-3-cat6-business-travel,2026-04-24
scope3-transport-business-travel-sea-ferry-foot-passenger-defra-2024,Business travel- sea — Ferry — Foot passenger (DEFRA 2024),scope3-distance,3,6,Ferry — Foot passenger,0.01871,kg CO2e / passenger.km,,,,Global,Global,"{GHG-Protocol,SB-253}",AR5,2,,DEFRA UK GHG Conversion Factors 2024 v1.1,https://www.gov.uk/government/collections/government-conversion-factors-for-company-reporting,2024,2024-10-01,2024-10-01,,,methodologies/scope-3-cat6-business-travel,2026-04-24
scope3-transport-business-travel-sea-ferry-car-passenger-defra-2024,Business travel- sea — Ferry — Car passenger (DEFRA 2024),scope3-distance,3,6,Ferry — Car passenger,0.12933,kg CO2e / passenger.km,,,,Global,Global,"{GHG-Protocol,SB-253}",AR5,2,,DEFRA UK GHG Conversion Factors 2024 v1.1,https://www.gov.uk/government/collections/government-conversion-factors-for-company-reporting,2024,2024-10-01,2024-10-01,,,methodologies/scope-3-cat6-business-travel,2026-04-24
scope3-transport-business-travel-sea-ferry-average-all-passenger-defra-2024,Business travel- sea — Ferry — Average (all passenger) (DEFRA 2024),scope3-distance,3,6,Ferry — Average (all passenger),0.1127,kg CO2e / passenger.km,,,,Global,Global,"{GHG-Protocol,SB-253}",AR5,2,,DEFRA UK GHG Conversion Factors 2024 v1.1,https://www.gov.uk/government/collections/government-conversion-factors-for-company-reporting,2024,2024-10-01,2024-10-01,,,methodologies/scope-3-cat6-business-travel,2026-04-24
scope3-transport-business-travel-land-cars-by-market-segment-mini-diesel-defra-2024,Business travel- land — Cars (by market segment) — Mini — Diesel (DEFRA 2024),scope3-distance,3,6,Cars (by market segment) — Mini — Diesel,0.10764,kg CO2e / km,,,,Global,Global,"{GHG-Protocol,SB-253}",AR5,2,,DEFRA UK GHG Conversion Factors 2024 v1.1,https://www.gov.uk/government/collections/government-conversion-factors-for-company-reporting,2024,2024-10-01,2024-10-01,,,methodologies/scope-3-cat6-business-travel,2026-04-24
scope3-transport-business-travel-land-cars-by-market-segment-mini-petrol-defra-2024,Business travel- land — Cars (by market segment) — Mini — Petrol (DEFRA 2024),scope3-distance,3,6,Cars (by market segment) — Mini — Petrol,0.13087,kg CO2e / km,,,,Global,Global,"{GHG-Protocol,SB-253}",AR5,2,,DEFRA UK GHG Conversion Factors 2024 v1.1,https://www.gov.uk/government/collections/government-conversion-factors-for-company-reporting,2024,2024-10-01,2024-10-01,,,methodologies/scope-3-cat6-business-travel,2026-04-24
scope3-transport-business-travel-land-cars-by-market-segment-mini-unknown-defra-2024,Business travel- land — Cars (by market segment) — Mini — Unknown (DEFRA 2024),scope3-distance,3,6,Cars (by market segment) — Mini — Unknown,0.13073,kg CO2e / km,,,,Global,Global,"{GHG-Protocol,SB-253}",AR5,2,,DEFRA UK GHG Conversion Factors 2024 v1.1,https://www.gov.uk/government/collections/government-conversion-factors-for-company-reporting,2024,2024-10-01,2024-10-01,,,methodologies/scope-3-cat6-business-travel,2026-04-24
scope3-transport-business-travel-land-cars-by-market-segment-mini-battery-electric-vehicle-defra-202,Business travel- land — Cars (by market segment) — Mini — Battery Electric Vehicle (DEFRA 2024),scope3-distance,3,6,Cars (by market segment) — Mini — Battery Electric Vehicle,0.0385,kg CO2e / km,,,,Global,Global,"{GHG-Protocol,SB-253}",AR5,2,,DEFRA UK GHG Conversion Factors 2024 v1.1,https://www.gov.uk/government/collections/government-conversion-factors-for-company-reporting,2024,2024-10-01,2024-10-01,,,methodologies/scope-3-cat6-business-travel,2026-04-24
scope3-transport-business-travel-land-cars-by-market-segment-mini-diesel-defra-2024-353,Business travel- land — Cars (by market segment) — Mini — Diesel (DEFRA 2024),scope3-distance,3,6,Cars (by market segment) — Mini — Diesel,0.17325,kg CO2e / miles,,,,Global,Global,"{GHG-Protocol,SB-253}",AR5,2,,DEFRA UK GHG Conversion Factors 2024 v1.1,https://www.gov.uk/government/collections/government-conversion-factors-for-company-reporting,2024,2024-10-01,2024-10-01,,,methodologies/scope-3-cat6-business-travel,2026-04-24
scope3-transport-business-travel-land-cars-by-market-segment-mini-petrol-defra-2024-354,Business travel- land — Cars (by market segment) — Mini — Petrol (DEFRA 2024),scope3-distance,3,6,Cars (by market segment) — Mini — Petrol,0.21061,kg CO2e / miles,,,,Global,Global,"{GHG-Protocol,SB-253}",AR5,2,,DEFRA UK GHG Conversion Factors 2024 v1.1,https://www.gov.uk/government/collections/government-conversion-factors-for-company-reporting,2024,2024-10-01,2024-10-01,,,methodologies/scope-3-cat6-business-travel,2026-04-24
scope3-transport-business-travel-land-cars-by-market-segment-mini-unknown-defra-2024-355,Business travel- land — Cars (by market segment) — Mini — Unknown (DEFRA 2024),scope3-distance,3,6,Cars (by market segment) — Mini — Unknown,0.21038,kg CO2e / miles,,,,Global,Global,"{GHG-Protocol,SB-253}",AR5,2,,DEFRA UK GHG Conversion Factors 2024 v1.1,https://www.gov.uk/government/collections/government-conversion-factors-for-company-reporting,2024,2024-10-01,2024-10-01,,,methodologies/scope-3-cat6-business-travel,2026-04-24
scope3-transport-business-travel-land-cars-by-market-segment-mini-battery-electric-vehicle-defr-356,Business travel- land — Cars (by market segment) — Mini — Battery Electric Vehicle (DEFRA 2024),scope3-distance,3,6,Cars (by market segment) — Mini — Battery Electric Vehicle,0.06196,kg CO2e / miles,,,,Global,Global,"{GHG-Protocol,SB-253}",AR5,2,,DEFRA UK GHG Conversion Factors 2024 v1.1,https://www.gov.uk/government/collections/government-conversion-factors-for-company-reporting,2024,2024-10-01,2024-10-01,,,methodologies/scope-3-cat6-business-travel,2026-04-24
scope3-transport-business-travel-land-cars-by-market-segment-supermini-diesel-defra-2024,Business travel- land — Cars (by market segment) — Supermini — Diesel (DEFRA 2024),scope3-distance,3,6,Cars (by market segment) — Supermini — Diesel,0.13178,kg CO2e / km,,,,Global,Global,"{GHG-Protocol,SB-253}",AR5,2,,DEFRA UK GHG Conversion Factors 2024 v1.1,https://www.gov.uk/government/collections/government-conversion-factors-for-company-reporting,2024,2024-10-01,2024-10-01,,,methodologies/scope-3-cat6-business-travel,2026-04-24
scope3-transport-business-travel-land-cars-by-market-segment-supermini-petrol-defra-2024,Business travel- land — Cars (by market segment) — Supermini — Petrol (DEFRA 2024),scope3-distance,3,6,Cars (by market segment) — Supermini — Petrol,0.14387,kg CO2e / km,,,,Global,Global,"{GHG-Protocol,SB-253}",AR5,2,,DEFRA UK GHG Conversion Factors 2024 v1.1,https://www.gov.uk/government/collections/government-conversion-factors-for-company-reporting,2024,2024-10-01,2024-10-01,,,methodologies/scope-3-cat6-business-travel,2026-04-24
scope3-transport-business-travel-land-cars-by-market-segment-supermini-unknown-defra-2024,Business travel- land — Cars (by market segment) — Supermini — Unknown (DEFRA 2024),scope3-distance,3,6,Cars (by market segment) — Supermini — Unknown,0.14256,kg CO2e / km,,,,Global,Global,"{GHG-Protocol,SB-253}",AR5,2,,DEFRA UK GHG Conversion Factors 2024 v1.1,https://www.gov.uk/government/collections/government-conversion-factors-for-company-reporting,2024,2024-10-01,2024-10-01,,,methodologies/scope-3-cat6-business-travel,2026-04-24
scope3-transport-business-travel-land-cars-by-market-segment-supermini-plug-in-hybrid-electric-veh-d,Business travel- land — Cars (by market segment) — Supermini — Plug-in Hybrid Electric Vehicle (DEFRA 2024),scope3-distance,3,6,Cars (by market segment) — Supermini — Plug-in Hybrid Electric Vehicle,0.06078,kg CO2e / km,,,,Global,Global,"{GHG-Protocol,SB-253}",AR5,2,,DEFRA UK GHG Conversion Factors 2024 v1.1,https://www.gov.uk/government/collections/government-conversion-factors-for-company-reporting,2024,2024-10-01,2024-10-01,,,methodologies/scope-3-cat6-business-travel,2026-04-24
scope3-transport-business-travel-land-cars-by-market-segment-supermini-battery-electric-vehicle-defr,Business travel- land — Cars (by market segment) — Supermini — Battery Electric Vehicle (DEFRA 2024),scope3-distance,3,6,Cars (by market segment) — Supermini — Battery Electric Vehicle,0.0439,kg CO2e / km,,,,Global,Global,"{GHG-Protocol,SB-253}",AR5,2,,DEFRA UK GHG Conversion Factors 2024 v1.1,https://www.gov.uk/government/collections/government-conversion-factors-for-company-reporting,2024,2024-10-01,2024-10-01,,,methodologies/scope-3-cat6-business-travel,2026-04-24
scope3-transport-business-travel-land-cars-by-market-segment-supermini-diesel-defra-2024-362,Business travel- land — Cars (by market segment) — Supermini — Diesel (DEFRA 2024),scope3-distance,3,6,Cars (by market segment) — Supermini — Diesel,0.21209,kg CO2e / miles,,,,Global,Global,"{GHG-Protocol,SB-253}",AR5,2,,DEFRA UK GHG Conversion Factors 2024 v1.1,https://www.gov.uk/government/collections/government-conversion-factors-for-company-reporting,2024,2024-10-01,2024-10-01,,,methodologies/scope-3-cat6-business-travel,2026-04-24
scope3-transport-business-travel-land-cars-by-market-segment-supermini-petrol-defra-2024-363,Business travel- land — Cars (by market segment) — Supermini — Petrol (DEFRA 2024),scope3-distance,3,6,Cars (by market segment) — Supermini — Petrol,0.23153,kg CO2e / miles,,,,Global,Global,"{GHG-Protocol,SB-253}",AR5,2,,DEFRA UK GHG Conversion Factors 2024 v1.1,https://www.gov.uk/government/collections/government-conversion-factors-for-company-reporting,2024,2024-10-01,2024-10-01,,,methodologies/scope-3-cat6-business-travel,2026-04-24
scope3-transport-business-travel-land-cars-by-market-segment-supermini-unknown-defra-2024-364,Business travel- land — Cars (by market segment) — Supermini — Unknown (DEFRA 2024),scope3-distance,3,6,Cars (by market segment) — Supermini — Unknown,0.22942,kg CO2e / miles,,,,Global,Global,"{GHG-Protocol,SB-253}",AR5,2,,DEFRA UK GHG Conversion Factors 2024 v1.1,https://www.gov.uk/government/collections/government-conversion-factors-for-company-reporting,2024,2024-10-01,2024-10-01,,,methodologies/scope-3-cat6-business-travel,2026-04-24
scope3-transport-business-travel-land-cars-by-market-segment-supermini-plug-in-hybrid-electric--365,Business travel- land — Cars (by market segment) — Supermini — Plug-in Hybrid Electric Vehicle (DEFRA 2024),scope3-distance,3,6,Cars (by market segment) — Supermini — Plug-in Hybrid Electric Vehicle,0.09782,kg CO2e / miles,,,,Global,Global,"{GHG-Protocol,SB-253}",AR5,2,,DEFRA UK GHG Conversion Factors 2024 v1.1,https://www.gov.uk/government/collections/government-conversion-factors-for-company-reporting,2024,2024-10-01,2024-10-01,,,methodologies/scope-3-cat6-business-travel,2026-04-24
scope3-transport-business-travel-land-cars-by-market-segment-supermini-battery-electric-vehicle-366,Business travel- land — Cars (by market segment) — Supermini — Battery Electric Vehicle (DEFRA 2024),scope3-distance,3,6,Cars (by market segment) — Supermini — Battery Electric Vehicle,0.07065,kg CO2e / miles,,,,Global,Global,"{GHG-Protocol,SB-253}",AR5,2,,DEFRA UK GHG Conversion Factors 2024 v1.1,https://www.gov.uk/government/collections/government-conversion-factors-for-company-reporting,2024,2024-10-01,2024-10-01,,,methodologies/scope-3-cat6-business-travel,2026-04-24
scope3-transport-business-travel-land-cars-by-market-segment-lower-medium-diesel-defra-2024,Business travel- land — Cars (by market segment) — Lower medium — Diesel (DEFRA 2024),scope3-distance,3,6,Cars (by market segment) — Lower medium — Diesel,0.14288,kg CO2e / km,,,,Global,Global,"{GHG-Protocol,SB-253}",AR5,2,,DEFRA UK GHG Conversion Factors 2024 v1.1,https://www.gov.uk/government/collections/government-conversion-factors-for-company-reporting,2024,2024-10-01,2024-10-01,,,methodologies/scope-3-cat6-business-travel,2026-04-24
scope3-transport-business-travel-land-cars-by-market-segment-lower-medium-petrol-defra-2024,Business travel- land — Cars (by market segment) — Lower medium — Petrol (DEFRA 2024),scope3-distance,3,6,Cars (by market segment) — Lower medium — Petrol,0.16392,kg CO2e / km,,,,Global,Global,"{GHG-Protocol,SB-253}",AR5,2,,DEFRA UK GHG Conversion Factors 2024 v1.1,https://www.gov.uk/government/collections/government-conversion-factors-for-company-reporting,2024,2024-10-01,2024-10-01,,,methodologies/scope-3-cat6-business-travel,2026-04-24
scope3-transport-business-travel-land-cars-by-market-segment-lower-medium-unknown-defra-2024,Business travel- land — Cars (by market segment) — Lower medium — Unknown (DEFRA 2024),scope3-distance,3,6,Cars (by market segment) — Lower medium — Unknown,0.15504,kg CO2e / km,,,,Global,Global,"{GHG-Protocol,SB-253}",AR5,2,,DEFRA UK GHG Conversion Factors 2024 v1.1,https://www.gov.uk/government/collections/government-conversion-factors-for-company-reporting,2024,2024-10-01,2024-10-01,,,methodologies/scope-3-cat6-business-travel,2026-04-24
scope3-transport-business-travel-land-cars-by-market-segment-lower-medium-plug-in-hybrid-electric--d,Business travel- land — Cars (by market segment) — Lower medium — Plug-in Hybrid Electric Vehicle (DEFRA 2024),scope3-distance,3,6,Cars (by market segment) — Lower medium — Plug-in Hybrid Electric Vehicle,0.08914,kg CO2e / km,,,,Global,Global,"{GHG-Protocol,SB-253}",AR5,2,,DEFRA UK GHG Conversion Factors 2024 v1.1,https://www.gov.uk/government/collections/government-conversion-factors-for-company-reporting,2024,2024-10-01,2024-10-01,,,methodologies/scope-3-cat6-business-travel,2026-04-24
scope3-transport-business-travel-land-cars-by-market-segment-lower-medium-battery-electric-vehicle-d,Business travel- land — Cars (by market segment) — Lower medium — Battery Electric Vehicle (DEFRA 2024),scope3-distance,3,6,Cars (by market segment) — Lower medium — Battery Electric Vehicle,0.04615,kg CO2e / km,,,,Global,Global,"{GHG-Protocol,SB-253}",AR5,2,,DEFRA UK GHG Conversion Factors 2024 v1.1,https://www.gov.uk/government/collections/government-conversion-factors-for-company-reporting,2024,2024-10-01,2024-10-01,,,methodologies/scope-3-cat6-business-travel,2026-04-24
scope3-transport-business-travel-land-cars-by-market-segment-lower-medium-diesel-defra-2024-372,Business travel- land — Cars (by market segment) — Lower medium — Diesel (DEFRA 2024),scope3-distance,3,6,Cars (by market segment) — Lower medium — Diesel,0.22996,kg CO2e / miles,,,,Global,Global,"{GHG-Protocol,SB-253}",AR5,2,,DEFRA UK GHG Conversion Factors 2024 v1.1,https://www.gov.uk/government/collections/government-conversion-factors-for-company-reporting,2024,2024-10-01,2024-10-01,,,methodologies/scope-3-cat6-business-travel,2026-04-24
scope3-transport-business-travel-land-cars-by-market-segment-lower-medium-petrol-defra-2024-373,Business travel- land — Cars (by market segment) — Lower medium — Petrol (DEFRA 2024),scope3-distance,3,6,Cars (by market segment) — Lower medium — Petrol,0.2638,kg CO2e / miles,,,,Global,Global,"{GHG-Protocol,SB-253}",AR5,2,,DEFRA UK GHG Conversion Factors 2024 v1.1,https://www.gov.uk/government/collections/government-conversion-factors-for-company-reporting,2024,2024-10-01,2024-10-01,,,methodologies/scope-3-cat6-business-travel,2026-04-24
scope3-transport-business-travel-land-cars-by-market-segment-lower-medium-unknown-defra-2024-374,Business travel- land — Cars (by market segment) — Lower medium — Unknown (DEFRA 2024),scope3-distance,3,6,Cars (by market segment) — Lower medium — Unknown,0.24951,kg CO2e / miles,,,,Global,Global,"{GHG-Protocol,SB-253}",AR5,2,,DEFRA UK GHG Conversion Factors 2024 v1.1,https://www.gov.uk/government/collections/government-conversion-factors-for-company-reporting,2024,2024-10-01,2024-10-01,,,methodologies/scope-3-cat6-business-travel,2026-04-24
scope3-transport-business-travel-land-cars-by-market-segment-lower-medium-plug-in-hybrid-electr-375,Business travel- land — Cars (by market segment) — Lower medium — Plug-in Hybrid Electric Vehicle (DEFRA 2024),scope3-distance,3,6,Cars (by market segment) — Lower medium — Plug-in Hybrid Electric Vehicle,0.14346,kg CO2e / miles,,,,Global,Global,"{GHG-Protocol,SB-253}",AR5,2,,DEFRA UK GHG Conversion Factors 2024 v1.1,https://www.gov.uk/government/collections/government-conversion-factors-for-company-reporting,2024,2024-10-01,2024-10-01,,,methodologies/scope-3-cat6-business-travel,2026-04-24
scope3-transport-business-travel-land-cars-by-market-segment-lower-medium-battery-electric-vehi-376,Business travel- land — Cars (by market segment) — Lower medium — Battery Electric Vehicle (DEFRA 2024),scope3-distance,3,6,Cars (by market segment) — Lower medium — Battery Electric Vehicle,0.07428,kg CO2e / miles,,,,Global,Global,"{GHG-Protocol,SB-253}",AR5,2,,DEFRA UK GHG Conversion Factors 2024 v1.1,https://www.gov.uk/government/collections/government-conversion-factors-for-company-reporting,2024,2024-10-01,2024-10-01,,,methodologies/scope-3-cat6-business-travel,2026-04-24
scope3-transport-business-travel-land-cars-by-market-segment-upper-medium-diesel-defra-2024,Business travel- land — Cars (by market segment) — Upper medium — Diesel (DEFRA 2024),scope3-distance,3,6,Cars (by market segment) — Upper medium — Diesel,0.16048,kg CO2e / km,,,,Global,Global,"{GHG-Protocol,SB-253}",AR5,2,,DEFRA UK GHG Conversion Factors 2024 v1.1,https://www.gov.uk/government/collections/government-conversion-factors-for-company-reporting,2024,2024-10-01,2024-10-01,,,methodologies/scope-3-cat6-business-travel,2026-04-24
scope3-transport-business-travel-land-cars-by-market-segment-upper-medium-petrol-defra-2024,Business travel- land — Cars (by market segment) — Upper medium — Petrol (DEFRA 2024),scope3-distance,3,6,Cars (by market segment) — Upper medium — Petrol,0.18953,kg CO2e / km,,,,Global,Global,"{GHG-Protocol,SB-253}",AR5,2,,DEFRA UK GHG Conversion Factors 2024 v1.1,https://www.gov.uk/government/collections/government-conversion-factors-for-company-reporting,2024,2024-10-01,2024-10-01,,,methodologies/scope-3-cat6-business-travel,2026-04-24
scope3-transport-business-travel-land-cars-by-market-segment-upper-medium-unknown-defra-2024,Business travel- land — Cars (by market segment) — Upper medium — Unknown (DEFRA 2024),scope3-distance,3,6,Cars (by market segment) — Upper medium — Unknown,0.16763,kg CO2e / km,,,,Global,Global,"{GHG-Protocol,SB-253}",AR5,2,,DEFRA UK GHG Conversion Factors 2024 v1.1,https://www.gov.uk/government/collections/government-conversion-factors-for-company-reporting,2024,2024-10-01,2024-10-01,,,methodologies/scope-3-cat6-business-travel,2026-04-24
scope3-transport-business-travel-land-cars-by-market-segment-upper-medium-plug-in-hybrid-electric--d,Business travel- land — Cars (by market segment) — Upper medium — Plug-in Hybrid Electric Vehicle (DEFRA 2024),scope3-distance,3,6,Cars (by market segment) — Upper medium — Plug-in Hybrid Electric Vehicle,0.09706,kg CO2e / km,,,,Global,Global,"{GHG-Protocol,SB-253}",AR5,2,,DEFRA UK GHG Conversion Factors 2024 v1.1,https://www.gov.uk/government/collections/government-conversion-factors-for-company-reporting,2024,2024-10-01,2024-10-01,,,methodologies/scope-3-cat6-business-travel,2026-04-24
scope3-transport-business-travel-land-cars-by-market-segment-upper-medium-battery-electric-vehicle-d,Business travel- land — Cars (by market segment) — Upper medium — Battery Electric Vehicle (DEFRA 2024),scope3-distance,3,6,Cars (by market segment) — Upper medium — Battery Electric Vehicle,0.04707,kg CO2e / km,,,,Global,Global,"{GHG-Protocol,SB-253}",AR5,2,,DEFRA UK GHG Conversion Factors 2024 v1.1,https://www.gov.uk/government/collections/government-conversion-factors-for-company-reporting,2024,2024-10-01,2024-10-01,,,methodologies/scope-3-cat6-business-travel,2026-04-24
scope3-transport-business-travel-land-cars-by-market-segment-upper-medium-diesel-defra-2024-382,Business travel- land — Cars (by market segment) — Upper medium — Diesel (DEFRA 2024),scope3-distance,3,6,Cars (by market segment) — Upper medium — Diesel,0.25827,kg CO2e / miles,,,,Global,Global,"{GHG-Protocol,SB-253}",AR5,2,,DEFRA UK GHG Conversion Factors 2024 v1.1,https://www.gov.uk/government/collections/government-conversion-factors-for-company-reporting,2024,2024-10-01,2024-10-01,,,methodologies/scope-3-cat6-business-travel,2026-04-24
scope3-transport-business-travel-land-cars-by-market-segment-upper-medium-petrol-defra-2024-383,Business travel- land — Cars (by market segment) — Upper medium — Petrol (DEFRA 2024),scope3-distance,3,6,Cars (by market segment) — Upper medium — Petrol,0.30501,kg CO2e / miles,,,,Global,Global,"{GHG-Protocol,SB-253}",AR5,2,,DEFRA UK GHG Conversion Factors 2024 v1.1,https://www.gov.uk/government/collections/government-conversion-factors-for-company-reporting,2024,2024-10-01,2024-10-01,,,methodologies/scope-3-cat6-business-travel,2026-04-24
scope3-transport-business-travel-land-cars-by-market-segment-upper-medium-unknown-defra-2024-384,Business travel- land — Cars (by market segment) — Upper medium — Unknown (DEFRA 2024),scope3-distance,3,6,Cars (by market segment) — Upper medium — Unknown,0.26975,kg CO2e / miles,,,,Global,Global,"{GHG-Protocol,SB-253}",AR5,2,,DEFRA UK GHG Conversion Factors 2024 v1.1,https://www.gov.uk/government/collections/government-conversion-factors-for-company-reporting,2024,2024-10-01,2024-10-01,,,methodologies/scope-3-cat6-business-travel,2026-04-24
scope3-transport-business-travel-land-cars-by-market-segment-upper-medium-plug-in-hybrid-electr-385,Business travel- land — Cars (by market segment) — Upper medium — Plug-in Hybrid Electric Vehicle (DEFRA 2024),scope3-distance,3,6,Cars (by market segment) — Upper medium — Plug-in Hybrid Electric Vehicle,0.1562,kg CO2e / miles,,,,Global,Global,"{GHG-Protocol,SB-253}",AR5,2,,DEFRA UK GHG Conversion Factors 2024 v1.1,https://www.gov.uk/government/collections/government-conversion-factors-for-company-reporting,2024,2024-10-01,2024-10-01,,,methodologies/scope-3-cat6-business-travel,2026-04-24
scope3-transport-business-travel-land-cars-by-market-segment-upper-medium-battery-electric-vehi-386,Business travel- land — Cars (by market segment) — Upper medium — Battery Electric Vehicle (DEFRA 2024),scope3-distance,3,6,Cars (by market segment) — Upper medium — Battery Electric Vehicle,0.07574,kg CO2e / miles,,,,Global,Global,"{GHG-Protocol,SB-253}",AR5,2,,DEFRA UK GHG Conversion Factors 2024 v1.1,https://www.gov.uk/government/collections/government-conversion-factors-for-company-reporting,2024,2024-10-01,2024-10-01,,,methodologies/scope-3-cat6-business-travel,2026-04-24
scope3-transport-business-travel-land-cars-by-market-segment-executive-diesel-defra-2024,Business travel- land — Cars (by market segment) — Executive — Diesel (DEFRA 2024),scope3-distance,3,6,Cars (by market segment) — Executive — Diesel,0.17001,kg CO2e / km,,,,Global,Global,"{GHG-Protocol,SB-253}",AR5,2,,DEFRA UK GHG Conversion Factors 2024 v1.1,https://www.gov.uk/government/collections/government-conversion-factors-for-company-reporting,2024,2024-10-01,2024-10-01,,,methodologies/scope-3-cat6-business-travel,2026-04-24
scope3-transport-business-travel-land-cars-by-market-segment-executive-petrol-defra-2024,Business travel- land — Cars (by market segment) — Executive — Petrol (DEFRA 2024),scope3-distance,3,6,Cars (by market segment) — Executive — Petrol,0.20817,kg CO2e / km,,,,Global,Global,"{GHG-Protocol,SB-253}",AR5,2,,DEFRA UK GHG Conversion Factors 2024 v1.1,https://www.gov.uk/government/collections/government-conversion-factors-for-company-reporting,2024,2024-10-01,2024-10-01,,,methodologies/scope-3-cat6-business-travel,2026-04-24
scope3-transport-business-travel-land-cars-by-market-segment-executive-unknown-defra-2024,Business travel- land — Cars (by market segment) — Executive — Unknown (DEFRA 2024),scope3-distance,3,6,Cars (by market segment) — Executive — Unknown,0.17929,kg CO2e / km,,,,Global,Global,"{GHG-Protocol,SB-253}",AR5,2,,DEFRA UK GHG Conversion Factors 2024 v1.1,https://www.gov.uk/government/collections/government-conversion-factors-for-company-reporting,2024,2024-10-01,2024-10-01,,,methodologies/scope-3-cat6-business-travel,2026-04-24
scope3-transport-business-travel-land-cars-by-market-segment-executive-plug-in-hybrid-electric-veh-d,Business travel- land — Cars (by market segment) — Executive — Plug-in Hybrid Electric Vehicle (DEFRA 2024),scope3-distance,3,6,Cars (by market segment) — Executive — Plug-in Hybrid Electric Vehicle,0.09616,kg CO2e / km,,,,Global,Global,"{GHG-Protocol,SB-253}",AR5,2,,DEFRA UK GHG Conversion Factors 2024 v1.1,https://www.gov.uk/government/collections/government-conversion-factors-for-company-reporting,2024,2024-10-01,2024-10-01,,,methodologies/scope-3-cat6-business-travel,2026-04-24
scope3-transport-business-travel-land-cars-by-market-segment-executive-battery-electric-vehicle-defr,Business travel- land — Cars (by market segment) — Executive — Battery Electric Vehicle (DEFRA 2024),scope3-distance,3,6,Cars (by market segment) — Executive — Battery Electric Vehicle,0.04271,kg CO2e / km,,,,Global,Global,"{GHG-Protocol,SB-253}",AR5,2,,DEFRA UK GHG Conversion Factors 2024 v1.1,https://www.gov.uk/government/collections/government-conversion-factors-for-company-reporting,2024,2024-10-01,2024-10-01,,,methodologies/scope-3-cat6-business-travel,2026-04-24
scope3-transport-business-travel-land-cars-by-market-segment-executive-diesel-defra-2024-392,Business travel- land — Cars (by market segment) — Executive — Diesel (DEFRA 2024),scope3-distance,3,6,Cars (by market segment) — Executive — Diesel,0.27362,kg CO2e / miles,,,,Global,Global,"{GHG-Protocol,SB-253}",AR5,2,,DEFRA UK GHG Conversion Factors 2024 v1.1,https://www.gov.uk/government/collections/government-conversion-factors-for-company-reporting,2024,2024-10-01,2024-10-01,,,methodologies/scope-3-cat6-business-travel,2026-04-24
scope3-transport-business-travel-land-cars-by-market-segment-executive-petrol-defra-2024-393,Business travel- land — Cars (by market segment) — Executive — Petrol (DEFRA 2024),scope3-distance,3,6,Cars (by market segment) — Executive — Petrol,0.33501,kg CO2e / miles,,,,Global,Global,"{GHG-Protocol,SB-253}",AR5,2,,DEFRA UK GHG Conversion Factors 2024 v1.1,https://www.gov.uk/government/collections/government-conversion-factors-for-company-reporting,2024,2024-10-01,2024-10-01,,,methodologies/scope-3-cat6-business-travel,2026-04-24
scope3-transport-business-travel-land-cars-by-market-segment-executive-unknown-defra-2024-394,Business travel- land — Cars (by market segment) — Executive — Unknown (DEFRA 2024),scope3-distance,3,6,Cars (by market segment) — Executive — Unknown,0.28855,kg CO2e / miles,,,,Global,Global,"{GHG-Protocol,SB-253}",AR5,2,,DEFRA UK GHG Conversion Factors 2024 v1.1,https://www.gov.uk/government/collections/government-conversion-factors-for-company-reporting,2024,2024-10-01,2024-10-01,,,methodologies/scope-3-cat6-business-travel,2026-04-24
scope3-transport-business-travel-land-cars-by-market-segment-executive-plug-in-hybrid-electric--395,Business travel- land — Cars (by market segment) — Executive — Plug-in Hybrid Electric Vehicle (DEFRA 2024),scope3-distance,3,6,Cars (by market segment) — Executive — Plug-in Hybrid Electric Vehicle,0.15475,kg CO2e / miles,,,,Global,Global,"{GHG-Protocol,SB-253}",AR5,2,,DEFRA UK GHG Conversion Factors 2024 v1.1,https://www.gov.uk/government/collections/government-conversion-factors-for-company-reporting,2024,2024-10-01,2024-10-01,,,methodologies/scope-3-cat6-business-travel,2026-04-24
scope3-transport-business-travel-land-cars-by-market-segment-executive-battery-electric-vehicle-396,Business travel- land — Cars (by market segment) — Executive — Battery Electric Vehicle (DEFRA 2024),scope3-distance,3,6,Cars (by market segment) — Executive — Battery Electric Vehicle,0.06874,kg CO2e / miles,,,,Global,Global,"{GHG-Protocol,SB-253}",AR5,2,,DEFRA UK GHG Conversion Factors 2024 v1.1,https://www.gov.uk/government/collections/government-conversion-factors-for-company-reporting,2024,2024-10-01,2024-10-01,,,methodologies/scope-3-cat6-business-travel,2026-04-24
scope3-transport-business-travel-land-cars-by-market-segment-luxury-diesel-defra-2024,Business travel- land — Cars (by market segment) — Luxury — Diesel (DEFRA 2024),scope3-distance,3,6,Cars (by market segment) — Luxury — Diesel,0.20695,kg CO2e / km,,,,Global,Global,"{GHG-Protocol,SB-253}",AR5,2,,DEFRA UK GHG Conversion Factors 2024 v1.1,https://www.gov.uk/government/collections/government-conversion-factors-for-company-reporting,2024,2024-10-01,2024-10-01,,,methodologies/scope-3-cat6-business-travel,2026-04-24
scope3-transport-business-travel-land-cars-by-market-segment-luxury-petrol-defra-2024,Business travel- land — Cars (by market segment) — Luxury — Petrol (DEFRA 2024),scope3-distance,3,6,Cars (by market segment) — Luxury — Petrol,0.31949,kg CO2e / km,,,,Global,Global,"{GHG-Protocol,SB-253}",AR5,2,,DEFRA UK GHG Conversion Factors 2024 v1.1,https://www.gov.uk/government/collections/government-conversion-factors-for-company-reporting,2024,2024-10-01,2024-10-01,,,methodologies/scope-3-cat6-business-travel,2026-04-24
scope3-transport-business-travel-land-cars-by-market-segment-luxury-unknown-defra-2024,Business travel- land — Cars (by market segment) — Luxury — Unknown (DEFRA 2024),scope3-distance,3,6,Cars (by market segment) — Luxury — Unknown,0.25825,kg CO2e / km,,,,Global,Global,"{GHG-Protocol,SB-253}",AR5,2,,DEFRA UK GHG Conversion Factors 2024 v1.1,https://www.gov.uk/government/collections/government-conversion-factors-for-company-reporting,2024,2024-10-01,2024-10-01,,,methodologies/scope-3-cat6-business-travel,2026-04-24
scope3-transport-business-travel-land-cars-by-market-segment-luxury-plug-in-hybrid-electric-vehicl-d,Business travel- land — Cars (by market segment) — Luxury — Plug-in Hybrid Electric Vehicle (DEFRA 2024),scope3-distance,3,6,Cars (by market segment) — Luxury — Plug-in Hybrid Electric Vehicle,0.13245,kg CO2e / km,,,,Global,Global,"{GHG-Protocol,SB-253}",AR5,2,,DEFRA UK GHG Conversion Factors 2024 v1.1,https://www.gov.uk/government/collections/government-conversion-factors-for-company-reporting,2024,2024-10-01,2024-10-01,,,methodologies/scope-3-cat6-business-travel,2026-04-24
scope3-transport-business-travel-land-cars-by-market-segment-luxury-battery-electric-vehicle-defra-2,Business travel- land — Cars (by market segment) — Luxury — Battery Electric Vehicle (DEFRA 2024),scope3-distance,3,6,Cars (by market segment) — Luxury — Battery Electric Vehicle,0.05749,kg CO2e / km,,,,Global,Global,"{GHG-Protocol,SB-253}",AR5,2,,DEFRA UK GHG Conversion Factors 2024 v1.1,https://www.gov.uk/government/collections/government-conversion-factors-for-company-reporting,2024,2024-10-01,2024-10-01,,,methodologies/scope-3-cat6-business-travel,2026-04-24
scope3-transport-business-travel-land-cars-by-market-segment-luxury-diesel-defra-2024-402,Business travel- land — Cars (by market segment) — Luxury — Diesel (DEFRA 2024),scope3-distance,3,6,Cars (by market segment) — Luxury — Diesel,0.33306,kg CO2e / miles,,,,Global,Global,"{GHG-Protocol,SB-253}",AR5,2,,DEFRA UK GHG Conversion Factors 2024 v1.1,https://www.gov.uk/government/collections/government-conversion-factors-for-company-reporting,2024,2024-10-01,2024-10-01,,,methodologies/scope-3-cat6-business-travel,2026-04-24
scope3-transport-business-travel-land-cars-by-market-segment-luxury-petrol-defra-2024-403,Business travel- land — Cars (by market segment) — Luxury — Petrol (DEFRA 2024),scope3-distance,3,6,Cars (by market segment) — Luxury — Petrol,0.51417,kg CO2e / miles,,,,Global,Global,"{GHG-Protocol,SB-253}",AR5,2,,DEFRA UK GHG Conversion Factors 2024 v1.1,https://www.gov.uk/government/collections/government-conversion-factors-for-company-reporting,2024,2024-10-01,2024-10-01,,,methodologies/scope-3-cat6-business-travel,2026-04-24
scope3-transport-business-travel-land-cars-by-market-segment-luxury-unknown-defra-2024-404,Business travel- land — Cars (by market segment) — Luxury — Unknown (DEFRA 2024),scope3-distance,3,6,Cars (by market segment) — Luxury — Unknown,0.41562,kg CO2e / miles,,,,Global,Global,"{GHG-Protocol,SB-253}",AR5,2,,DEFRA UK GHG Conversion Factors 2024 v1.1,https://www.gov.uk/government/collections/government-conversion-factors-for-company-reporting,2024,2024-10-01,2024-10-01,,,methodologies/scope-3-cat6-business-travel,2026-04-24
scope3-transport-business-travel-land-cars-by-market-segment-luxury-plug-in-hybrid-electric-veh-405,Business travel- land — Cars (by market segment) — Luxury — Plug-in Hybrid Electric Vehicle (DEFRA 2024),scope3-distance,3,6,Cars (by market segment) — Luxury — Plug-in Hybrid Electric Vehicle,0.21315,kg CO2e / miles,,,,Global,Global,"{GHG-Protocol,SB-253}",AR5,2,,DEFRA UK GHG Conversion Factors 2024 v1.1,https://www.gov.uk/government/collections/government-conversion-factors-for-company-reporting,2024,2024-10-01,2024-10-01,,,methodologies/scope-3-cat6-business-travel,2026-04-24
scope3-transport-business-travel-land-cars-by-market-segment-luxury-battery-electric-vehicle-de-406,Business travel- land — Cars (by market segment) — Luxury — Battery Electric Vehicle (DEFRA 2024),scope3-distance,3,6,Cars (by market segment) — Luxury — Battery Electric Vehicle,0.09251,kg CO2e / miles,,,,Global,Global,"{GHG-Protocol,SB-253}",AR5,2,,DEFRA UK GHG Conversion Factors 2024 v1.1,https://www.gov.uk/government/collections/government-conversion-factors-for-company-reporting,2024,2024-10-01,2024-10-01,,,methodologies/scope-3-cat6-business-travel,2026-04-24
scope3-transport-business-travel-land-cars-by-market-segment-sports-diesel-defra-2024,Business travel- land — Cars (by market segment) — Sports — Diesel (DEFRA 2024),scope3-distance,3,6,Cars (by market segment) — Sports — Diesel,0.17016,kg CO2e / km,,,,Global,Global,"{GHG-Protocol,SB-253}",AR5,2,,DEFRA UK GHG Conversion Factors 2024 v1.1,https://www.gov.uk/government/collections/government-conversion-factors-for-company-reporting,2024,2024-10-01,2024-10-01,,,methodologies/scope-3-cat6-business-travel,2026-04-24
scope3-transport-business-travel-land-cars-by-market-segment-sports-petrol-defra-2024,Business travel- land — Cars (by market segment) — Sports — Petrol (DEFRA 2024),scope3-distance,3,6,Cars (by market segment) — Sports — Petrol,0.23535,kg CO2e / km,,,,Global,Global,"{GHG-Protocol,SB-253}",AR5,2,,DEFRA UK GHG Conversion Factors 2024 v1.1,https://www.gov.uk/government/collections/government-conversion-factors-for-company-reporting,2024,2024-10-01,2024-10-01,,,methodologies/scope-3-cat6-business-travel,2026-04-24
scope3-transport-business-travel-land-cars-by-market-segment-sports-unknown-defra-2024,Business travel- land — Cars (by market segment) — Sports — Unknown (DEFRA 2024),scope3-distance,3,6,Cars (by market segment) — Sports — Unknown,0.22519,kg CO2e / km,,,,Global,Global,"{GHG-Protocol,SB-253}",AR5,2,,DEFRA UK GHG Conversion Factors 2024 v1.1,https://www.gov.uk/government/collections/government-conversion-factors-for-company-reporting,2024,2024-10-01,2024-10-01,,,methodologies/scope-3-cat6-business-travel,2026-04-24
scope3-transport-business-travel-land-cars-by-market-segment-sports-plug-in-hybrid-electric-vehicl-d,Business travel- land — Cars (by market segment) — Sports — Plug-in Hybrid Electric Vehicle (DEFRA 2024),scope3-distance,3,6,Cars (by market segment) — Sports — Plug-in Hybrid Electric Vehicle,0.13116,kg CO2e / km,,,,Global,Global,"{GHG-Protocol,SB-253}",AR5,2,,DEFRA UK GHG Conversion Factors 2024 v1.1,https://www.gov.uk/government/collections/government-conversion-factors-for-company-reporting,2024,2024-10-01,2024-10-01,,,methodologies/scope-3-cat6-business-travel,2026-04-24
scope3-transport-business-travel-land-cars-by-market-segment-sports-battery-electric-vehicle-defra-2,Business travel- land — Cars (by market segment) — Sports — Battery Electric Vehicle (DEFRA 2024),scope3-distance,3,6,Cars (by market segment) — Sports — Battery Electric Vehicle,0.07353,kg CO2e / km,,,,Global,Global,"{GHG-Protocol,SB-253}",AR5,2,,DEFRA UK GHG Conversion Factors 2024 v1.1,https://www.gov.uk/government/collections/government-conversion-factors-for-company-reporting,2024,2024-10-01,2024-10-01,,,methodologies/scope-3-cat6-business-travel,2026-04-24
scope3-transport-business-travel-land-cars-by-market-segment-sports-diesel-defra-2024-412,Business travel- land — Cars (by market segment) — Sports — Diesel (DEFRA 2024),scope3-distance,3,6,Cars (by market segment) — Sports — Diesel,0.27387,kg CO2e / miles,,,,Global,Global,"{GHG-Protocol,SB-253}",AR5,2,,DEFRA UK GHG Conversion Factors 2024 v1.1,https://www.gov.uk/government/collections/government-conversion-factors-for-company-reporting,2024,2024-10-01,2024-10-01,,,methodologies/scope-3-cat6-business-travel,2026-04-24
scope3-transport-business-travel-land-cars-by-market-segment-sports-petrol-defra-2024-413,Business travel- land — Cars (by market segment) — Sports — Petrol (DEFRA 2024),scope3-distance,3,6,Cars (by market segment) — Sports — Petrol,0.37875,kg CO2e / miles,,,,Global,Global,"{GHG-Protocol,SB-253}",AR5,2,,DEFRA UK GHG Conversion Factors 2024 v1.1,https://www.gov.uk/government/collections/government-conversion-factors-for-company-reporting,2024,2024-10-01,2024-10-01,,,methodologies/scope-3-cat6-business-travel,2026-04-24
scope3-transport-business-travel-land-cars-by-market-segment-sports-unknown-defra-2024-414,Business travel- land — Cars (by market segment) — Sports — Unknown (DEFRA 2024),scope3-distance,3,6,Cars (by market segment) — Sports — Unknown,0.36241,kg CO2e / miles,,,,Global,Global,"{GHG-Protocol,SB-253}",AR5,2,,DEFRA UK GHG Conversion Factors 2024 v1.1,https://www.gov.uk/government/collections/government-conversion-factors-for-company-reporting,2024,2024-10-01,2024-10-01,,,methodologies/scope-3-cat6-business-travel,2026-04-24
scope3-transport-business-travel-land-cars-by-market-segment-sports-plug-in-hybrid-electric-veh-415,Business travel- land — Cars (by market segment) — Sports — Plug-in Hybrid Electric Vehicle (DEFRA 2024),scope3-distance,3,6,Cars (by market segment) — Sports — Plug-in Hybrid Electric Vehicle,0.21107,kg CO2e / miles,,,,Global,Global,"{GHG-Protocol,SB-253}",AR5,2,,DEFRA UK GHG Conversion Factors 2024 v1.1,https://www.gov.uk/government/collections/government-conversion-factors-for-company-reporting,2024,2024-10-01,2024-10-01,,,methodologies/scope-3-cat6-business-travel,2026-04-24
scope3-transport-business-travel-land-cars-by-market-segment-sports-battery-electric-vehicle-de-416,Business travel- land — Cars (by market segment) — Sports — Battery Electric Vehicle (DEFRA 2024),scope3-distance,3,6,Cars (by market segment) — Sports — Battery Electric Vehicle,0.11832,kg CO2e / miles,,,,Global,Global,"{GHG-Protocol,SB-253}",AR5,2,,DEFRA UK GHG Conversion Factors 2024 v1.1,https://www.gov.uk/government/collections/government-conversion-factors-for-company-reporting,2024,2024-10-01,2024-10-01,,,methodologies/scope-3-cat6-business-travel,2026-04-24
scope3-transport-business-travel-land-cars-by-market-segment-dual-purpose-4x4-diesel-defra-2024,Business travel- land — Cars (by market segment) — Dual purpose 4X4 — Diesel (DEFRA 2024),scope3-distance,3,6,Cars (by market segment) — Dual purpose 4X4 — Diesel,0.19757,kg CO2e / km,,,,Global,Global,"{GHG-Protocol,SB-253}",AR5,2,,DEFRA UK GHG Conversion Factors 2024 v1.1,https://www.gov.uk/government/collections/government-conversion-factors-for-company-reporting,2024,2024-10-01,2024-10-01,,,methodologies/scope-3-cat6-business-travel,2026-04-24
scope3-transport-business-travel-land-cars-by-market-segment-dual-purpose-4x4-petrol-defra-2024,Business travel- land — Cars (by market segment) — Dual purpose 4X4 — Petrol (DEFRA 2024),scope3-distance,3,6,Cars (by market segment) — Dual purpose 4X4 — Petrol,0.19626,kg CO2e / km,,,,Global,Global,"{GHG-Protocol,SB-253}",AR5,2,,DEFRA UK GHG Conversion Factors 2024 v1.1,https://www.gov.uk/government/collections/government-conversion-factors-for-company-reporting,2024,2024-10-01,2024-10-01,,,methodologies/scope-3-cat6-business-travel,2026-04-24
scope3-transport-business-travel-land-cars-by-market-segment-dual-purpose-4x4-unknown-defra-2024,Business travel- land — Cars (by market segment) — Dual purpose 4X4 — Unknown (DEFRA 2024),scope3-distance,3,6,Cars (by market segment) — Dual purpose 4X4 — Unknown,0.19721,kg CO2e / km,,,,Global,Global,"{GHG-Protocol,SB-253}",AR5,2,,DEFRA UK GHG Conversion Factors 2024 v1.1,https://www.gov.uk/government/collections/government-conversion-factors-for-company-reporting,2024,2024-10-01,2024-10-01,,,methodologies/scope-3-cat6-business-travel,2026-04-24
scope3-transport-business-travel-land-cars-by-market-segment-dual-purpose-4x4-plug-in-hybrid-elect-d,Business travel- land — Cars (by market segment) — Dual purpose 4X4 — Plug-in Hybrid Electric Vehicle (DEFRA 2024),scope3-distance,3,6,Cars (by market segment) — Dual purpose 4X4 — Plug-in Hybrid Electric Vehicle,0.12239,kg CO2e / km,,,,Global,Global,"{GHG-Protocol,SB-253}",AR5,2,,DEFRA UK GHG Conversion Factors 2024 v1.1,https://www.gov.uk/government/collections/government-conversion-factors-for-company-reporting,2024,2024-10-01,2024-10-01,,,methodologies/scope-3-cat6-business-travel,2026-04-24
scope3-transport-business-travel-land-cars-by-market-segment-dual-purpose-4x4-battery-electric-veh-d,Business travel- land — Cars (by market segment) — Dual purpose 4X4 — Battery Electric Vehicle (DEFRA 2024),scope3-distance,3,6,Cars (by market segment) — Dual purpose 4X4 — Battery Electric Vehicle,0.05012,kg CO2e / km,,,,Global,Global,"{GHG-Protocol,SB-253}",AR5,2,,DEFRA UK GHG Conversion Factors 2024 v1.1,https://www.gov.uk/government/collections/government-conversion-factors-for-company-reporting,2024,2024-10-01,2024-10-01,,,methodologies/scope-3-cat6-business-travel,2026-04-24
scope3-transport-business-travel-land-cars-by-market-segment-dual-purpose-4x4-diesel-defra-2024-422,Business travel- land — Cars (by market segment) — Dual purpose 4X4 — Diesel (DEFRA 2024),scope3-distance,3,6,Cars (by market segment) — Dual purpose 4X4 — Diesel,0.31797,kg CO2e / miles,,,,Global,Global,"{GHG-Protocol,SB-253}",AR5,2,,DEFRA UK GHG Conversion Factors 2024 v1.1,https://www.gov.uk/government/collections/government-conversion-factors-for-company-reporting,2024,2024-10-01,2024-10-01,,,methodologies/scope-3-cat6-business-travel,2026-04-24
scope3-transport-business-travel-land-cars-by-market-segment-dual-purpose-4x4-petrol-defra-2024-423,Business travel- land — Cars (by market segment) — Dual purpose 4X4 — Petrol (DEFRA 2024),scope3-distance,3,6,Cars (by market segment) — Dual purpose 4X4 — Petrol,0.31585,kg CO2e / miles,,,,Global,Global,"{GHG-Protocol,SB-253}",AR5,2,,DEFRA UK GHG Conversion Factors 2024 v1.1,https://www.gov.uk/government/collections/government-conversion-factors-for-company-reporting,2024,2024-10-01,2024-10-01,,,methodologies/scope-3-cat6-business-travel,2026-04-24
scope3-transport-business-travel-land-cars-by-market-segment-dual-purpose-4x4-unknown-defra-202-424,Business travel- land — Cars (by market segment) — Dual purpose 4X4 — Unknown (DEFRA 2024),scope3-distance,3,6,Cars (by market segment) — Dual purpose 4X4 — Unknown,0.31737,kg CO2e / miles,,,,Global,Global,"{GHG-Protocol,SB-253}",AR5,2,,DEFRA UK GHG Conversion Factors 2024 v1.1,https://www.gov.uk/government/collections/government-conversion-factors-for-company-reporting,2024,2024-10-01,2024-10-01,,,methodologies/scope-3-cat6-business-travel,2026-04-24
scope3-transport-business-travel-land-cars-by-market-segment-dual-purpose-4x4-plug-in-hybrid-el-425,Business travel- land — Cars (by market segment) — Dual purpose 4X4 — Plug-in Hybrid Electric Vehicle (DEFRA 2024),scope3-distance,3,6,Cars (by market segment) — Dual purpose 4X4 — Plug-in Hybrid Electric Vehicle,0.19698,kg CO2e / miles,,,,Global,Global,"{GHG-Protocol,SB-253}",AR5,2,,DEFRA UK GHG Conversion Factors 2024 v1.1,https://www.gov.uk/government/collections/government-conversion-factors-for-company-reporting,2024,2024-10-01,2024-10-01,,,methodologies/scope-3-cat6-business-travel,2026-04-24
scope3-transport-business-travel-land-cars-by-market-segment-dual-purpose-4x4-battery-electric--426,Business travel- land — Cars (by market segment) — Dual purpose 4X4 — Battery Electric Vehicle (DEFRA 2024),scope3-distance,3,6,Cars (by market segment) — Dual purpose 4X4 — Battery Electric Vehicle,0.08066,kg CO2e / miles,,,,Global,Global,"{GHG-Protocol,SB-253}",AR5,2,,DEFRA UK GHG Conversion Factors 2024 v1.1,https://www.gov.uk/government/collections/government-conversion-factors-for-company-reporting,2024,2024-10-01,2024-10-01,,,methodologies/scope-3-cat6-business-travel,2026-04-24
scope3-transport-business-travel-land-cars-by-market-segment-mpv-diesel-defra-2024,Business travel- land — Cars (by market segment) — MPV — Diesel (DEFRA 2024),scope3-distance,3,6,Cars (by market segment) — MPV — Diesel,0.17751,kg CO2e / km,,,,Global,Global,"{GHG-Protocol,SB-253}",AR5,2,,DEFRA UK GHG Conversion Factors 2024 v1.1,https://www.gov.uk/government/collections/government-conversion-factors-for-company-reporting,2024,2024-10-01,2024-10-01,,,methodologies/scope-3-cat6-business-travel,2026-04-24
scope3-transport-business-travel-land-cars-by-market-segment-mpv-petrol-defra-2024,Business travel- land — Cars (by market segment) — MPV — Petrol (DEFRA 2024),scope3-distance,3,6,Cars (by market segment) — MPV — Petrol,0.18287,kg CO2e / km,,,,Global,Global,"{GHG-Protocol,SB-253}",AR5,2,,DEFRA UK GHG Conversion Factors 2024 v1.1,https://www.gov.uk/government/collections/government-conversion-factors-for-company-reporting,2024,2024-10-01,2024-10-01,,,methodologies/scope-3-cat6-business-travel,2026-04-24
scope3-transport-business-travel-land-cars-by-market-segment-mpv-unknown-defra-2024,Business travel- land — Cars (by market segment) — MPV — Unknown (DEFRA 2024),scope3-distance,3,6,Cars (by market segment) — MPV — Unknown,0.17891,kg CO2e / km,,,,Global,Global,"{GHG-Protocol,SB-253}",AR5,2,,DEFRA UK GHG Conversion Factors 2024 v1.1,https://www.gov.uk/government/collections/government-conversion-factors-for-company-reporting,2024,2024-10-01,2024-10-01,,,methodologies/scope-3-cat6-business-travel,2026-04-24
scope3-transport-business-travel-land-cars-by-market-segment-mpv-plug-in-hybrid-electric-vehicle-def,Business travel- land — Cars (by market segment) — MPV — Plug-in Hybrid Electric Vehicle (DEFRA 2024),scope3-distance,3,6,Cars (by market segment) — MPV — Plug-in Hybrid Electric Vehicle,0.10178,kg CO2e / km,,,,Global,Global,"{GHG-Protocol,SB-253}",AR5,2,,DEFRA UK GHG Conversion Factors 2024 v1.1,https://www.gov.uk/government/collections/government-conversion-factors-for-company-reporting,2024,2024-10-01,2024-10-01,,,methodologies/scope-3-cat6-business-travel,2026-04-24
scope3-transport-business-travel-land-cars-by-market-segment-mpv-battery-electric-vehicle-defra-2024,Business travel- land — Cars (by market segment) — MPV — Battery Electric Vehicle (DEFRA 2024),scope3-distance,3,6,Cars (by market segment) — MPV — Battery Electric Vehicle,0.06576,kg CO2e / km,,,,Global,Global,"{GHG-Protocol,SB-253}",AR5,2,,DEFRA UK GHG Conversion Factors 2024 v1.1,https://www.gov.uk/government/collections/government-conversion-factors-for-company-reporting,2024,2024-10-01,2024-10-01,,,methodologies/scope-3-cat6-business-travel,2026-04-24
scope3-transport-business-travel-land-cars-by-market-segment-mpv-diesel-defra-2024-432,Business travel- land — Cars (by market segment) — MPV — Diesel (DEFRA 2024),scope3-distance,3,6,Cars (by market segment) — MPV — Diesel,0.28569,kg CO2e / miles,,,,Global,Global,"{GHG-Protocol,SB-253}",AR5,2,,DEFRA UK GHG Conversion Factors 2024 v1.1,https://www.gov.uk/government/collections/government-conversion-factors-for-company-reporting,2024,2024-10-01,2024-10-01,,,methodologies/scope-3-cat6-business-travel,2026-04-24
scope3-transport-business-travel-land-cars-by-market-segment-mpv-petrol-defra-2024-433,Business travel- land — Cars (by market segment) — MPV — Petrol (DEFRA 2024),scope3-distance,3,6,Cars (by market segment) — MPV — Petrol,0.2943,kg CO2e / miles,,,,Global,Global,"{GHG-Protocol,SB-253}",AR5,2,,DEFRA UK GHG Conversion Factors 2024 v1.1,https://www.gov.uk/government/collections/government-conversion-factors-for-company-reporting,2024,2024-10-01,2024-10-01,,,methodologies/scope-3-cat6-business-travel,2026-04-24
scope3-transport-business-travel-land-cars-by-market-segment-mpv-unknown-defra-2024-434,Business travel- land — Cars (by market segment) — MPV — Unknown (DEFRA 2024),scope3-distance,3,6,Cars (by market segment) — MPV — Unknown,0.28793,kg CO2e / miles,,,,Global,Global,"{GHG-Protocol,SB-253}",AR5,2,,DEFRA UK GHG Conversion Factors 2024 v1.1,https://www.gov.uk/government/collections/government-conversion-factors-for-company-reporting,2024,2024-10-01,2024-10-01,,,methodologies/scope-3-cat6-business-travel,2026-04-24
scope3-transport-business-travel-land-cars-by-market-segment-mpv-plug-in-hybrid-electric-vehicl-435,Business travel- land — Cars (by market segment) — MPV — Plug-in Hybrid Electric Vehicle (DEFRA 2024),scope3-distance,3,6,Cars (by market segment) — MPV — Plug-in Hybrid Electric Vehicle,0.16381,kg CO2e / miles,,,,Global,Global,"{GHG-Protocol,SB-253}",AR5,2,,DEFRA UK GHG Conversion Factors 2024 v1.1,https://www.gov.uk/government/collections/government-conversion-factors-for-company-reporting,2024,2024-10-01,2024-10-01,,,methodologies/scope-3-cat6-business-travel,2026-04-24
scope3-transport-business-travel-land-cars-by-market-segment-mpv-battery-electric-vehicle-defra-436,Business travel- land — Cars (by market segment) — MPV — Battery Electric Vehicle (DEFRA 2024),scope3-distance,3,6,Cars (by market segment) — MPV — Battery Electric Vehicle,0.10584,kg CO2e / miles,,,,Global,Global,"{GHG-Protocol,SB-253}",AR5,2,,DEFRA UK GHG Conversion Factors 2024 v1.1,https://www.gov.uk/government/collections/government-conversion-factors-for-company-reporting,2024,2024-10-01,2024-10-01,,,methodologies/scope-3-cat6-business-travel,2026-04-24
scope3-transport-business-travel-land-cars-by-size-small-car-diesel-defra-2024,Business travel- land — Cars (by size) — Small car — Diesel (DEFRA 2024),scope3-distance,3,6,Cars (by size) — Small car — Diesel,0.13994,kg CO2e / km,,,,Global,Global,"{GHG-Protocol,SB-253}",AR5,2,,DEFRA UK GHG Conversion Factors 2024 v1.1,https://www.gov.uk/government/collections/government-conversion-factors-for-company-reporting,2024,2024-10-01,2024-10-01,,,methodologies/scope-3-cat6-business-travel,2026-04-24
scope3-transport-business-travel-land-cars-by-size-small-car-petrol-defra-2024,Business travel- land — Cars (by size) — Small car — Petrol (DEFRA 2024),scope3-distance,3,6,Cars (by size) — Small car — Petrol,0.1437,kg CO2e / km,,,,Global,Global,"{GHG-Protocol,SB-253}",AR5,2,,DEFRA UK GHG Conversion Factors 2024 v1.1,https://www.gov.uk/government/collections/government-conversion-factors-for-company-reporting,2024,2024-10-01,2024-10-01,,,methodologies/scope-3-cat6-business-travel,2026-04-24
scope3-transport-business-travel-land-cars-by-size-small-car-hybrid-defra-2024,Business travel- land — Cars (by size) — Small car — Hybrid (DEFRA 2024),scope3-distance,3,6,Cars (by size) — Small car — Hybrid,0.11274,kg CO2e / km,,,,Global,Global,"{GHG-Protocol,SB-253}",AR5,2,,DEFRA UK GHG Conversion Factors 2024 v1.1,https://www.gov.uk/government/collections/government-conversion-factors-for-company-reporting,2024,2024-10-01,2024-10-01,,,methodologies/scope-3-cat6-business-travel,2026-04-24
scope3-transport-business-travel-land-cars-by-size-small-car-unknown-defra-2024,Business travel- land — Cars (by size) — Small car — Unknown (DEFRA 2024),scope3-distance,3,6,Cars (by size) — Small car — Unknown,0.14262,kg CO2e / km,,,,Global,Global,"{GHG-Protocol,SB-253}",AR5,2,,DEFRA UK GHG Conversion Factors 2024 v1.1,https://www.gov.uk/government/collections/government-conversion-factors-for-company-reporting,2024,2024-10-01,2024-10-01,,,methodologies/scope-3-cat6-business-travel,2026-04-24
scope3-transport-business-travel-land-cars-by-size-small-car-plug-in-hybrid-electric-vehicle-defra-2,Business travel- land — Cars (by size) — Small car — Plug-in Hybrid Electric Vehicle (DEFRA 2024),scope3-distance,3,6,Cars (by size) — Small car — Plug-in Hybrid Electric Vehicle,0.06078,kg CO2e / km,,,,Global,Global,"{GHG-Protocol,SB-253}",AR5,2,,DEFRA UK GHG Conversion Factors 2024 v1.1,https://www.gov.uk/government/collections/government-conversion-factors-for-company-reporting,2024,2024-10-01,2024-10-01,,,methodologies/scope-3-cat6-business-travel,2026-04-24
scope3-transport-business-travel-land-cars-by-size-small-car-battery-electric-vehicle-defra-2024,Business travel- land — Cars (by size) — Small car — Battery Electric Vehicle (DEFRA 2024),scope3-distance,3,6,Cars (by size) — Small car — Battery Electric Vehicle,0.04284,kg CO2e / km,,,,Global,Global,"{GHG-Protocol,SB-253}",AR5,2,,DEFRA UK GHG Conversion Factors 2024 v1.1,https://www.gov.uk/government/collections/government-conversion-factors-for-company-reporting,2024,2024-10-01,2024-10-01,,,methodologies/scope-3-cat6-business-travel,2026-04-24
scope3-transport-business-travel-land-cars-by-size-small-car-diesel-defra-2024-443,Business travel- land — Cars (by size) — Small car — Diesel (DEFRA 2024),scope3-distance,3,6,Cars (by size) — Small car — Diesel,0.22522,kg CO2e / miles,,,,Global,Global,"{GHG-Protocol,SB-253}",AR5,2,,DEFRA UK GHG Conversion Factors 2024 v1.1,https://www.gov.uk/government/collections/government-conversion-factors-for-company-reporting,2024,2024-10-01,2024-10-01,,,methodologies/scope-3-cat6-business-travel,2026-04-24
scope3-transport-business-travel-land-cars-by-size-small-car-petrol-defra-2024-444,Business travel- land — Cars (by size) — Small car — Petrol (DEFRA 2024),scope3-distance,3,6,Cars (by size) — Small car — Petrol,0.23126,kg CO2e / miles,,,,Global,Global,"{GHG-Protocol,SB-253}",AR5,2,,DEFRA UK GHG Conversion Factors 2024 v1.1,https://www.gov.uk/government/collections/government-conversion-factors-for-company-reporting,2024,2024-10-01,2024-10-01,,,methodologies/scope-3-cat6-business-travel,2026-04-24
scope3-transport-business-travel-land-cars-by-size-small-car-hybrid-defra-2024-445,Business travel- land — Cars (by size) — Small car — Hybrid (DEFRA 2024),scope3-distance,3,6,Cars (by size) — Small car — Hybrid,0.18143,kg CO2e / miles,,,,Global,Global,"{GHG-Protocol,SB-253}",AR5,2,,DEFRA UK GHG Conversion Factors 2024 v1.1,https://www.gov.uk/government/collections/government-conversion-factors-for-company-reporting,2024,2024-10-01,2024-10-01,,,methodologies/scope-3-cat6-business-travel,2026-04-24
scope3-transport-business-travel-land-cars-by-size-small-car-unknown-defra-2024-446,Business travel- land — Cars (by size) — Small car — Unknown (DEFRA 2024),scope3-distance,3,6,Cars (by size) — Small car — Unknown,0.22953,kg CO2e / miles,,,,Global,Global,"{GHG-Protocol,SB-253}",AR5,2,,DEFRA UK GHG Conversion Factors 2024 v1.1,https://www.gov.uk/government/collections/government-conversion-factors-for-company-reporting,2024,2024-10-01,2024-10-01,,,methodologies/scope-3-cat6-business-travel,2026-04-24
scope3-transport-business-travel-land-cars-by-size-small-car-plug-in-hybrid-electric-vehicle-de-447,Business travel- land — Cars (by size) — Small car — Plug-in Hybrid Electric Vehicle (DEFRA 2024),scope3-distance,3,6,Cars (by size) — Small car — Plug-in Hybrid Electric Vehicle,0.09782,kg CO2e / miles,,,,Global,Global,"{GHG-Protocol,SB-253}",AR5,2,,DEFRA UK GHG Conversion Factors 2024 v1.1,https://www.gov.uk/government/collections/government-conversion-factors-for-company-reporting,2024,2024-10-01,2024-10-01,,,methodologies/scope-3-cat6-business-travel,2026-04-24
scope3-transport-business-travel-land-cars-by-size-small-car-battery-electric-vehicle-defra-202-448,Business travel- land — Cars (by size) — Small car — Battery Electric Vehicle (DEFRA 2024),scope3-distance,3,6,Cars (by size) — Small car — Battery Electric Vehicle,0.06895,kg CO2e / miles,,,,Global,Global,"{GHG-Protocol,SB-253}",AR5,2,,DEFRA UK GHG Conversion Factors 2024 v1.1,https://www.gov.uk/government/collections/government-conversion-factors-for-company-reporting,2024,2024-10-01,2024-10-01,,,methodologies/scope-3-cat6-business-travel,2026-04-24
scope3-transport-business-travel-land-cars-by-size-medium-car-diesel-defra-2024,Business travel- land — Cars (by size) — Medium car — Diesel (DEFRA 2024),scope3-distance,3,6,Cars (by size) — Medium car — Diesel,0.16807,kg CO2e / km,,,,Global,Global,"{GHG-Protocol,SB-253}",AR5,2,,DEFRA UK GHG Conversion Factors 2024 v1.1,https://www.gov.uk/government/collections/government-conversion-factors-for-company-reporting,2024,2024-10-01,2024-10-01,,,methodologies/scope-3-cat6-business-travel,2026-04-24
scope3-transport-business-travel-land-cars-by-size-medium-car-petrol-defra-2024,Business travel- land — Cars (by size) — Medium car — Petrol (DEFRA 2024),scope3-distance,3,6,Cars (by size) — Medium car — Petrol,0.17726,kg CO2e / km,,,,Global,Global,"{GHG-Protocol,SB-253}",AR5,2,,DEFRA UK GHG Conversion Factors 2024 v1.1,https://www.gov.uk/government/collections/government-conversion-factors-for-company-reporting,2024,2024-10-01,2024-10-01,,,methodologies/scope-3-cat6-business-travel,2026-04-24
scope3-transport-business-travel-land-cars-by-size-medium-car-hybrid-defra-2024,Business travel- land — Cars (by size) — Medium car — Hybrid (DEFRA 2024),scope3-distance,3,6,Cars (by size) — Medium car — Hybrid,0.1149,kg CO2e / km,,,,Global,Global,"{GHG-Protocol,SB-253}",AR5,2,,DEFRA UK GHG Conversion Factors 2024 v1.1,https://www.gov.uk/government/collections/government-conversion-factors-for-company-reporting,2024,2024-10-01,2024-10-01,,,methodologies/scope-3-cat6-business-travel,2026-04-24
scope3-transport-business-travel-land-cars-by-size-medium-car-cng-defra-2024,Business travel- land — Cars (by size) — Medium car — CNG (DEFRA 2024),scope3-distance,3,6,Cars (by size) — Medium car — CNG,0.15682,kg CO2e / km,,,,Global,Global,"{GHG-Protocol,SB-253}",AR5,2,,DEFRA UK GHG Conversion Factors 2024 v1.1,https://www.gov.uk/government/collections/government-conversion-factors-for-company-reporting,2024,2024-10-01,2024-10-01,,,methodologies/scope-3-cat6-business-travel,2026-04-24
scope3-transport-business-travel-land-cars-by-size-medium-car-lpg-defra-2024,Business travel- land — Cars (by size) — Medium car — LPG (DEFRA 2024),scope3-distance,3,6,Cars (by size) — Medium car — LPG,0.17634,kg CO2e / km,,,,Global,Global,"{GHG-Protocol,SB-253}",AR5,2,,DEFRA UK GHG Conversion Factors 2024 v1.1,https://www.gov.uk/government/collections/government-conversion-factors-for-company-reporting,2024,2024-10-01,2024-10-01,,,methodologies/scope-3-cat6-business-travel,2026-04-24
scope3-transport-business-travel-land-cars-by-size-medium-car-unknown-defra-2024,Business travel- land — Cars (by size) — Medium car — Unknown (DEFRA 2024),scope3-distance,3,6,Cars (by size) — Medium car — Unknown,0.17256,kg CO2e / km,,,,Global,Global,"{GHG-Protocol,SB-253}",AR5,2,,DEFRA UK GHG Conversion Factors 2024 v1.1,https://www.gov.uk/government/collections/government-conversion-factors-for-company-reporting,2024,2024-10-01,2024-10-01,,,methodologies/scope-3-cat6-business-travel,2026-04-24
scope3-transport-business-travel-land-cars-by-size-medium-car-plug-in-hybrid-electric-vehicle-defra-,Business travel- land — Cars (by size) — Medium car — Plug-in Hybrid Electric Vehicle (DEFRA 2024),scope3-distance,3,6,Cars (by size) — Medium car — Plug-in Hybrid Electric Vehicle,0.09312,kg CO2e / km,,,,Global,Global,"{GHG-Protocol,SB-253}",AR5,2,,DEFRA UK GHG Conversion Factors 2024 v1.1,https://www.gov.uk/government/collections/government-conversion-factors-for-company-reporting,2024,2024-10-01,2024-10-01,,,methodologies/scope-3-cat6-business-travel,2026-04-24
scope3-transport-business-travel-land-cars-by-size-medium-car-battery-electric-vehicle-defra-2024,Business travel- land — Cars (by size) — Medium car — Battery Electric Vehicle (DEFRA 2024),scope3-distance,3,6,Cars (by size) — Medium car — Battery Electric Vehicle,0.04625,kg CO2e / km,,,,Global,Global,"{GHG-Protocol,SB-253}",AR5,2,,DEFRA UK GHG Conversion Factors 2024 v1.1,https://www.gov.uk/government/collections/government-conversion-factors-for-company-reporting,2024,2024-10-01,2024-10-01,,,methodologies/scope-3-cat6-business-travel,2026-04-24
scope3-transport-business-travel-land-cars-by-size-medium-car-diesel-defra-2024-457,Business travel- land — Cars (by size) — Medium car — Diesel (DEFRA 2024),scope3-distance,3,6,Cars (by size) — Medium car — Diesel,0.2705,kg CO2e / miles,,,,Global,Global,"{GHG-Protocol,SB-253}",AR5,2,,DEFRA UK GHG Conversion Factors 2024 v1.1,https://www.gov.uk/government/collections/government-conversion-factors-for-company-reporting,2024,2024-10-01,2024-10-01,,,methodologies/scope-3-cat6-business-travel,2026-04-24
scope3-transport-business-travel-land-cars-by-size-medium-car-petrol-defra-2024-458,Business travel- land — Cars (by size) — Medium car — Petrol (DEFRA 2024),scope3-distance,3,6,Cars (by size) — Medium car — Petrol,0.28526,kg CO2e / miles,,,,Global,Global,"{GHG-Protocol,SB-253}",AR5,2,,DEFRA UK GHG Conversion Factors 2024 v1.1,https://www.gov.uk/government/collections/government-conversion-factors-for-company-reporting,2024,2024-10-01,2024-10-01,,,methodologies/scope-3-cat6-business-travel,2026-04-24
scope3-transport-business-travel-land-cars-by-size-medium-car-hybrid-defra-2024-459,Business travel- land — Cars (by size) — Medium car — Hybrid (DEFRA 2024),scope3-distance,3,6,Cars (by size) — Medium car — Hybrid,0.18492,kg CO2e / miles,,,,Global,Global,"{GHG-Protocol,SB-253}",AR5,2,,DEFRA UK GHG Conversion Factors 2024 v1.1,https://www.gov.uk/government/collections/government-conversion-factors-for-company-reporting,2024,2024-10-01,2024-10-01,,,methodologies/scope-3-cat6-business-travel,2026-04-24
scope3-transport-business-travel-land-cars-by-size-medium-car-cng-defra-2024-460,Business travel- land — Cars (by size) — Medium car — CNG (DEFRA 2024),scope3-distance,3,6,Cars (by size) — Medium car — CNG,0.25238,kg CO2e / miles,,,,Global,Global,"{GHG-Protocol,SB-253}",AR5,2,,DEFRA UK GHG Conversion Factors 2024 v1.1,https://www.gov.uk/government/collections/government-conversion-factors-for-company-reporting,2024,2024-10-01,2024-10-01,,,methodologies/scope-3-cat6-business-travel,2026-04-24
scope3-transport-business-travel-land-cars-by-size-medium-car-lpg-defra-2024-461,Business travel- land — Cars (by size) — Medium car — LPG (DEFRA 2024),scope3-distance,3,6,Cars (by size) — Medium car — LPG,0.28378,kg CO2e / miles,,,,Global,Global,"{GHG-Protocol,SB-253}",AR5,2,,DEFRA UK GHG Conversion Factors 2024 v1.1,https://www.gov.uk/government/collections/government-conversion-factors-for-company-reporting,2024,2024-10-01,2024-10-01,,,methodologies/scope-3-cat6-business-travel,2026-04-24
scope3-transport-business-travel-land-cars-by-size-medium-car-unknown-defra-2024-462,Business travel- land — Cars (by size) — Medium car — Unknown (DEFRA 2024),scope3-distance,3,6,Cars (by size) — Medium car — Unknown,0.27771,kg CO2e / miles,,,,Global,Global,"{GHG-Protocol,SB-253}",AR5,2,,DEFRA UK GHG Conversion Factors 2024 v1.1,https://www.gov.uk/government/collections/government-conversion-factors-for-company-reporting,2024,2024-10-01,2024-10-01,,,methodologies/scope-3-cat6-business-travel,2026-04-24
scope3-transport-business-travel-land-cars-by-size-medium-car-plug-in-hybrid-electric-vehicle-d-463,Business travel- land — Cars (by size) — Medium car — Plug-in Hybrid Electric Vehicle (DEFRA 2024),scope3-distance,3,6,Cars (by size) — Medium car — Plug-in Hybrid Electric Vehicle,0.14985,kg CO2e / miles,,,,Global,Global,"{GHG-Protocol,SB-253}",AR5,2,,DEFRA UK GHG Conversion Factors 2024 v1.1,https://www.gov.uk/government/collections/government-conversion-factors-for-company-reporting,2024,2024-10-01,2024-10-01,,,methodologies/scope-3-cat6-business-travel,2026-04-24
scope3-transport-business-travel-land-cars-by-size-medium-car-battery-electric-vehicle-defra-20-464,Business travel- land — Cars (by size) — Medium car — Battery Electric Vehicle (DEFRA 2024),scope3-distance,3,6,Cars (by size) — Medium car — Battery Electric Vehicle,0.07443,kg CO2e / miles,,,,Global,Global,"{GHG-Protocol,SB-253}",AR5,2,,DEFRA UK GHG Conversion Factors 2024 v1.1,https://www.gov.uk/government/collections/government-conversion-factors-for-company-reporting,2024,2024-10-01,2024-10-01,,,methodologies/scope-3-cat6-business-travel,2026-04-24
scope3-transport-business-travel-land-cars-by-size-large-car-diesel-defra-2024,Business travel- land — Cars (by size) — Large car — Diesel (DEFRA 2024),scope3-distance,3,6,Cars (by size) — Large car — Diesel,0.20729,kg CO2e / km,,,,Global,Global,"{GHG-Protocol,SB-253}",AR5,2,,DEFRA UK GHG Conversion Factors 2024 v1.1,https://www.gov.uk/government/collections/government-conversion-factors-for-company-reporting,2024,2024-10-01,2024-10-01,,,methodologies/scope-3-cat6-business-travel,2026-04-24
scope3-transport-business-travel-land-cars-by-size-large-car-petrol-defra-2024,Business travel- land — Cars (by size) — Large car — Petrol (DEFRA 2024),scope3-distance,3,6,Cars (by size) — Large car — Petrol,0.26885,kg CO2e / km,,,,Global,Global,"{GHG-Protocol,SB-253}",AR5,2,,DEFRA UK GHG Conversion Factors 2024 v1.1,https://www.gov.uk/government/collections/government-conversion-factors-for-company-reporting,2024,2024-10-01,2024-10-01,,,methodologies/scope-3-cat6-business-travel,2026-04-24
scope3-transport-business-travel-land-cars-by-size-large-car-hybrid-defra-2024,Business travel- land — Cars (by size) — Large car — Hybrid (DEFRA 2024),scope3-distance,3,6,Cars (by size) — Large car — Hybrid,0.15486,kg CO2e / km,,,,Global,Global,"{GHG-Protocol,SB-253}",AR5,2,,DEFRA UK GHG Conversion Factors 2024 v1.1,https://www.gov.uk/government/collections/government-conversion-factors-for-company-reporting,2024,2024-10-01,2024-10-01,,,methodologies/scope-3-cat6-business-travel,2026-04-24
scope3-transport-business-travel-land-cars-by-size-large-car-cng-defra-2024,Business travel- land — Cars (by size) — Large car — CNG (DEFRA 2024),scope3-distance,3,6,Cars (by size) — Large car — CNG,0.23705,kg CO2e / km,,,,Global,Global,"{GHG-Protocol,SB-253}",AR5,2,,DEFRA UK GHG Conversion Factors 2024 v1.1,https://www.gov.uk/government/collections/government-conversion-factors-for-company-reporting,2024,2024-10-01,2024-10-01,,,methodologies/scope-3-cat6-business-travel,2026-04-24
scope3-transport-business-travel-land-cars-by-size-large-car-lpg-defra-2024,Business travel- land — Cars (by size) — Large car — LPG (DEFRA 2024),scope3-distance,3,6,Cars (by size) — Large car — LPG,0.26759,kg CO2e / km,,,,Global,Global,"{GHG-Protocol,SB-253}",AR5,2,,DEFRA UK GHG Conversion Factors 2024 v1.1,https://www.gov.uk/government/collections/government-conversion-factors-for-company-reporting,2024,2024-10-01,2024-10-01,,,methodologies/scope-3-cat6-business-travel,2026-04-24
scope3-transport-business-travel-land-cars-by-size-large-car-unknown-defra-2024,Business travel- land — Cars (by size) — Large car — Unknown (DEFRA 2024),scope3-distance,3,6,Cars (by size) — Large car — Unknown,0.22472,kg CO2e / km,,,,Global,Global,"{GHG-Protocol,SB-253}",AR5,2,,DEFRA UK GHG Conversion Factors 2024 v1.1,https://www.gov.uk/government/collections/government-conversion-factors-for-company-reporting,2024,2024-10-01,2024-10-01,,,methodologies/scope-3-cat6-business-travel,2026-04-24
scope3-transport-business-travel-land-cars-by-size-large-car-plug-in-hybrid-electric-vehicle-defra-2,Business travel- land — Cars (by size) — Large car — Plug-in Hybrid Electric Vehicle (DEFRA 2024),scope3-distance,3,6,Cars (by size) — Large car — Plug-in Hybrid Electric Vehicle,0.11923,kg CO2e / km,,,,Global,Global,"{GHG-Protocol,SB-253}",AR5,2,,DEFRA UK GHG Conversion Factors 2024 v1.1,https://www.gov.uk/government/collections/government-conversion-factors-for-company-reporting,2024,2024-10-01,2024-10-01,,,methodologies/scope-3-cat6-business-travel,2026-04-24
scope3-transport-business-travel-land-cars-by-size-large-car-battery-electric-vehicle-defra-2024,Business travel- land — Cars (by size) — Large car — Battery Electric Vehicle (DEFRA 2024),scope3-distance,3,6,Cars (by size) — Large car — Battery Electric Vehicle,0.04925,kg CO2e / km,,,,Global,Global,"{GHG-Protocol,SB-253}",AR5,2,,DEFRA UK GHG Conversion Factors 2024 v1.1,https://www.gov.uk/government/collections/government-conversion-factors-for-company-reporting,2024,2024-10-01,2024-10-01,,,methodologies/scope-3-cat6-business-travel,2026-04-24
scope3-transport-business-travel-land-cars-by-size-large-car-diesel-defra-2024-473,Business travel- land — Cars (by size) — Large car — Diesel (DEFRA 2024),scope3-distance,3,6,Cars (by size) — Large car — Diesel,0.33362,kg CO2e / miles,,,,Global,Global,"{GHG-Protocol,SB-253}",AR5,2,,DEFRA UK GHG Conversion Factors 2024 v1.1,https://www.gov.uk/government/collections/government-conversion-factors-for-company-reporting,2024,2024-10-01,2024-10-01,,,methodologies/scope-3-cat6-business-travel,2026-04-24
scope3-transport-business-travel-land-cars-by-size-large-car-petrol-defra-2024-474,Business travel- land — Cars (by size) — Large car — Petrol (DEFRA 2024),scope3-distance,3,6,Cars (by size) — Large car — Petrol,0.43267,kg CO2e / miles,,,,Global,Global,"{GHG-Protocol,SB-253}",AR5,2,,DEFRA UK GHG Conversion Factors 2024 v1.1,https://www.gov.uk/government/collections/government-conversion-factors-for-company-reporting,2024,2024-10-01,2024-10-01,,,methodologies/scope-3-cat6-business-travel,2026-04-24
scope3-transport-business-travel-land-cars-by-size-large-car-hybrid-defra-2024-475,Business travel- land — Cars (by size) — Large car — Hybrid (DEFRA 2024),scope3-distance,3,6,Cars (by size) — Large car — Hybrid,0.24921,kg CO2e / miles,,,,Global,Global,"{GHG-Protocol,SB-253}",AR5,2,,DEFRA UK GHG Conversion Factors 2024 v1.1,https://www.gov.uk/government/collections/government-conversion-factors-for-company-reporting,2024,2024-10-01,2024-10-01,,,methodologies/scope-3-cat6-business-travel,2026-04-24
scope3-transport-business-travel-land-cars-by-size-large-car-cng-defra-2024-476,Business travel- land — Cars (by size) — Large car — CNG (DEFRA 2024),scope3-distance,3,6,Cars (by size) — Large car — CNG,0.38151,kg CO2e / miles,,,,Global,Global,"{GHG-Protocol,SB-253}",AR5,2,,DEFRA UK GHG Conversion Factors 2024 v1.1,https://www.gov.uk/government/collections/government-conversion-factors-for-company-reporting,2024,2024-10-01,2024-10-01,,,methodologies/scope-3-cat6-business-travel,2026-04-24
scope3-transport-business-travel-land-cars-by-size-large-car-lpg-defra-2024-477,Business travel- land — Cars (by size) — Large car — LPG (DEFRA 2024),scope3-distance,3,6,Cars (by size) — Large car — LPG,0.43064,kg CO2e / miles,,,,Global,Global,"{GHG-Protocol,SB-253}",AR5,2,,DEFRA UK GHG Conversion Factors 2024 v1.1,https://www.gov.uk/government/collections/government-conversion-factors-for-company-reporting,2024,2024-10-01,2024-10-01,,,methodologies/scope-3-cat6-business-travel,2026-04-24
scope3-transport-business-travel-land-cars-by-size-large-car-unknown-defra-2024-478,Business travel- land — Cars (by size) — Large car — Unknown (DEFRA 2024),scope3-distance,3,6,Cars (by size) — Large car — Unknown,0.36164,kg CO2e / miles,,,,Global,Global,"{GHG-Protocol,SB-253}",AR5,2,,DEFRA UK GHG Conversion Factors 2024 v1.1,https://www.gov.uk/government/collections/government-conversion-factors-for-company-reporting,2024,2024-10-01,2024-10-01,,,methodologies/scope-3-cat6-business-travel,2026-04-24
scope3-transport-business-travel-land-cars-by-size-large-car-plug-in-hybrid-electric-vehicle-de-479,Business travel- land — Cars (by size) — Large car — Plug-in Hybrid Electric Vehicle (DEFRA 2024),scope3-distance,3,6,Cars (by size) — Large car — Plug-in Hybrid Electric Vehicle,0.1919,kg CO2e / miles,,,,Global,Global,"{GHG-Protocol,SB-253}",AR5,2,,DEFRA UK GHG Conversion Factors 2024 v1.1,https://www.gov.uk/government/collections/government-conversion-factors-for-company-reporting,2024,2024-10-01,2024-10-01,,,methodologies/scope-3-cat6-business-travel,2026-04-24
scope3-transport-business-travel-land-cars-by-size-large-car-battery-electric-vehicle-defra-202-480,Business travel- land — Cars (by size) — Large car — Battery Electric Vehicle (DEFRA 2024),scope3-distance,3,6,Cars (by size) — Large car — Battery Electric Vehicle,0.07925,kg CO2e / miles,,,,Global,Global,"{GHG-Protocol,SB-253}",AR5,2,,DEFRA UK GHG Conversion Factors 2024 v1.1,https://www.gov.uk/government/collections/government-conversion-factors-for-company-reporting,2024,2024-10-01,2024-10-01,,,methodologies/scope-3-cat6-business-travel,2026-04-24
scope3-transport-business-travel-land-cars-by-size-average-car-diesel-defra-2024,Business travel- land — Cars (by size) — Average car — Diesel (DEFRA 2024),scope3-distance,3,6,Cars (by size) — Average car — Diesel,0.16984,kg CO2e / km,,,,Global,Global,"{GHG-Protocol,SB-253}",AR5,2,,DEFRA UK GHG Conversion Factors 2024 v1.1,https://www.gov.uk/government/collections/government-conversion-factors-for-company-reporting,2024,2024-10-01,2024-10-01,,,methodologies/scope-3-cat6-business-travel,2026-04-24
scope3-transport-business-travel-land-cars-by-size-average-car-petrol-defra-2024,Business travel- land — Cars (by size) — Average car — Petrol (DEFRA 2024),scope3-distance,3,6,Cars (by size) — Average car — Petrol,0.1645,kg CO2e / km,,,,Global,Global,"{GHG-Protocol,SB-253}",AR5,2,,DEFRA UK GHG Conversion Factors 2024 v1.1,https://www.gov.uk/government/collections/government-conversion-factors-for-company-reporting,2024,2024-10-01,2024-10-01,,,methodologies/scope-3-cat6-business-travel,2026-04-24
scope3-transport-business-travel-land-cars-by-size-average-car-hybrid-defra-2024,Business travel- land — Cars (by size) — Average car — Hybrid (DEFRA 2024),scope3-distance,3,6,Cars (by size) — Average car — Hybrid,0.12607,kg CO2e / km,,,,Global,Global,"{GHG-Protocol,SB-253}",AR5,2,,DEFRA UK GHG Conversion Factors 2024 v1.1,https://www.gov.uk/government/collections/government-conversion-factors-for-company-reporting,2024,2024-10-01,2024-10-01,,,methodologies/scope-3-cat6-business-travel,2026-04-24
scope3-transport-business-travel-land-cars-by-size-average-car-cng-defra-2024,Business travel- land — Cars (by size) — Average car — CNG (DEFRA 2024),scope3-distance,3,6,Cars (by size) — Average car — CNG,0.17514,kg CO2e / km,,,,Global,Global,"{GHG-Protocol,SB-253}",AR5,2,,DEFRA UK GHG Conversion Factors 2024 v1.1,https://www.gov.uk/government/collections/government-conversion-factors-for-company-reporting,2024,2024-10-01,2024-10-01,,,methodologies/scope-3-cat6-business-travel,2026-04-24
scope3-transport-business-travel-land-cars-by-size-average-car-lpg-defra-2024,Business travel- land — Cars (by size) — Average car — LPG (DEFRA 2024),scope3-distance,3,6,Cars (by size) — Average car — LPG,0.19718,kg CO2e / km,,,,Global,Global,"{GHG-Protocol,SB-253}",AR5,2,,DEFRA UK GHG Conversion Factors 2024 v1.1,https://www.gov.uk/government/collections/government-conversion-factors-for-company-reporting,2024,2024-10-01,2024-10-01,,,methodologies/scope-3-cat6-business-travel,2026-04-24
scope3-transport-business-travel-land-cars-by-size-average-car-unknown-defra-2024,Business travel- land — Cars (by size) — Average car — Unknown (DEFRA 2024),scope3-distance,3,6,Cars (by size) — Average car — Unknown,0.16691,kg CO2e / km,,,,Global,Global,"{GHG-Protocol,SB-253}",AR5,2,,DEFRA UK GHG Conversion Factors 2024 v1.1,https://www.gov.uk/government/collections/government-conversion-factors-for-company-reporting,2024,2024-10-01,2024-10-01,,,methodologies/scope-3-cat6-business-travel,2026-04-24
scope3-transport-business-travel-land-cars-by-size-average-car-plug-in-hybrid-electric-vehicle-defra,Business travel- land — Cars (by size) — Average car — Plug-in Hybrid Electric Vehicle (DEFRA 2024),scope3-distance,3,6,Cars (by size) — Average car — Plug-in Hybrid Electric Vehicle,0.10853,kg CO2e / km,,,,Global,Global,"{GHG-Protocol,SB-253}",AR5,2,,DEFRA UK GHG Conversion Factors 2024 v1.1,https://www.gov.uk/government/collections/government-conversion-factors-for-company-reporting,2024,2024-10-01,2024-10-01,,,methodologies/scope-3-cat6-business-travel,2026-04-24
scope3-transport-business-travel-land-cars-by-size-average-car-battery-electric-vehicle-defra-2024,Business travel- land — Cars (by size) — Average car — Battery Electric Vehicle (DEFRA 2024),scope3-distance,3,6,Cars (by size) — Average car — Battery Electric Vehicle,0.04745,kg CO2e / km,,,,Global,Global,"{GHG-Protocol,SB-253}",AR5,2,,DEFRA UK GHG Conversion Factors 2024 v1.1,https://www.gov.uk/government/collections/government-conversion-factors-for-company-reporting,2024,2024-10-01,2024-10-01,,,methodologies/scope-3-cat6-business-travel,2026-04-24
scope3-transport-business-travel-land-cars-by-size-average-car-diesel-defra-2024-489,Business travel- land — Cars (by size) — Average car — Diesel (DEFRA 2024),scope3-distance,3,6,Cars (by size) — Average car — Diesel,0.27334,kg CO2e / miles,,,,Global,Global,"{GHG-Protocol,SB-253}",AR5,2,,DEFRA UK GHG Conversion Factors 2024 v1.1,https://www.gov.uk/government/collections/government-conversion-factors-for-company-reporting,2024,2024-10-01,2024-10-01,,,methodologies/scope-3-cat6-business-travel,2026-04-24
scope3-transport-business-travel-land-cars-by-size-average-car-petrol-defra-2024-490,Business travel- land — Cars (by size) — Average car — Petrol (DEFRA 2024),scope3-distance,3,6,Cars (by size) — Average car — Petrol,0.26473,kg CO2e / miles,,,,Global,Global,"{GHG-Protocol,SB-253}",AR5,2,,DEFRA UK GHG Conversion Factors 2024 v1.1,https://www.gov.uk/government/collections/government-conversion-factors-for-company-reporting,2024,2024-10-01,2024-10-01,,,methodologies/scope-3-cat6-business-travel,2026-04-24
scope3-transport-business-travel-land-cars-by-size-average-car-hybrid-defra-2024-491,Business travel- land — Cars (by size) — Average car — Hybrid (DEFRA 2024),scope3-distance,3,6,Cars (by size) — Average car — Hybrid,0.20288,kg CO2e / miles,,,,Global,Global,"{GHG-Protocol,SB-253}",AR5,2,,DEFRA UK GHG Conversion Factors 2024 v1.1,https://www.gov.uk/government/collections/government-conversion-factors-for-company-reporting,2024,2024-10-01,2024-10-01,,,methodologies/scope-3-cat6-business-travel,2026-04-24
scope3-transport-business-travel-land-cars-by-size-average-car-cng-defra-2024-492,Business travel- land — Cars (by size) — Average car — CNG (DEFRA 2024),scope3-distance,3,6,Cars (by size) — Average car — CNG,0.28187,kg CO2e / miles,,,,Global,Global,"{GHG-Protocol,SB-253}",AR5,2,,DEFRA UK GHG Conversion Factors 2024 v1.1,https://www.gov.uk/government/collections/government-conversion-factors-for-company-reporting,2024,2024-10-01,2024-10-01,,,methodologies/scope-3-cat6-business-travel,2026-04-24
scope3-transport-business-travel-land-cars-by-size-average-car-lpg-defra-2024-493,Business travel- land — Cars (by size) — Average car — LPG (DEFRA 2024),scope3-distance,3,6,Cars (by size) — Average car — LPG,0.31732,kg CO2e / miles,,,,Global,Global,"{GHG-Protocol,SB-253}",AR5,2,,DEFRA UK GHG Conversion Factors 2024 v1.1,https://www.gov.uk/government/collections/government-conversion-factors-for-company-reporting,2024,2024-10-01,2024-10-01,,,methodologies/scope-3-cat6-business-travel,2026-04-24
scope3-transport-business-travel-land-cars-by-size-average-car-unknown-defra-2024-494,Business travel- land — Cars (by size) — Average car — Unknown (DEFRA 2024),scope3-distance,3,6,Cars (by size) — Average car — Unknown,0.2686,kg CO2e / miles,,,,Global,Global,"{GHG-Protocol,SB-253}",AR5,2,,DEFRA UK GHG Conversion Factors 2024 v1.1,https://www.gov.uk/government/collections/government-conversion-factors-for-company-reporting,2024,2024-10-01,2024-10-01,,,methodologies/scope-3-cat6-business-travel,2026-04-24
scope3-transport-business-travel-land-cars-by-size-average-car-plug-in-hybrid-electric-vehicle--495,Business travel- land — Cars (by size) — Average car — Plug-in Hybrid Electric Vehicle (DEFRA 2024),scope3-distance,3,6,Cars (by size) — Average car — Plug-in Hybrid Electric Vehicle,0.17465,kg CO2e / miles,,,,Global,Global,"{GHG-Protocol,SB-253}",AR5,2,,DEFRA UK GHG Conversion Factors 2024 v1.1,https://www.gov.uk/government/collections/government-conversion-factors-for-company-reporting,2024,2024-10-01,2024-10-01,,,methodologies/scope-3-cat6-business-travel,2026-04-24
scope3-transport-business-travel-land-cars-by-size-average-car-battery-electric-vehicle-defra-2-496,Business travel- land — Cars (by size) — Average car — Battery Electric Vehicle (DEFRA 2024),scope3-distance,3,6,Cars (by size) — Average car — Battery Electric Vehicle,0.07636,kg CO2e / miles,,,,Global,Global,"{GHG-Protocol,SB-253}",AR5,2,,DEFRA UK GHG Conversion Factors 2024 v1.1,https://www.gov.uk/government/collections/government-conversion-factors-for-company-reporting,2024,2024-10-01,2024-10-01,,,methodologies/scope-3-cat6-business-travel,2026-04-24
scope3-transport-business-travel-land-motorbike-small-defra-2024,Business travel- land — Motorbike — Small (DEFRA 2024),scope3-distance,3,6,Motorbike — Small,0.08319,kg CO2e / km,,,,Global,Global,"{GHG-Protocol,SB-253}",AR5,2,,DEFRA UK GHG Conversion Factors 2024 v1.1,https://www.gov.uk/government/collections/government-conversion-factors-for-company-reporting,2024,2024-10-01,2024-10-01,,,methodologies/scope-3-cat6-business-travel,2026-04-24
scope3-transport-business-travel-land-motorbike-small-defra-2024-498,Business travel- land — Motorbike — Small (DEFRA 2024),scope3-distance,3,6,Motorbike — Small,0.13389,kg CO2e / miles,,,,Global,Global,"{GHG-Protocol,SB-253}",AR5,2,,DEFRA UK GHG Conversion Factors 2024 v1.1,https://www.gov.uk/government/collections/government-conversion-factors-for-company-reporting,2024,2024-10-01,2024-10-01,,,methodologies/scope-3-cat6-business-travel,2026-04-24
scope3-transport-business-travel-land-motorbike-medium-defra-2024,Business travel- land — Motorbike — Medium (DEFRA 2024),scope3-distance,3,6,Motorbike — Medium,0.10107,kg CO2e / km,,,,Global,Global,"{GHG-Protocol,SB-253}",AR5,2,,DEFRA UK GHG Conversion Factors 2024 v1.1,https://www.gov.uk/government/collections/government-conversion-factors-for-company-reporting,2024,2024-10-01,2024-10-01,,,methodologies/scope-3-cat6-business-travel,2026-04-24
scope3-transport-business-travel-land-motorbike-medium-defra-2024-500,Business travel- land — Motorbike — Medium (DEFRA 2024),scope3-distance,3,6,Motorbike — Medium,0.16265,kg CO2e / miles,,,,Global,Global,"{GHG-Protocol,SB-253}",AR5,2,,DEFRA UK GHG Conversion Factors 2024 v1.1,https://www.gov.uk/government/collections/government-conversion-factors-for-company-reporting,2024,2024-10-01,2024-10-01,,,methodologies/scope-3-cat6-business-travel,2026-04-24
scope3-transport-business-travel-land-motorbike-large-defra-2024,Business travel- land — Motorbike — Large (DEFRA 2024),scope3-distance,3,6,Motorbike — Large,0.13252,kg CO2e / km,,,,Global,Global,"{GHG-Protocol,SB-253}",AR5,2,,DEFRA UK GHG Conversion Factors 2024 v1.1,https://www.gov.uk/government/collections/government-conversion-factors-for-company-reporting,2024,2024-10-01,2024-10-01,,,methodologies/scope-3-cat6-business-travel,2026-04-24
scope3-transport-business-travel-land-motorbike-large-defra-2024-502,Business travel- land — Motorbike — Large (DEFRA 2024),scope3-distance,3,6,Motorbike — Large,0.21326,kg CO2e / miles,,,,Global,Global,"{GHG-Protocol,SB-253}",AR5,2,,DEFRA UK GHG Conversion Factors 2024 v1.1,https://www.gov.uk/government/collections/government-conversion-factors-for-company-reporting,2024,2024-10-01,2024-10-01,,,methodologies/scope-3-cat6-business-travel,2026-04-24
scope3-transport-business-travel-land-motorbike-average-defra-2024,Business travel- land — Motorbike — Average (DEFRA 2024),scope3-distance,3,6,Motorbike — Average,0.11367,kg CO2e / km,,,,Global,Global,"{GHG-Protocol,SB-253}",AR5,2,,DEFRA UK GHG Conversion Factors 2024 v1.1,https://www.gov.uk/government/collections/government-conversion-factors-for-company-reporting,2024,2024-10-01,2024-10-01,,,methodologies/scope-3-cat6-business-travel,2026-04-24
scope3-transport-business-travel-land-motorbike-average-defra-2024-504,Business travel- land — Motorbike — Average (DEFRA 2024),scope3-distance,3,6,Motorbike — Average,0.18293,kg CO2e / miles,,,,Global,Global,"{GHG-Protocol,SB-253}",AR5,2,,DEFRA UK GHG Conversion Factors 2024 v1.1,https://www.gov.uk/government/collections/government-conversion-factors-for-company-reporting,2024,2024-10-01,2024-10-01,,,methodologies/scope-3-cat6-business-travel,2026-04-24
scope3-transport-business-travel-land-taxis-regular-taxi-defra-2024,Business travel- land — Taxis — Regular taxi (DEFRA 2024),scope3-distance,3,6,Taxis — Regular taxi,0.14861,kg CO2e / passenger.km,,,,Global,Global,"{GHG-Protocol,SB-253}",AR5,2,,DEFRA UK GHG Conversion Factors 2024 v1.1,https://www.gov.uk/government/collections/government-conversion-factors-for-company-reporting,2024,2024-10-01,2024-10-01,,,methodologies/scope-3-cat6-business-travel,2026-04-24
scope3-transport-business-travel-land-taxis-regular-taxi-defra-2024-506,Business travel- land — Taxis — Regular taxi (DEFRA 2024),scope3-distance,3,6,Taxis — Regular taxi,0.20805,kg CO2e / km,,,,Global,Global,"{GHG-Protocol,SB-253}",AR5,2,,DEFRA UK GHG Conversion Factors 2024 v1.1,https://www.gov.uk/government/collections/government-conversion-factors-for-company-reporting,2024,2024-10-01,2024-10-01,,,methodologies/scope-3-cat6-business-travel,2026-04-24
scope3-transport-business-travel-land-taxis-black-cab-defra-2024,Business travel- land — Taxis — Black cab (DEFRA 2024),scope3-distance,3,6,Taxis — Black cab,0.20402,kg CO2e / passenger.km,,,,Global,Global,"{GHG-Protocol,SB-253}",AR5,2,,DEFRA UK GHG Conversion Factors 2024 v1.1,https://www.gov.uk/government/collections/government-conversion-factors-for-company-reporting,2024,2024-10-01,2024-10-01,,,methodologies/scope-3-cat6-business-travel,2026-04-24
scope3-transport-business-travel-land-taxis-black-cab-defra-2024-508,Business travel- land — Taxis — Black cab (DEFRA 2024),scope3-distance,3,6,Taxis — Black cab,0.30603,kg CO2e / km,,,,Global,Global,"{GHG-Protocol,SB-253}",AR5,2,,DEFRA UK GHG Conversion Factors 2024 v1.1,https://www.gov.uk/government/collections/government-conversion-factors-for-company-reporting,2024,2024-10-01,2024-10-01,,,methodologies/scope-3-cat6-business-travel,2026-04-24
scope3-transport-business-travel-land-bus-local-bus-not-london-defra-2024,Business travel- land — Bus — Local bus (not London) (DEFRA 2024),scope3-distance,3,6,Bus — Local bus (not London),0.12999,kg CO2e / passenger.km,,,,Global,Global,"{GHG-Protocol,SB-253}",AR5,2,,DEFRA UK GHG Conversion Factors 2024 v1.1,https://www.gov.uk/government/collections/government-conversion-factors-for-company-reporting,2024,2024-10-01,2024-10-01,,,methodologies/scope-3-cat6-business-travel,2026-04-24
scope3-transport-business-travel-land-bus-local-london-bus-defra-2024,Business travel- land — Bus — Local London bus (DEFRA 2024),scope3-distance,3,6,Bus — Local London bus,0.07447,kg CO2e / passenger.km,,,,Global,Global,"{GHG-Protocol,SB-253}",AR5,2,,DEFRA UK GHG Conversion Factors 2024 v1.1,https://www.gov.uk/government/collections/government-conversion-factors-for-company-reporting,2024,2024-10-01,2024-10-01,,,methodologies/scope-3-cat6-business-travel,2026-04-24
scope3-transport-business-travel-land-bus-average-local-bus-defra-2024,Business travel- land — Bus — Average local bus (DEFRA 2024),scope3-distance,3,6,Bus — Average local bus,0.10846,kg CO2e / passenger.km,,,,Global,Global,"{GHG-Protocol,SB-253}",AR5,2,,DEFRA UK GHG Conversion Factors 2024 v1.1,https://www.gov.uk/government/collections/government-conversion-factors-for-company-reporting,2024,2024-10-01,2024-10-01,,,methodologies/scope-3-cat6-business-travel,2026-04-24
scope3-transport-business-travel-land-bus-coach-defra-2024,Business travel- land — Bus — Coach (DEFRA 2024),scope3-distance,3,6,Bus — Coach,0.02717,kg CO2e / passenger.km,,,,Global,Global,"{GHG-Protocol,SB-253}",AR5,2,,DEFRA UK GHG Conversion Factors 2024 v1.1,https://www.gov.uk/government/collections/government-conversion-factors-for-company-reporting,2024,2024-10-01,2024-10-01,,,methodologies/scope-3-cat6-business-travel,2026-04-24
scope3-transport-business-travel-land-rail-national-rail-defra-2024,Business travel- land — Rail — National rail (DEFRA 2024),scope3-distance,3,6,Rail — National rail,0.03546,kg CO2e / passenger.km,,,,Global,Global,"{GHG-Protocol,SB-253}",AR5,2,,DEFRA UK GHG Conversion Factors 2024 v1.1,https://www.gov.uk/government/collections/government-conversion-factors-for-company-reporting,2024,2024-10-01,2024-10-01,,,methodologies/scope-3-cat6-business-travel,2026-04-24
scope3-transport-business-travel-land-rail-international-rail-defra-2024,Business travel- land — Rail — International rail (DEFRA 2024),scope3-distance,3,6,Rail — International rail,0.00446,kg CO2e / passenger.km,,,,Global,Global,"{GHG-Protocol,SB-253}",AR5,2,,DEFRA UK GHG Conversion Factors 2024 v1.1,https://www.gov.uk/government/collections/government-conversion-factors-for-company-reporting,2024,2024-10-01,2024-10-01,,,methodologies/scope-3-cat6-business-travel,2026-04-24
scope3-transport-business-travel-land-rail-light-rail-and-tram-defra-2024,Business travel- land — Rail — Light rail and tram (DEFRA 2024),scope3-distance,3,6,Rail — Light rail and tram,0.0286,kg CO2e / passenger.km,,,,Global,Global,"{GHG-Protocol,SB-253}",AR5,2,,DEFRA UK GHG Conversion Factors 2024 v1.1,https://www.gov.uk/government/collections/government-conversion-factors-for-company-reporting,2024,2024-10-01,2024-10-01,,,methodologies/scope-3-cat6-business-travel,2026-04-24
scope3-transport-business-travel-land-rail-london-underground-defra-2024,Business travel- land — Rail — London Underground (DEFRA 2024),scope3-distance,3,6,Rail — London Underground,0.0278,kg CO2e / passenger.km,,,,Global,Global,"{GHG-Protocol,SB-253}",AR5,2,,DEFRA UK GHG Conversion Factors 2024 v1.1,https://www.gov.uk/government/collections/government-conversion-factors-for-company-reporting,2024,2024-10-01,2024-10-01,,,methodologies/scope-3-cat6-business-travel,2026-04-24
scope3-transport-freighting-goods-vans-class-i-up-to-1-305-tonnes-diesel-defra-2024,Freighting goods — Vans — Class I (up to 1.305 tonnes) — Diesel (DEFRA 2024),scope3-distance,3,4,Vans — Class I (up to 1.305 tonnes) — Diesel,0.85353,kg CO2e / tonne.km,,,,Global,Global,"{GHG-Protocol,SB-253}",AR5,2,,DEFRA UK GHG Conversion Factors 2024 v1.1,https://www.gov.uk/government/collections/government-conversion-factors-for-company-reporting,2024,2024-10-01,2024-10-01,,,methodologies/scope-3-cat6-business-travel,2026-04-24
scope3-transport-freighting-goods-vans-class-i-up-to-1-305-tonnes-petrol-defra-2024,Freighting goods — Vans — Class I (up to 1.305 tonnes) — Petrol (DEFRA 2024),scope3-distance,3,4,Vans — Class I (up to 1.305 tonnes) — Petrol,1.17394,kg CO2e / tonne.km,,,,Global,Global,"{GHG-Protocol,SB-253}",AR5,2,,DEFRA UK GHG Conversion Factors 2024 v1.1,https://www.gov.uk/government/collections/government-conversion-factors-for-company-reporting,2024,2024-10-01,2024-10-01,,,methodologies/scope-3-cat6-business-travel,2026-04-24
scope3-transport-freighting-goods-vans-class-i-up-to-1-305-tonnes-battery-electric-vehicle-defra-202,Freighting goods — Vans — Class I (up to 1.305 tonnes) — Battery Electric Vehicle (DEFRA 2024),scope3-distance,3,4,Vans — Class I (up to 1.305 tonnes) — Battery Electric Vehicle,0.15753,kg CO2e / tonne.km,,,,Global,Global,"{GHG-Protocol,SB-253}",AR5,2,,DEFRA UK GHG Conversion Factors 2024 v1.1,https://www.gov.uk/government/collections/government-conversion-factors-for-company-reporting,2024,2024-10-01,2024-10-01,,,methodologies/scope-3-cat6-business-travel,2026-04-24
scope3-transport-freighting-goods-vans-class-i-up-to-1-305-tonnes-diesel-defra-2024-520,Freighting goods — Vans — Class I (up to 1.305 tonnes) — Diesel (DEFRA 2024),scope3-distance,3,4,Vans — Class I (up to 1.305 tonnes) — Diesel,0.15356,kg CO2e / km,,,,Global,Global,"{GHG-Protocol,SB-253}",AR5,2,,DEFRA UK GHG Conversion Factors 2024 v1.1,https://www.gov.uk/government/collections/government-conversion-factors-for-company-reporting,2024,2024-10-01,2024-10-01,,,methodologies/scope-3-cat6-business-travel,2026-04-24
scope3-transport-freighting-goods-vans-class-i-up-to-1-305-tonnes-petrol-defra-2024-521,Freighting goods — Vans — Class I (up to 1.305 tonnes) — Petrol (DEFRA 2024),scope3-distance,3,4,Vans — Class I (up to 1.305 tonnes) — Petrol,0.20071,kg CO2e / km,,,,Global,Global,"{GHG-Protocol,SB-253}",AR5,2,,DEFRA UK GHG Conversion Factors 2024 v1.1,https://www.gov.uk/government/collections/government-conversion-factors-for-company-reporting,2024,2024-10-01,2024-10-01,,,methodologies/scope-3-cat6-business-travel,2026-04-24
scope3-transport-freighting-goods-vans-class-i-up-to-1-305-tonnes-battery-electric-vehicle-defr-522,Freighting goods — Vans — Class I (up to 1.305 tonnes) — Battery Electric Vehicle (DEFRA 2024),scope3-distance,3,4,Vans — Class I (up to 1.305 tonnes) — Battery Electric Vehicle,0.04254,kg CO2e / km,,,,Global,Global,"{GHG-Protocol,SB-253}",AR5,2,,DEFRA UK GHG Conversion Factors 2024 v1.1,https://www.gov.uk/government/collections/government-conversion-factors-for-company-reporting,2024,2024-10-01,2024-10-01,,,methodologies/scope-3-cat6-business-travel,2026-04-24
scope3-transport-freighting-goods-vans-class-i-up-to-1-305-tonnes-diesel-defra-2024-523,Freighting goods — Vans — Class I (up to 1.305 tonnes) — Diesel (DEFRA 2024),scope3-distance,3,4,Vans — Class I (up to 1.305 tonnes) — Diesel,0.24716,kg CO2e / miles,,,,Global,Global,"{GHG-Protocol,SB-253}",AR5,2,,DEFRA UK GHG Conversion Factors 2024 v1.1,https://www.gov.uk/government/collections/government-conversion-factors-for-company-reporting,2024,2024-10-01,2024-10-01,,,methodologies/scope-3-cat6-business-travel,2026-04-24
scope3-transport-freighting-goods-vans-class-i-up-to-1-305-tonnes-petrol-defra-2024-524,Freighting goods — Vans — Class I (up to 1.305 tonnes) — Petrol (DEFRA 2024),scope3-distance,3,4,Vans — Class I (up to 1.305 tonnes) — Petrol,0.32299,kg CO2e / miles,,,,Global,Global,"{GHG-Protocol,SB-253}",AR5,2,,DEFRA UK GHG Conversion Factors 2024 v1.1,https://www.gov.uk/government/collections/government-conversion-factors-for-company-reporting,2024,2024-10-01,2024-10-01,,,methodologies/scope-3-cat6-business-travel,2026-04-24
scope3-transport-freighting-goods-vans-class-i-up-to-1-305-tonnes-battery-electric-vehicle-defr-525,Freighting goods — Vans — Class I (up to 1.305 tonnes) — Battery Electric Vehicle (DEFRA 2024),scope3-distance,3,4,Vans — Class I (up to 1.305 tonnes) — Battery Electric Vehicle,0.06847,kg CO2e / miles,,,,Global,Global,"{GHG-Protocol,SB-253}",AR5,2,,DEFRA UK GHG Conversion Factors 2024 v1.1,https://www.gov.uk/government/collections/government-conversion-factors-for-company-reporting,2024,2024-10-01,2024-10-01,,,methodologies/scope-3-cat6-business-travel,2026-04-24
scope3-transport-freighting-goods-vans-class-ii-1-305-to-1-74-tonnes-diesel-defra-2024,Freighting goods — Vans — Class II (1.305 to 1.74 tonnes) — Diesel (DEFRA 2024),scope3-distance,3,4,Vans — Class II (1.305 to 1.74 tonnes) — Diesel,0.61153,kg CO2e / tonne.km,,,,Global,Global,"{GHG-Protocol,SB-253}",AR5,2,,DEFRA UK GHG Conversion Factors 2024 v1.1,https://www.gov.uk/government/collections/government-conversion-factors-for-company-reporting,2024,2024-10-01,2024-10-01,,,methodologies/scope-3-cat6-business-travel,2026-04-24
scope3-transport-freighting-goods-vans-class-ii-1-305-to-1-74-tonnes-petrol-defra-2024,Freighting goods — Vans — Class II (1.305 to 1.74 tonnes) — Petrol (DEFRA 2024),scope3-distance,3,4,Vans — Class II (1.305 to 1.74 tonnes) — Petrol,0.82739,kg CO2e / tonne.km,,,,Global,Global,"{GHG-Protocol,SB-253}",AR5,2,,DEFRA UK GHG Conversion Factors 2024 v1.1,https://www.gov.uk/government/collections/government-conversion-factors-for-company-reporting,2024,2024-10-01,2024-10-01,,,methodologies/scope-3-cat6-business-travel,2026-04-24
scope3-transport-freighting-goods-vans-class-ii-1-305-to-1-74-tonnes-battery-electric-vehicle-defra-,Freighting goods — Vans — Class II (1.305 to 1.74 tonnes) — Battery Electric Vehicle (DEFRA 2024),scope3-distance,3,4,Vans — Class II (1.305 to 1.74 tonnes) — Battery Electric Vehicle,0.27927,kg CO2e / tonne.km,,,,Global,Global,"{GHG-Protocol,SB-253}",AR5,2,,DEFRA UK GHG Conversion Factors 2024 v1.1,https://www.gov.uk/government/collections/government-conversion-factors-for-company-reporting,2024,2024-10-01,2024-10-01,,,methodologies/scope-3-cat6-business-travel,2026-04-24
scope3-transport-freighting-goods-vans-class-ii-1-305-to-1-74-tonnes-diesel-defra-2024-529,Freighting goods — Vans — Class II (1.305 to 1.74 tonnes) — Diesel (DEFRA 2024),scope3-distance,3,4,Vans — Class II (1.305 to 1.74 tonnes) — Diesel,0.18832,kg CO2e / km,,,,Global,Global,"{GHG-Protocol,SB-253}",AR5,2,,DEFRA UK GHG Conversion Factors 2024 v1.1,https://www.gov.uk/government/collections/government-conversion-factors-for-company-reporting,2024,2024-10-01,2024-10-01,,,methodologies/scope-3-cat6-business-travel,2026-04-24
scope3-transport-freighting-goods-vans-class-ii-1-305-to-1-74-tonnes-petrol-defra-2024-530,Freighting goods — Vans — Class II (1.305 to 1.74 tonnes) — Petrol (DEFRA 2024),scope3-distance,3,4,Vans — Class II (1.305 to 1.74 tonnes) — Petrol,0.21709,kg CO2e / km,,,,Global,Global,"{GHG-Protocol,SB-253}",AR5,2,,DEFRA UK GHG Conversion Factors 2024 v1.1,https://www.gov.uk/government/collections/government-conversion-factors-for-company-reporting,2024,2024-10-01,2024-10-01,,,methodologies/scope-3-cat6-business-travel,2026-04-24
scope3-transport-freighting-goods-vans-class-ii-1-305-to-1-74-tonnes-battery-electric-vehicle-d-531,Freighting goods — Vans — Class II (1.305 to 1.74 tonnes) — Battery Electric Vehicle (DEFRA 2024),scope3-distance,3,4,Vans — Class II (1.305 to 1.74 tonnes) — Battery Electric Vehicle,0.06556,kg CO2e / km,,,,Global,Global,"{GHG-Protocol,SB-253}",AR5,2,,DEFRA UK GHG Conversion Factors 2024 v1.1,https://www.gov.uk/government/collections/government-conversion-factors-for-company-reporting,2024,2024-10-01,2024-10-01,,,methodologies/scope-3-cat6-business-travel,2026-04-24
scope3-transport-freighting-goods-vans-class-ii-1-305-to-1-74-tonnes-diesel-defra-2024-532,Freighting goods — Vans — Class II (1.305 to 1.74 tonnes) — Diesel (DEFRA 2024),scope3-distance,3,4,Vans — Class II (1.305 to 1.74 tonnes) — Diesel,0.30309,kg CO2e / miles,,,,Global,Global,"{GHG-Protocol,SB-253}",AR5,2,,DEFRA UK GHG Conversion Factors 2024 v1.1,https://www.gov.uk/government/collections/government-conversion-factors-for-company-reporting,2024,2024-10-01,2024-10-01,,,methodologies/scope-3-cat6-business-travel,2026-04-24
scope3-transport-freighting-goods-vans-class-ii-1-305-to-1-74-tonnes-petrol-defra-2024-533,Freighting goods — Vans — Class II (1.305 to 1.74 tonnes) — Petrol (DEFRA 2024),scope3-distance,3,4,Vans — Class II (1.305 to 1.74 tonnes) — Petrol,0.34936,kg CO2e / miles,,,,Global,Global,"{GHG-Protocol,SB-253}",AR5,2,,DEFRA UK GHG Conversion Factors 2024 v1.1,https://www.gov.uk/government/collections/government-conversion-factors-for-company-reporting,2024,2024-10-01,2024-10-01,,,methodologies/scope-3-cat6-business-travel,2026-04-24
scope3-transport-freighting-goods-vans-class-ii-1-305-to-1-74-tonnes-battery-electric-vehicle-d-534,Freighting goods — Vans — Class II (1.305 to 1.74 tonnes) — Battery Electric Vehicle (DEFRA 2024),scope3-distance,3,4,Vans — Class II (1.305 to 1.74 tonnes) — Battery Electric Vehicle,0.10553,kg CO2e / miles,,,,Global,Global,"{GHG-Protocol,SB-253}",AR5,2,,DEFRA UK GHG Conversion Factors 2024 v1.1,https://www.gov.uk/government/collections/government-conversion-factors-for-company-reporting,2024,2024-10-01,2024-10-01,,,methodologies/scope-3-cat6-business-travel,2026-04-24
scope3-transport-freighting-goods-vans-class-iii-1-74-to-3-5-tonnes-diesel-defra-2024,Freighting goods — Vans — Class III (1.74 to 3.5 tonnes) — Diesel (DEFRA 2024),scope3-distance,3,4,Vans — Class III (1.74 to 3.5 tonnes) — Diesel,0.61363,kg CO2e / tonne.km,,,,Global,Global,"{GHG-Protocol,SB-253}",AR5,2,,DEFRA UK GHG Conversion Factors 2024 v1.1,https://www.gov.uk/government/collections/government-conversion-factors-for-company-reporting,2024,2024-10-01,2024-10-01,,,methodologies/scope-3-cat6-business-travel,2026-04-24
scope3-transport-freighting-goods-vans-class-iii-1-74-to-3-5-tonnes-petrol-defra-2024,Freighting goods — Vans — Class III (1.74 to 3.5 tonnes) — Petrol (DEFRA 2024),scope3-distance,3,4,Vans — Class III (1.74 to 3.5 tonnes) — Petrol,0.86252,kg CO2e / tonne.km,,,,Global,Global,"{GHG-Protocol,SB-253}",AR5,2,,DEFRA UK GHG Conversion Factors 2024 v1.1,https://www.gov.uk/government/collections/government-conversion-factors-for-company-reporting,2024,2024-10-01,2024-10-01,,,methodologies/scope-3-cat6-business-travel,2026-04-24
scope3-transport-freighting-goods-vans-class-iii-1-74-to-3-5-tonnes-plug-in-hybrid-electric-ve-defra,Freighting goods — Vans — Class III (1.74 to 3.5 tonnes) — Plug-in Hybrid Electric Vehicle (DEFRA 2024),scope3-distance,3,4,Vans — Class III (1.74 to 3.5 tonnes) — Plug-in Hybrid Electric Vehicle,0.37952,kg CO2e / tonne.km,,,,Global,Global,"{GHG-Protocol,SB-253}",AR5,2,,DEFRA UK GHG Conversion Factors 2024 v1.1,https://www.gov.uk/government/collections/government-conversion-factors-for-company-reporting,2024,2024-10-01,2024-10-01,,,methodologies/scope-3-cat6-business-travel,2026-04-24
scope3-transport-freighting-goods-vans-class-iii-1-74-to-3-5-tonnes-battery-electric-vehicle-defra-2,Freighting goods — Vans — Class III (1.74 to 3.5 tonnes) — Battery Electric Vehicle (DEFRA 2024),scope3-distance,3,4,Vans — Class III (1.74 to 3.5 tonnes) — Battery Electric Vehicle,0.23666,kg CO2e / tonne.km,,,,Global,Global,"{GHG-Protocol,SB-253}",AR5,2,,DEFRA UK GHG Conversion Factors 2024 v1.1,https://www.gov.uk/government/collections/government-conversion-factors-for-company-reporting,2024,2024-10-01,2024-10-01,,,methodologies/scope-3-cat6-business-travel,2026-04-24
scope3-transport-freighting-goods-vans-class-iii-1-74-to-3-5-tonnes-diesel-defra-2024-539,Freighting goods — Vans — Class III (1.74 to 3.5 tonnes) — Diesel (DEFRA 2024),scope3-distance,3,4,Vans — Class III (1.74 to 3.5 tonnes) — Diesel,0.27365,kg CO2e / km,,,,Global,Global,"{GHG-Protocol,SB-253}",AR5,2,,DEFRA UK GHG Conversion Factors 2024 v1.1,https://www.gov.uk/government/collections/government-conversion-factors-for-company-reporting,2024,2024-10-01,2024-10-01,,,methodologies/scope-3-cat6-business-travel,2026-04-24
scope3-transport-freighting-goods-vans-class-iii-1-74-to-3-5-tonnes-petrol-defra-2024-540,Freighting goods — Vans — Class III (1.74 to 3.5 tonnes) — Petrol (DEFRA 2024),scope3-distance,3,4,Vans — Class III (1.74 to 3.5 tonnes) — Petrol,0.34923,kg CO2e / km,,,,Global,Global,"{GHG-Protocol,SB-253}",AR5,2,,DEFRA UK GHG Conversion Factors 2024 v1.1,https://www.gov.uk/government/collections/government-conversion-factors-for-company-reporting,2024,2024-10-01,2024-10-01,,,methodologies/scope-3-cat6-business-travel,2026-04-24
scope3-transport-freighting-goods-vans-class-iii-1-74-to-3-5-tonnes-plug-in-hybrid-electric-ve--541,Freighting goods — Vans — Class III (1.74 to 3.5 tonnes) — Plug-in Hybrid Electric Vehicle (DEFRA 2024),scope3-distance,3,4,Vans — Class III (1.74 to 3.5 tonnes) — Plug-in Hybrid Electric Vehicle,0.15079,kg CO2e / km,,,,Global,Global,"{GHG-Protocol,SB-253}",AR5,2,,DEFRA UK GHG Conversion Factors 2024 v1.1,https://www.gov.uk/government/collections/government-conversion-factors-for-company-reporting,2024,2024-10-01,2024-10-01,,,methodologies/scope-3-cat6-business-travel,2026-04-24
scope3-transport-freighting-goods-vans-class-iii-1-74-to-3-5-tonnes-battery-electric-vehicle-de-542,Freighting goods — Vans — Class III (1.74 to 3.5 tonnes) — Battery Electric Vehicle (DEFRA 2024),scope3-distance,3,4,Vans — Class III (1.74 to 3.5 tonnes) — Battery Electric Vehicle,0.08929,kg CO2e / km,,,,Global,Global,"{GHG-Protocol,SB-253}",AR5,2,,DEFRA UK GHG Conversion Factors 2024 v1.1,https://www.gov.uk/government/collections/government-conversion-factors-for-company-reporting,2024,2024-10-01,2024-10-01,,,methodologies/scope-3-cat6-business-travel,2026-04-24
scope3-transport-freighting-goods-vans-class-iii-1-74-to-3-5-tonnes-diesel-defra-2024-543,Freighting goods — Vans — Class III (1.74 to 3.5 tonnes) — Diesel (DEFRA 2024),scope3-distance,3,4,Vans — Class III (1.74 to 3.5 tonnes) — Diesel,0.44042,kg CO2e / miles,,,,Global,Global,"{GHG-Protocol,SB-253}",AR5,2,,DEFRA UK GHG Conversion Factors 2024 v1.1,https://www.gov.uk/government/collections/government-conversion-factors-for-company-reporting,2024,2024-10-01,2024-10-01,,,methodologies/scope-3-cat6-business-travel,2026-04-24
scope3-transport-freighting-goods-vans-class-iii-1-74-to-3-5-tonnes-petrol-defra-2024-544,Freighting goods — Vans — Class III (1.74 to 3.5 tonnes) — Petrol (DEFRA 2024),scope3-distance,3,4,Vans — Class III (1.74 to 3.5 tonnes) — Petrol,0.56201,kg CO2e / miles,,,,Global,Global,"{GHG-Protocol,SB-253}",AR5,2,,DEFRA UK GHG Conversion Factors 2024 v1.1,https://www.gov.uk/government/collections/government-conversion-factors-for-company-reporting,2024,2024-10-01,2024-10-01,,,methodologies/scope-3-cat6-business-travel,2026-04-24
scope3-transport-freighting-goods-vans-class-iii-1-74-to-3-5-tonnes-plug-in-hybrid-electric-ve--545,Freighting goods — Vans — Class III (1.74 to 3.5 tonnes) — Plug-in Hybrid Electric Vehicle (DEFRA 2024),scope3-distance,3,4,Vans — Class III (1.74 to 3.5 tonnes) — Plug-in Hybrid Electric Vehicle,0.24267,kg CO2e / miles,,,,Global,Global,"{GHG-Protocol,SB-253}",AR5,2,,DEFRA UK GHG Conversion Factors 2024 v1.1,https://www.gov.uk/government/collections/government-conversion-factors-for-company-reporting,2024,2024-10-01,2024-10-01,,,methodologies/scope-3-cat6-business-travel,2026-04-24
scope3-transport-freighting-goods-vans-class-iii-1-74-to-3-5-tonnes-battery-electric-vehicle-de-546,Freighting goods — Vans — Class III (1.74 to 3.5 tonnes) — Battery Electric Vehicle (DEFRA 2024),scope3-distance,3,4,Vans — Class III (1.74 to 3.5 tonnes) — Battery Electric Vehicle,0.14369,kg CO2e / miles,,,,Global,Global,"{GHG-Protocol,SB-253}",AR5,2,,DEFRA UK GHG Conversion Factors 2024 v1.1,https://www.gov.uk/government/collections/government-conversion-factors-for-company-reporting,2024,2024-10-01,2024-10-01,,,methodologies/scope-3-cat6-business-travel,2026-04-24
scope3-transport-freighting-goods-vans-average-up-to-3-5-tonnes-diesel-defra-2024,Freighting goods — Vans — Average (up to 3.5 tonnes) — Diesel (DEFRA 2024),scope3-distance,3,4,Vans — Average (up to 3.5 tonnes) — Diesel,0.61643,kg CO2e / tonne.km,,,,Global,Global,"{GHG-Protocol,SB-253}",AR5,2,,DEFRA UK GHG Conversion Factors 2024 v1.1,https://www.gov.uk/government/collections/government-conversion-factors-for-company-reporting,2024,2024-10-01,2024-10-01,,,methodologies/scope-3-cat6-business-travel,2026-04-24
scope3-transport-freighting-goods-vans-average-up-to-3-5-tonnes-petrol-defra-2024,Freighting goods — Vans — Average (up to 3.5 tonnes) — Petrol (DEFRA 2024),scope3-distance,3,4,Vans — Average (up to 3.5 tonnes) — Petrol,0.81972,kg CO2e / tonne.km,,,,Global,Global,"{GHG-Protocol,SB-253}",AR5,2,,DEFRA UK GHG Conversion Factors 2024 v1.1,https://www.gov.uk/government/collections/government-conversion-factors-for-company-reporting,2024,2024-10-01,2024-10-01,,,methodologies/scope-3-cat6-business-travel,2026-04-24
scope3-transport-freighting-goods-vans-average-up-to-3-5-tonnes-cng-defra-2024,Freighting goods — Vans — Average (up to 3.5 tonnes) — CNG (DEFRA 2024),scope3-distance,3,4,Vans — Average (up to 3.5 tonnes) — CNG,0.62197,kg CO2e / tonne.km,,,,Global,Global,"{GHG-Protocol,SB-253}",AR5,2,,DEFRA UK GHG Conversion Factors 2024 v1.1,https://www.gov.uk/government/collections/government-conversion-factors-for-company-reporting,2024,2024-10-01,2024-10-01,,,methodologies/scope-3-cat6-business-travel,2026-04-24
scope3-transport-freighting-goods-vans-average-up-to-3-5-tonnes-lpg-defra-2024,Freighting goods — Vans — Average (up to 3.5 tonnes) — LPG (DEFRA 2024),scope3-distance,3,4,Vans — Average (up to 3.5 tonnes) — LPG,0.68376,kg CO2e / tonne.km,,,,Global,Global,"{GHG-Protocol,SB-253}",AR5,2,,DEFRA UK GHG Conversion Factors 2024 v1.1,https://www.gov.uk/government/collections/government-conversion-factors-for-company-reporting,2024,2024-10-01,2024-10-01,,,methodologies/scope-3-cat6-business-travel,2026-04-24
scope3-transport-freighting-goods-vans-average-up-to-3-5-tonnes-unknown-defra-2024,Freighting goods — Vans — Average (up to 3.5 tonnes) — Unknown (DEFRA 2024),scope3-distance,3,4,Vans — Average (up to 3.5 tonnes) — Unknown,0.62264,kg CO2e / tonne.km,,,,Global,Global,"{GHG-Protocol,SB-253}",AR5,2,,DEFRA UK GHG Conversion Factors 2024 v1.1,https://www.gov.uk/government/collections/government-conversion-factors-for-company-reporting,2024,2024-10-01,2024-10-01,,,methodologies/scope-3-cat6-business-travel,2026-04-24
scope3-transport-freighting-goods-vans-average-up-to-3-5-tonnes-plug-in-hybrid-electric-vehicl-defra,Freighting goods — Vans — Average (up to 3.5 tonnes) — Plug-in Hybrid Electric Vehicle (DEFRA 2024),scope3-distance,3,4,Vans — Average (up to 3.5 tonnes) — Plug-in Hybrid Electric Vehicle,0.37952,kg CO2e / tonne.km,,,,Global,Global,"{GHG-Protocol,SB-253}",AR5,2,,DEFRA UK GHG Conversion Factors 2024 v1.1,https://www.gov.uk/government/collections/government-conversion-factors-for-company-reporting,2024,2024-10-01,2024-10-01,,,methodologies/scope-3-cat6-business-travel,2026-04-24
scope3-transport-freighting-goods-vans-average-up-to-3-5-tonnes-battery-electric-vehicle-defra-2024,Freighting goods — Vans — Average (up to 3.5 tonnes) — Battery Electric Vehicle (DEFRA 2024),scope3-distance,3,4,Vans — Average (up to 3.5 tonnes) — Battery Electric Vehicle,0.25438,kg CO2e / tonne.km,,,,Global,Global,"{GHG-Protocol,SB-253}",AR5,2,,DEFRA UK GHG Conversion Factors 2024 v1.1,https://www.gov.uk/government/collections/government-conversion-factors-for-company-reporting,2024,2024-10-01,2024-10-01,,,methodologies/scope-3-cat6-business-travel,2026-04-24
scope3-transport-freighting-goods-vans-average-up-to-3-5-tonnes-diesel-defra-2024-554,Freighting goods — Vans — Average (up to 3.5 tonnes) — Diesel (DEFRA 2024),scope3-distance,3,4,Vans — Average (up to 3.5 tonnes) — Diesel,0.25023,kg CO2e / km,,,,Global,Global,"{GHG-Protocol,SB-253}",AR5,2,,DEFRA UK GHG Conversion Factors 2024 v1.1,https://www.gov.uk/government/collections/government-conversion-factors-for-company-reporting,2024,2024-10-01,2024-10-01,,,methodologies/scope-3-cat6-business-travel,2026-04-24
scope3-transport-freighting-goods-vans-average-up-to-3-5-tonnes-petrol-defra-2024-555,Freighting goods — Vans — Average (up to 3.5 tonnes) — Petrol (DEFRA 2024),scope3-distance,3,4,Vans — Average (up to 3.5 tonnes) — Petrol,0.22095,kg CO2e / km,,,,Global,Global,"{GHG-Protocol,SB-253}",AR5,2,,DEFRA UK GHG Conversion Factors 2024 v1.1,https://www.gov.uk/government/collections/government-conversion-factors-for-company-reporting,2024,2024-10-01,2024-10-01,,,methodologies/scope-3-cat6-business-travel,2026-04-24
scope3-transport-freighting-goods-vans-average-up-to-3-5-tonnes-cng-defra-2024-556,Freighting goods — Vans — Average (up to 3.5 tonnes) — CNG (DEFRA 2024),scope3-distance,3,4,Vans — Average (up to 3.5 tonnes) — CNG,0.2512,kg CO2e / km,,,,Global,Global,"{GHG-Protocol,SB-253}",AR5,2,,DEFRA UK GHG Conversion Factors 2024 v1.1,https://www.gov.uk/government/collections/government-conversion-factors-for-company-reporting,2024,2024-10-01,2024-10-01,,,methodologies/scope-3-cat6-business-travel,2026-04-24
scope3-transport-freighting-goods-vans-average-up-to-3-5-tonnes-lpg-defra-2024-557,Freighting goods — Vans — Average (up to 3.5 tonnes) — LPG (DEFRA 2024),scope3-distance,3,4,Vans — Average (up to 3.5 tonnes) — LPG,0.27617,kg CO2e / km,,,,Global,Global,"{GHG-Protocol,SB-253}",AR5,2,,DEFRA UK GHG Conversion Factors 2024 v1.1,https://www.gov.uk/government/collections/government-conversion-factors-for-company-reporting,2024,2024-10-01,2024-10-01,,,methodologies/scope-3-cat6-business-travel,2026-04-24
scope3-transport-freighting-goods-vans-average-up-to-3-5-tonnes-unknown-defra-2024-558,Freighting goods — Vans — Average (up to 3.5 tonnes) — Unknown (DEFRA 2024),scope3-distance,3,4,Vans — Average (up to 3.5 tonnes) — Unknown,0.24934,kg CO2e / km,,,,Global,Global,"{GHG-Protocol,SB-253}",AR5,2,,DEFRA UK GHG Conversion Factors 2024 v1.1,https://www.gov.uk/government/collections/government-conversion-factors-for-company-reporting,2024,2024-10-01,2024-10-01,,,methodologies/scope-3-cat6-business-travel,2026-04-24
scope3-transport-freighting-goods-vans-average-up-to-3-5-tonnes-plug-in-hybrid-electric-vehicl--559,Freighting goods — Vans — Average (up to 3.5 tonnes) — Plug-in Hybrid Electric Vehicle (DEFRA 2024),scope3-distance,3,4,Vans — Average (up to 3.5 tonnes) — Plug-in Hybrid Electric Vehicle,0.15079,kg CO2e / km,,,,Global,Global,"{GHG-Protocol,SB-253}",AR5,2,,DEFRA UK GHG Conversion Factors 2024 v1.1,https://www.gov.uk/government/collections/government-conversion-factors-for-company-reporting,2024,2024-10-01,2024-10-01,,,methodologies/scope-3-cat6-business-travel,2026-04-24
scope3-transport-freighting-goods-vans-average-up-to-3-5-tonnes-battery-electric-vehicle-defra--560,Freighting goods — Vans — Average (up to 3.5 tonnes) — Battery Electric Vehicle (DEFRA 2024),scope3-distance,3,4,Vans — Average (up to 3.5 tonnes) — Battery Electric Vehicle,0.07922,kg CO2e / km,,,,Global,Global,"{GHG-Protocol,SB-253}",AR5,2,,DEFRA UK GHG Conversion Factors 2024 v1.1,https://www.gov.uk/government/collections/government-conversion-factors-for-company-reporting,2024,2024-10-01,2024-10-01,,,methodologies/scope-3-cat6-business-travel,2026-04-24
scope3-transport-freighting-goods-vans-average-up-to-3-5-tonnes-diesel-defra-2024-561,Freighting goods — Vans — Average (up to 3.5 tonnes) — Diesel (DEFRA 2024),scope3-distance,3,4,Vans — Average (up to 3.5 tonnes) — Diesel,0.40273,kg CO2e / miles,,,,Global,Global,"{GHG-Protocol,SB-253}",AR5,2,,DEFRA UK GHG Conversion Factors 2024 v1.1,https://www.gov.uk/government/collections/government-conversion-factors-for-company-reporting,2024,2024-10-01,2024-10-01,,,methodologies/scope-3-cat6-business-travel,2026-04-24
scope3-transport-freighting-goods-vans-average-up-to-3-5-tonnes-petrol-defra-2024-562,Freighting goods — Vans — Average (up to 3.5 tonnes) — Petrol (DEFRA 2024),scope3-distance,3,4,Vans — Average (up to 3.5 tonnes) — Petrol,0.35558,kg CO2e / miles,,,,Global,Global,"{GHG-Protocol,SB-253}",AR5,2,,DEFRA UK GHG Conversion Factors 2024 v1.1,https://www.gov.uk/government/collections/government-conversion-factors-for-company-reporting,2024,2024-10-01,2024-10-01,,,methodologies/scope-3-cat6-business-travel,2026-04-24
scope3-transport-freighting-goods-vans-average-up-to-3-5-tonnes-cng-defra-2024-563,Freighting goods — Vans — Average (up to 3.5 tonnes) — CNG (DEFRA 2024),scope3-distance,3,4,Vans — Average (up to 3.5 tonnes) — CNG,0.40426,kg CO2e / miles,,,,Global,Global,"{GHG-Protocol,SB-253}",AR5,2,,DEFRA UK GHG Conversion Factors 2024 v1.1,https://www.gov.uk/government/collections/government-conversion-factors-for-company-reporting,2024,2024-10-01,2024-10-01,,,methodologies/scope-3-cat6-business-travel,2026-04-24
scope3-transport-freighting-goods-vans-average-up-to-3-5-tonnes-lpg-defra-2024-564,Freighting goods — Vans — Average (up to 3.5 tonnes) — LPG (DEFRA 2024),scope3-distance,3,4,Vans — Average (up to 3.5 tonnes) — LPG,0.44446,kg CO2e / miles,,,,Global,Global,"{GHG-Protocol,SB-253}",AR5,2,,DEFRA UK GHG Conversion Factors 2024 v1.1,https://www.gov.uk/government/collections/government-conversion-factors-for-company-reporting,2024,2024-10-01,2024-10-01,,,methodologies/scope-3-cat6-business-travel,2026-04-24
scope3-transport-freighting-goods-vans-average-up-to-3-5-tonnes-unknown-defra-2024-565,Freighting goods — Vans — Average (up to 3.5 tonnes) — Unknown (DEFRA 2024),scope3-distance,3,4,Vans — Average (up to 3.5 tonnes) — Unknown,0.40127,kg CO2e / miles,,,,Global,Global,"{GHG-Protocol,SB-253}",AR5,2,,DEFRA UK GHG Conversion Factors 2024 v1.1,https://www.gov.uk/government/collections/government-conversion-factors-for-company-reporting,2024,2024-10-01,2024-10-01,,,methodologies/scope-3-cat6-business-travel,2026-04-24
scope3-transport-freighting-goods-vans-average-up-to-3-5-tonnes-plug-in-hybrid-electric-vehicl--566,Freighting goods — Vans — Average (up to 3.5 tonnes) — Plug-in Hybrid Electric Vehicle (DEFRA 2024),scope3-distance,3,4,Vans — Average (up to 3.5 tonnes) — Plug-in Hybrid Electric Vehicle,0.24267,kg CO2e / miles,,,,Global,Global,"{GHG-Protocol,SB-253}",AR5,2,,DEFRA UK GHG Conversion Factors 2024 v1.1,https://www.gov.uk/government/collections/government-conversion-factors-for-company-reporting,2024,2024-10-01,2024-10-01,,,methodologies/scope-3-cat6-business-travel,2026-04-24
scope3-transport-freighting-goods-vans-average-up-to-3-5-tonnes-battery-electric-vehicle-defra--567,Freighting goods — Vans — Average (up to 3.5 tonnes) — Battery Electric Vehicle (DEFRA 2024),scope3-distance,3,4,Vans — Average (up to 3.5 tonnes) — Battery Electric Vehicle,0.12752,kg CO2e / miles,,,,Global,Global,"{GHG-Protocol,SB-253}",AR5,2,,DEFRA UK GHG Conversion Factors 2024 v1.1,https://www.gov.uk/government/collections/government-conversion-factors-for-company-reporting,2024,2024-10-01,2024-10-01,,,methodologies/scope-3-cat6-business-travel,2026-04-24
scope3-transport-freighting-goods-hgv-all-diesel-rigid-3-5-7-5-tonnes-50-laden-defra-2024,Freighting goods — HGV (all diesel) — Rigid (>3.5 - 7.5 tonnes) — 50% Laden (DEFRA 2024),scope3-distance,3,4,HGV (all diesel) — Rigid (>3.5 - 7.5 tonnes) — 50% Laden,0.4399,kg CO2e / tonne.km,,,,Global,Global,"{GHG-Protocol,SB-253}",AR5,2,,DEFRA UK GHG Conversion Factors 2024 v1.1,https://www.gov.uk/government/collections/government-conversion-factors-for-company-reporting,2024,2024-10-01,2024-10-01,,,methodologies/scope-3-cat6-business-travel,2026-04-24
scope3-transport-freighting-goods-hgv-all-diesel-rigid-3-5-7-5-tonnes-100-laden-defra-2024,Freighting goods — HGV (all diesel) — Rigid (>3.5 - 7.5 tonnes) — 100% Laden (DEFRA 2024),scope3-distance,3,4,HGV (all diesel) — Rigid (>3.5 - 7.5 tonnes) — 100% Laden,0.23736,kg CO2e / tonne.km,,,,Global,Global,"{GHG-Protocol,SB-253}",AR5,2,,DEFRA UK GHG Conversion Factors 2024 v1.1,https://www.gov.uk/government/collections/government-conversion-factors-for-company-reporting,2024,2024-10-01,2024-10-01,,,methodologies/scope-3-cat6-business-travel,2026-04-24
scope3-transport-freighting-goods-hgv-all-diesel-rigid-3-5-7-5-tonnes-average-laden-defra-2024,Freighting goods — HGV (all diesel) — Rigid (>3.5 - 7.5 tonnes) — Average laden (DEFRA 2024),scope3-distance,3,4,HGV (all diesel) — Rigid (>3.5 - 7.5 tonnes) — Average laden,0.50546,kg CO2e / tonne.km,,,,Global,Global,"{GHG-Protocol,SB-253}",AR5,2,,DEFRA UK GHG Conversion Factors 2024 v1.1,https://www.gov.uk/government/collections/government-conversion-factors-for-company-reporting,2024,2024-10-01,2024-10-01,,,methodologies/scope-3-cat6-business-travel,2026-04-24
scope3-transport-freighting-goods-hgv-all-diesel-rigid-3-5-7-5-tonnes-0-laden-defra-2024,Freighting goods — HGV (all diesel) — Rigid (>3.5 - 7.5 tonnes) — 0% Laden (DEFRA 2024),scope3-distance,3,4,HGV (all diesel) — Rigid (>3.5 - 7.5 tonnes) — 0% Laden,0.4538,kg CO2e / km,,,,Global,Global,"{GHG-Protocol,SB-253}",AR5,2,,DEFRA UK GHG Conversion Factors 2024 v1.1,https://www.gov.uk/government/collections/government-conversion-factors-for-company-reporting,2024,2024-10-01,2024-10-01,,,methodologies/scope-3-cat6-business-travel,2026-04-24
scope3-transport-freighting-goods-hgv-all-diesel-rigid-3-5-7-5-tonnes-50-laden-defra-2024-572,Freighting goods — HGV (all diesel) — Rigid (>3.5 - 7.5 tonnes) — 50% Laden (DEFRA 2024),scope3-distance,3,4,HGV (all diesel) — Rigid (>3.5 - 7.5 tonnes) — 50% Laden,0.49279,kg CO2e / km,,,,Global,Global,"{GHG-Protocol,SB-253}",AR5,2,,DEFRA UK GHG Conversion Factors 2024 v1.1,https://www.gov.uk/government/collections/government-conversion-factors-for-company-reporting,2024,2024-10-01,2024-10-01,,,methodologies/scope-3-cat6-business-travel,2026-04-24
scope3-transport-freighting-goods-hgv-all-diesel-rigid-3-5-7-5-tonnes-100-laden-defra-2024-573,Freighting goods — HGV (all diesel) — Rigid (>3.5 - 7.5 tonnes) — 100% Laden (DEFRA 2024),scope3-distance,3,4,HGV (all diesel) — Rigid (>3.5 - 7.5 tonnes) — 100% Laden,0.53178,kg CO2e / km,,,,Global,Global,"{GHG-Protocol,SB-253}",AR5,2,,DEFRA UK GHG Conversion Factors 2024 v1.1,https://www.gov.uk/government/collections/government-conversion-factors-for-company-reporting,2024,2024-10-01,2024-10-01,,,methodologies/scope-3-cat6-business-travel,2026-04-24
scope3-transport-freighting-goods-hgv-all-diesel-rigid-3-5-7-5-tonnes-average-laden-defra-2024-574,Freighting goods — HGV (all diesel) — Rigid (>3.5 - 7.5 tonnes) — Average laden (DEFRA 2024),scope3-distance,3,4,HGV (all diesel) — Rigid (>3.5 - 7.5 tonnes) — Average laden,0.48733,kg CO2e / km,,,,Global,Global,"{GHG-Protocol,SB-253}",AR5,2,,DEFRA UK GHG Conversion Factors 2024 v1.1,https://www.gov.uk/government/collections/government-conversion-factors-for-company-reporting,2024,2024-10-01,2024-10-01,,,methodologies/scope-3-cat6-business-travel,2026-04-24
scope3-transport-freighting-goods-hgv-all-diesel-rigid-3-5-7-5-tonnes-0-laden-defra-2024-575,Freighting goods — HGV (all diesel) — Rigid (>3.5 - 7.5 tonnes) — 0% Laden (DEFRA 2024),scope3-distance,3,4,HGV (all diesel) — Rigid (>3.5 - 7.5 tonnes) — 0% Laden,0.73031,kg CO2e / miles,,,,Global,Global,"{GHG-Protocol,SB-253}",AR5,2,,DEFRA UK GHG Conversion Factors 2024 v1.1,https://www.gov.uk/government/collections/government-conversion-factors-for-company-reporting,2024,2024-10-01,2024-10-01,,,methodologies/scope-3-cat6-business-travel,2026-04-24
scope3-transport-freighting-goods-hgv-all-diesel-rigid-3-5-7-5-tonnes-50-laden-defra-2024-576,Freighting goods — HGV (all diesel) — Rigid (>3.5 - 7.5 tonnes) — 50% Laden (DEFRA 2024),scope3-distance,3,4,HGV (all diesel) — Rigid (>3.5 - 7.5 tonnes) — 50% Laden,0.79306,kg CO2e / miles,,,,Global,Global,"{GHG-Protocol,SB-253}",AR5,2,,DEFRA UK GHG Conversion Factors 2024 v1.1,https://www.gov.uk/government/collections/government-conversion-factors-for-company-reporting,2024,2024-10-01,2024-10-01,,,methodologies/scope-3-cat6-business-travel,2026-04-24
scope3-transport-freighting-goods-hgv-all-diesel-rigid-3-5-7-5-tonnes-100-laden-defra-2024-577,Freighting goods — HGV (all diesel) — Rigid (>3.5 - 7.5 tonnes) — 100% Laden (DEFRA 2024),scope3-distance,3,4,HGV (all diesel) — Rigid (>3.5 - 7.5 tonnes) — 100% Laden,0.8558,kg CO2e / miles,,,,Global,Global,"{GHG-Protocol,SB-253}",AR5,2,,DEFRA UK GHG Conversion Factors 2024 v1.1,https://www.gov.uk/government/collections/government-conversion-factors-for-company-reporting,2024,2024-10-01,2024-10-01,,,methodologies/scope-3-cat6-business-travel,2026-04-24
scope3-transport-freighting-goods-hgv-all-diesel-rigid-3-5-7-5-tonnes-average-laden-defra-2024-578,Freighting goods — HGV (all diesel) — Rigid (>3.5 - 7.5 tonnes) — Average laden (DEFRA 2024),scope3-distance,3,4,HGV (all diesel) — Rigid (>3.5 - 7.5 tonnes) — Average laden,0.78427,kg CO2e / miles,,,,Global,Global,"{GHG-Protocol,SB-253}",AR5,2,,DEFRA UK GHG Conversion Factors 2024 v1.1,https://www.gov.uk/government/collections/government-conversion-factors-for-company-reporting,2024,2024-10-01,2024-10-01,,,methodologies/scope-3-cat6-business-travel,2026-04-24
scope3-transport-freighting-goods-hgv-all-diesel-rigid-7-5-tonnes-17-tonnes-50-laden-defra-2024,Freighting goods — HGV (all diesel) — Rigid (>7.5 tonnes-17 tonnes) — 50% Laden (DEFRA 2024),scope3-distance,3,4,HGV (all diesel) — Rigid (>7.5 tonnes-17 tonnes) — 50% Laden,0.26206,kg CO2e / tonne.km,,,,Global,Global,"{GHG-Protocol,SB-253}",AR5,2,,DEFRA UK GHG Conversion Factors 2024 v1.1,https://www.gov.uk/government/collections/government-conversion-factors-for-company-reporting,2024,2024-10-01,2024-10-01,,,methodologies/scope-3-cat6-business-travel,2026-04-24
scope3-transport-freighting-goods-hgv-all-diesel-rigid-7-5-tonnes-17-tonnes-100-laden-defra-2024,Freighting goods — HGV (all diesel) — Rigid (>7.5 tonnes-17 tonnes) — 100% Laden (DEFRA 2024),scope3-distance,3,4,HGV (all diesel) — Rigid (>7.5 tonnes-17 tonnes) — 100% Laden,0.14724,kg CO2e / tonne.km,,,,Global,Global,"{GHG-Protocol,SB-253}",AR5,2,,DEFRA UK GHG Conversion Factors 2024 v1.1,https://www.gov.uk/government/collections/government-conversion-factors-for-company-reporting,2024,2024-10-01,2024-10-01,,,methodologies/scope-3-cat6-business-travel,2026-04-24
scope3-transport-freighting-goods-hgv-all-diesel-rigid-7-5-tonnes-17-tonnes-average-laden-defra-2024,Freighting goods — HGV (all diesel) — Rigid (>7.5 tonnes-17 tonnes) — Average laden (DEFRA 2024),scope3-distance,3,4,HGV (all diesel) — Rigid (>7.5 tonnes-17 tonnes) — Average laden,0.38023,kg CO2e / tonne.km,,,,Global,Global,"{GHG-Protocol,SB-253}",AR5,2,,DEFRA UK GHG Conversion Factors 2024 v1.1,https://www.gov.uk/government/collections/government-conversion-factors-for-company-reporting,2024,2024-10-01,2024-10-01,,,methodologies/scope-3-cat6-business-travel,2026-04-24
scope3-transport-freighting-goods-hgv-all-diesel-rigid-7-5-tonnes-17-tonnes-0-laden-defra-2024,Freighting goods — HGV (all diesel) — Rigid (>7.5 tonnes-17 tonnes) — 0% Laden (DEFRA 2024),scope3-distance,3,4,HGV (all diesel) — Rigid (>7.5 tonnes-17 tonnes) — 0% Laden,0.54426,kg CO2e / km,,,,Global,Global,"{GHG-Protocol,SB-253}",AR5,2,,DEFRA UK GHG Conversion Factors 2024 v1.1,https://www.gov.uk/government/collections/government-conversion-factors-for-company-reporting,2024,2024-10-01,2024-10-01,,,methodologies/scope-3-cat6-business-travel,2026-04-24
scope3-transport-freighting-goods-hgv-all-diesel-rigid-7-5-tonnes-17-tonnes-50-laden-defra-2024-583,Freighting goods — HGV (all diesel) — Rigid (>7.5 tonnes-17 tonnes) — 50% Laden (DEFRA 2024),scope3-distance,3,4,HGV (all diesel) — Rigid (>7.5 tonnes-17 tonnes) — 50% Laden,0.62106,kg CO2e / km,,,,Global,Global,"{GHG-Protocol,SB-253}",AR5,2,,DEFRA UK GHG Conversion Factors 2024 v1.1,https://www.gov.uk/government/collections/government-conversion-factors-for-company-reporting,2024,2024-10-01,2024-10-01,,,methodologies/scope-3-cat6-business-travel,2026-04-24
scope3-transport-freighting-goods-hgv-all-diesel-rigid-7-5-tonnes-17-tonnes-100-laden-defra-202-584,Freighting goods — HGV (all diesel) — Rigid (>7.5 tonnes-17 tonnes) — 100% Laden (DEFRA 2024),scope3-distance,3,4,HGV (all diesel) — Rigid (>7.5 tonnes-17 tonnes) — 100% Laden,0.69787,kg CO2e / km,,,,Global,Global,"{GHG-Protocol,SB-253}",AR5,2,,DEFRA UK GHG Conversion Factors 2024 v1.1,https://www.gov.uk/government/collections/government-conversion-factors-for-company-reporting,2024,2024-10-01,2024-10-01,,,methodologies/scope-3-cat6-business-travel,2026-04-24
scope3-transport-freighting-goods-hgv-all-diesel-rigid-7-5-tonnes-17-tonnes-average-laden-defra-585,Freighting goods — HGV (all diesel) — Rigid (>7.5 tonnes-17 tonnes) — Average laden (DEFRA 2024),scope3-distance,3,4,HGV (all diesel) — Rigid (>7.5 tonnes-17 tonnes) — Average laden,0.59495,kg CO2e / km,,,,Global,Global,"{GHG-Protocol,SB-253}",AR5,2,,DEFRA UK GHG Conversion Factors 2024 v1.1,https://www.gov.uk/government/collections/government-conversion-factors-for-company-reporting,2024,2024-10-01,2024-10-01,,,methodologies/scope-3-cat6-business-travel,2026-04-24
scope3-transport-freighting-goods-hgv-all-diesel-rigid-7-5-tonnes-17-tonnes-0-laden-defra-2024-586,Freighting goods — HGV (all diesel) — Rigid (>7.5 tonnes-17 tonnes) — 0% Laden (DEFRA 2024),scope3-distance,3,4,HGV (all diesel) — Rigid (>7.5 tonnes-17 tonnes) — 0% Laden,0.87591,kg CO2e / miles,,,,Global,Global,"{GHG-Protocol,SB-253}",AR5,2,,DEFRA UK GHG Conversion Factors 2024 v1.1,https://www.gov.uk/government/collections/government-conversion-factors-for-company-reporting,2024,2024-10-01,2024-10-01,,,methodologies/scope-3-cat6-business-travel,2026-04-24
scope3-transport-freighting-goods-hgv-all-diesel-rigid-7-5-tonnes-17-tonnes-50-laden-defra-2024-587,Freighting goods — HGV (all diesel) — Rigid (>7.5 tonnes-17 tonnes) — 50% Laden (DEFRA 2024),scope3-distance,3,4,HGV (all diesel) — Rigid (>7.5 tonnes-17 tonnes) — 50% Laden,0.99952,kg CO2e / miles,,,,Global,Global,"{GHG-Protocol,SB-253}",AR5,2,,DEFRA UK GHG Conversion Factors 2024 v1.1,https://www.gov.uk/government/collections/government-conversion-factors-for-company-reporting,2024,2024-10-01,2024-10-01,,,methodologies/scope-3-cat6-business-travel,2026-04-24
scope3-transport-freighting-goods-hgv-all-diesel-rigid-7-5-tonnes-17-tonnes-100-laden-defra-202-588,Freighting goods — HGV (all diesel) — Rigid (>7.5 tonnes-17 tonnes) — 100% Laden (DEFRA 2024),scope3-distance,3,4,HGV (all diesel) — Rigid (>7.5 tonnes-17 tonnes) — 100% Laden,1.12313,kg CO2e / miles,,,,Global,Global,"{GHG-Protocol,SB-253}",AR5,2,,DEFRA UK GHG Conversion Factors 2024 v1.1,https://www.gov.uk/government/collections/government-conversion-factors-for-company-reporting,2024,2024-10-01,2024-10-01,,,methodologies/scope-3-cat6-business-travel,2026-04-24
scope3-transport-freighting-goods-hgv-all-diesel-rigid-7-5-tonnes-17-tonnes-average-laden-defra-589,Freighting goods — HGV (all diesel) — Rigid (>7.5 tonnes-17 tonnes) — Average laden (DEFRA 2024),scope3-distance,3,4,HGV (all diesel) — Rigid (>7.5 tonnes-17 tonnes) — Average laden,0.95749,kg CO2e / miles,,,,Global,Global,"{GHG-Protocol,SB-253}",AR5,2,,DEFRA UK GHG Conversion Factors 2024 v1.1,https://www.gov.uk/government/collections/government-conversion-factors-for-company-reporting,2024,2024-10-01,2024-10-01,,,methodologies/scope-3-cat6-business-travel,2026-04-24
scope3-transport-freighting-goods-hgv-all-diesel-rigid-17-tonnes-50-laden-defra-2024,Freighting goods — HGV (all diesel) — Rigid (>17 tonnes) — 50% Laden (DEFRA 2024),scope3-distance,3,4,HGV (all diesel) — Rigid (>17 tonnes) — 50% Laden,0.20077,kg CO2e / tonne.km,,,,Global,Global,"{GHG-Protocol,SB-253}",AR5,2,,DEFRA UK GHG Conversion Factors 2024 v1.1,https://www.gov.uk/government/collections/government-conversion-factors-for-company-reporting,2024,2024-10-01,2024-10-01,,,methodologies/scope-3-cat6-business-travel,2026-04-24
scope3-transport-freighting-goods-hgv-all-diesel-rigid-17-tonnes-100-laden-defra-2024,Freighting goods — HGV (all diesel) — Rigid (>17 tonnes) — 100% Laden (DEFRA 2024),scope3-distance,3,4,HGV (all diesel) — Rigid (>17 tonnes) — 100% Laden,0.11824,kg CO2e / tonne.km,,,,Global,Global,"{GHG-Protocol,SB-253}",AR5,2,,DEFRA UK GHG Conversion Factors 2024 v1.1,https://www.gov.uk/government/collections/government-conversion-factors-for-company-reporting,2024,2024-10-01,2024-10-01,,,methodologies/scope-3-cat6-business-travel,2026-04-24
scope3-transport-freighting-goods-hgv-all-diesel-rigid-17-tonnes-average-laden-defra-2024,Freighting goods — HGV (all diesel) — Rigid (>17 tonnes) — Average laden (DEFRA 2024),scope3-distance,3,4,HGV (all diesel) — Rigid (>17 tonnes) — Average laden,0.15398,kg CO2e / tonne.km,,,,Global,Global,"{GHG-Protocol,SB-253}",AR5,2,,DEFRA UK GHG Conversion Factors 2024 v1.1,https://www.gov.uk/government/collections/government-conversion-factors-for-company-reporting,2024,2024-10-01,2024-10-01,,,methodologies/scope-3-cat6-business-travel,2026-04-24
scope3-transport-freighting-goods-hgv-all-diesel-rigid-17-tonnes-0-laden-defra-2024,Freighting goods — HGV (all diesel) — Rigid (>17 tonnes) — 0% Laden (DEFRA 2024),scope3-distance,3,4,HGV (all diesel) — Rigid (>17 tonnes) — 0% Laden,0.74987,kg CO2e / km,,,,Global,Global,"{GHG-Protocol,SB-253}",AR5,2,,DEFRA UK GHG Conversion Factors 2024 v1.1,https://www.gov.uk/government/collections/government-conversion-factors-for-company-reporting,2024,2024-10-01,2024-10-01,,,methodologies/scope-3-cat6-business-travel,2026-04-24
scope3-transport-freighting-goods-hgv-all-diesel-rigid-17-tonnes-50-laden-defra-2024-594,Freighting goods — HGV (all diesel) — Rigid (>17 tonnes) — 50% Laden (DEFRA 2024),scope3-distance,3,4,HGV (all diesel) — Rigid (>17 tonnes) — 50% Laden,0.9121,kg CO2e / km,,,,Global,Global,"{GHG-Protocol,SB-253}",AR5,2,,DEFRA UK GHG Conversion Factors 2024 v1.1,https://www.gov.uk/government/collections/government-conversion-factors-for-company-reporting,2024,2024-10-01,2024-10-01,,,methodologies/scope-3-cat6-business-travel,2026-04-24
scope3-transport-freighting-goods-hgv-all-diesel-rigid-17-tonnes-100-laden-defra-2024-595,Freighting goods — HGV (all diesel) — Rigid (>17 tonnes) — 100% Laden (DEFRA 2024),scope3-distance,3,4,HGV (all diesel) — Rigid (>17 tonnes) — 100% Laden,1.07433,kg CO2e / km,,,,Global,Global,"{GHG-Protocol,SB-253}",AR5,2,,DEFRA UK GHG Conversion Factors 2024 v1.1,https://www.gov.uk/government/collections/government-conversion-factors-for-company-reporting,2024,2024-10-01,2024-10-01,,,methodologies/scope-3-cat6-business-travel,2026-04-24
scope3-transport-freighting-goods-hgv-all-diesel-rigid-17-tonnes-average-laden-defra-2024-596,Freighting goods — HGV (all diesel) — Rigid (>17 tonnes) — Average laden (DEFRA 2024),scope3-distance,3,4,HGV (all diesel) — Rigid (>17 tonnes) — Average laden,0.97698,kg CO2e / km,,,,Global,Global,"{GHG-Protocol,SB-253}",AR5,2,,DEFRA UK GHG Conversion Factors 2024 v1.1,https://www.gov.uk/government/collections/government-conversion-factors-for-company-reporting,2024,2024-10-01,2024-10-01,,,methodologies/scope-3-cat6-business-travel,2026-04-24
scope3-transport-freighting-goods-hgv-all-diesel-rigid-17-tonnes-0-laden-defra-2024-597,Freighting goods — HGV (all diesel) — Rigid (>17 tonnes) — 0% Laden (DEFRA 2024),scope3-distance,3,4,HGV (all diesel) — Rigid (>17 tonnes) — 0% Laden,1.20681,kg CO2e / miles,,,,Global,Global,"{GHG-Protocol,SB-253}",AR5,2,,DEFRA UK GHG Conversion Factors 2024 v1.1,https://www.gov.uk/government/collections/government-conversion-factors-for-company-reporting,2024,2024-10-01,2024-10-01,,,methodologies/scope-3-cat6-business-travel,2026-04-24
scope3-transport-freighting-goods-hgv-all-diesel-rigid-17-tonnes-50-laden-defra-2024-598,Freighting goods — HGV (all diesel) — Rigid (>17 tonnes) — 50% Laden (DEFRA 2024),scope3-distance,3,4,HGV (all diesel) — Rigid (>17 tonnes) — 50% Laden,1.4679,kg CO2e / miles,,,,Global,Global,"{GHG-Protocol,SB-253}",AR5,2,,DEFRA UK GHG Conversion Factors 2024 v1.1,https://www.gov.uk/government/collections/government-conversion-factors-for-company-reporting,2024,2024-10-01,2024-10-01,,,methodologies/scope-3-cat6-business-travel,2026-04-24
scope3-transport-freighting-goods-hgv-all-diesel-rigid-17-tonnes-100-laden-defra-2024-599,Freighting goods — HGV (all diesel) — Rigid (>17 tonnes) — 100% Laden (DEFRA 2024),scope3-distance,3,4,HGV (all diesel) — Rigid (>17 tonnes) — 100% Laden,1.72898,kg CO2e / miles,,,,Global,Global,"{GHG-Protocol,SB-253}",AR5,2,,DEFRA UK GHG Conversion Factors 2024 v1.1,https://www.gov.uk/government/collections/government-conversion-factors-for-company-reporting,2024,2024-10-01,2024-10-01,,,methodologies/scope-3-cat6-business-travel,2026-04-24
scope3-transport-freighting-goods-hgv-all-diesel-rigid-17-tonnes-average-laden-defra-2024-600,Freighting goods — HGV (all diesel) — Rigid (>17 tonnes) — Average laden (DEFRA 2024),scope3-distance,3,4,HGV (all diesel) — Rigid (>17 tonnes) — Average laden,1.57231,kg CO2e / miles,,,,Global,Global,"{GHG-Protocol,SB-253}",AR5,2,,DEFRA UK GHG Conversion Factors 2024 v1.1,https://www.gov.uk/government/collections/government-conversion-factors-for-company-reporting,2024,2024-10-01,2024-10-01,,,methodologies/scope-3-cat6-business-travel,2026-04-24
scope3-transport-freighting-goods-hgv-all-diesel-all-rigids-50-laden-defra-2024,Freighting goods — HGV (all diesel) — All rigids — 50% Laden (DEFRA 2024),scope3-distance,3,4,HGV (all diesel) — All rigids — 50% Laden,0.21412,kg CO2e / tonne.km,,,,Global,Global,"{GHG-Protocol,SB-253}",AR5,2,,DEFRA UK GHG Conversion Factors 2024 v1.1,https://www.gov.uk/government/collections/government-conversion-factors-for-company-reporting,2024,2024-10-01,2024-10-01,,,methodologies/scope-3-cat6-business-travel,2026-04-24
scope3-transport-freighting-goods-hgv-all-diesel-all-rigids-100-laden-defra-2024,Freighting goods — HGV (all diesel) — All rigids — 100% Laden (DEFRA 2024),scope3-distance,3,4,HGV (all diesel) — All rigids — 100% Laden,0.12482,kg CO2e / tonne.km,,,,Global,Global,"{GHG-Protocol,SB-253}",AR5,2,,DEFRA UK GHG Conversion Factors 2024 v1.1,https://www.gov.uk/government/collections/government-conversion-factors-for-company-reporting,2024,2024-10-01,2024-10-01,,,methodologies/scope-3-cat6-business-travel,2026-04-24
scope3-transport-freighting-goods-hgv-all-diesel-all-rigids-average-laden-defra-2024,Freighting goods — HGV (all diesel) — All rigids — Average laden (DEFRA 2024),scope3-distance,3,4,HGV (all diesel) — All rigids — Average laden,0.17853,kg CO2e / tonne.km,,,,Global,Global,"{GHG-Protocol,SB-253}",AR5,2,,DEFRA UK GHG Conversion Factors 2024 v1.1,https://www.gov.uk/government/collections/government-conversion-factors-for-company-reporting,2024,2024-10-01,2024-10-01,,,methodologies/scope-3-cat6-business-travel,2026-04-24
scope3-transport-freighting-goods-hgv-all-diesel-all-rigids-0-laden-defra-2024,Freighting goods — HGV (all diesel) — All rigids — 0% Laden (DEFRA 2024),scope3-distance,3,4,HGV (all diesel) — All rigids — 0% Laden,0.66163,kg CO2e / km,,,,Global,Global,"{GHG-Protocol,SB-253}",AR5,2,,DEFRA UK GHG Conversion Factors 2024 v1.1,https://www.gov.uk/government/collections/government-conversion-factors-for-company-reporting,2024,2024-10-01,2024-10-01,,,methodologies/scope-3-cat6-business-travel,2026-04-24
scope3-transport-freighting-goods-hgv-all-diesel-all-rigids-50-laden-defra-2024-605,Freighting goods — HGV (all diesel) — All rigids — 50% Laden (DEFRA 2024),scope3-distance,3,4,HGV (all diesel) — All rigids — 50% Laden,0.78719,kg CO2e / km,,,,Global,Global,"{GHG-Protocol,SB-253}",AR5,2,,DEFRA UK GHG Conversion Factors 2024 v1.1,https://www.gov.uk/government/collections/government-conversion-factors-for-company-reporting,2024,2024-10-01,2024-10-01,,,methodologies/scope-3-cat6-business-travel,2026-04-24
scope3-transport-freighting-goods-hgv-all-diesel-all-rigids-100-laden-defra-2024-606,Freighting goods — HGV (all diesel) — All rigids — 100% Laden (DEFRA 2024),scope3-distance,3,4,HGV (all diesel) — All rigids — 100% Laden,0.91274,kg CO2e / km,,,,Global,Global,"{GHG-Protocol,SB-253}",AR5,2,,DEFRA UK GHG Conversion Factors 2024 v1.1,https://www.gov.uk/government/collections/government-conversion-factors-for-company-reporting,2024,2024-10-01,2024-10-01,,,methodologies/scope-3-cat6-business-travel,2026-04-24
scope3-transport-freighting-goods-hgv-all-diesel-all-rigids-average-laden-defra-2024-607,Freighting goods — HGV (all diesel) — All rigids — Average laden (DEFRA 2024),scope3-distance,3,4,HGV (all diesel) — All rigids — Average laden,0.82657,kg CO2e / km,,,,Global,Global,"{GHG-Protocol,SB-253}",AR5,2,,DEFRA UK GHG Conversion Factors 2024 v1.1,https://www.gov.uk/government/collections/government-conversion-factors-for-company-reporting,2024,2024-10-01,2024-10-01,,,methodologies/scope-3-cat6-business-travel,2026-04-24
scope3-transport-freighting-goods-hgv-all-diesel-all-rigids-0-laden-defra-2024-608,Freighting goods — HGV (all diesel) — All rigids — 0% Laden (DEFRA 2024),scope3-distance,3,4,HGV (all diesel) — All rigids — 0% Laden,1.06479,kg CO2e / miles,,,,Global,Global,"{GHG-Protocol,SB-253}",AR5,2,,DEFRA UK GHG Conversion Factors 2024 v1.1,https://www.gov.uk/government/collections/government-conversion-factors-for-company-reporting,2024,2024-10-01,2024-10-01,,,methodologies/scope-3-cat6-business-travel,2026-04-24
scope3-transport-freighting-goods-hgv-all-diesel-all-rigids-50-laden-defra-2024-609,Freighting goods — HGV (all diesel) — All rigids — 50% Laden (DEFRA 2024),scope3-distance,3,4,HGV (all diesel) — All rigids — 50% Laden,1.26685,kg CO2e / miles,,,,Global,Global,"{GHG-Protocol,SB-253}",AR5,2,,DEFRA UK GHG Conversion Factors 2024 v1.1,https://www.gov.uk/government/collections/government-conversion-factors-for-company-reporting,2024,2024-10-01,2024-10-01,,,methodologies/scope-3-cat6-business-travel,2026-04-24
scope3-transport-freighting-goods-hgv-all-diesel-all-rigids-100-laden-defra-2024-610,Freighting goods — HGV (all diesel) — All rigids — 100% Laden (DEFRA 2024),scope3-distance,3,4,HGV (all diesel) — All rigids — 100% Laden,1.46891,kg CO2e / miles,,,,Global,Global,"{GHG-Protocol,SB-253}",AR5,2,,DEFRA UK GHG Conversion Factors 2024 v1.1,https://www.gov.uk/government/collections/government-conversion-factors-for-company-reporting,2024,2024-10-01,2024-10-01,,,methodologies/scope-3-cat6-business-travel,2026-04-24
scope3-transport-freighting-goods-hgv-all-diesel-all-rigids-average-laden-defra-2024-611,Freighting goods — HGV (all diesel) — All rigids — Average laden (DEFRA 2024),scope3-distance,3,4,HGV (all diesel) — All rigids — Average laden,1.33023,kg CO2e / miles,,,,Global,Global,"{GHG-Protocol,SB-253}",AR5,2,,DEFRA UK GHG Conversion Factors 2024 v1.1,https://www.gov.uk/government/collections/government-conversion-factors-for-company-reporting,2024,2024-10-01,2024-10-01,,,methodologies/scope-3-cat6-business-travel,2026-04-24
scope3-transport-freighting-goods-hgv-all-diesel-articulated-3-5-33t-50-laden-defra-2024,Freighting goods — HGV (all diesel) — Articulated (>3.5 - 33t) — 50% Laden (DEFRA 2024),scope3-distance,3,4,HGV (all diesel) — Articulated (>3.5 - 33t) — 50% Laden,0.11303,kg CO2e / tonne.km,,,,Global,Global,"{GHG-Protocol,SB-253}",AR5,2,,DEFRA UK GHG Conversion Factors 2024 v1.1,https://www.gov.uk/government/collections/government-conversion-factors-for-company-reporting,2024,2024-10-01,2024-10-01,,,methodologies/scope-3-cat6-business-travel,2026-04-24
scope3-transport-freighting-goods-hgv-all-diesel-articulated-3-5-33t-100-laden-defra-2024,Freighting goods — HGV (all diesel) — Articulated (>3.5 - 33t) — 100% Laden (DEFRA 2024),scope3-distance,3,4,HGV (all diesel) — Articulated (>3.5 - 33t) — 100% Laden,0.06763,kg CO2e / tonne.km,,,,Global,Global,"{GHG-Protocol,SB-253}",AR5,2,,DEFRA UK GHG Conversion Factors 2024 v1.1,https://www.gov.uk/government/collections/government-conversion-factors-for-company-reporting,2024,2024-10-01,2024-10-01,,,methodologies/scope-3-cat6-business-travel,2026-04-24
scope3-transport-freighting-goods-hgv-all-diesel-articulated-3-5-33t-average-laden-defra-2024,Freighting goods — HGV (all diesel) — Articulated (>3.5 - 33t) — Average laden (DEFRA 2024),scope3-distance,3,4,HGV (all diesel) — Articulated (>3.5 - 33t) — Average laden,0.11311,kg CO2e / tonne.km,,,,Global,Global,"{GHG-Protocol,SB-253}",AR5,2,,DEFRA UK GHG Conversion Factors 2024 v1.1,https://www.gov.uk/government/collections/government-conversion-factors-for-company-reporting,2024,2024-10-01,2024-10-01,,,methodologies/scope-3-cat6-business-travel,2026-04-24
scope3-transport-freighting-goods-hgv-all-diesel-articulated-3-5-33t-0-laden-defra-2024,Freighting goods — HGV (all diesel) — Articulated (>3.5 - 33t) — 0% Laden (DEFRA 2024),scope3-distance,3,4,HGV (all diesel) — Articulated (>3.5 - 33t) — 0% Laden,0.61558,kg CO2e / km,,,,Global,Global,"{GHG-Protocol,SB-253}",AR5,2,,DEFRA UK GHG Conversion Factors 2024 v1.1,https://www.gov.uk/government/collections/government-conversion-factors-for-company-reporting,2024,2024-10-01,2024-10-01,,,methodologies/scope-3-cat6-business-travel,2026-04-24
scope3-transport-freighting-goods-hgv-all-diesel-articulated-3-5-33t-50-laden-defra-2024-616,Freighting goods — HGV (all diesel) — Articulated (>3.5 - 33t) — 50% Laden (DEFRA 2024),scope3-distance,3,4,HGV (all diesel) — Articulated (>3.5 - 33t) — 50% Laden,0.76642,kg CO2e / km,,,,Global,Global,"{GHG-Protocol,SB-253}",AR5,2,,DEFRA UK GHG Conversion Factors 2024 v1.1,https://www.gov.uk/government/collections/government-conversion-factors-for-company-reporting,2024,2024-10-01,2024-10-01,,,methodologies/scope-3-cat6-business-travel,2026-04-24
scope3-transport-freighting-goods-hgv-all-diesel-articulated-3-5-33t-100-laden-defra-2024-617,Freighting goods — HGV (all diesel) — Articulated (>3.5 - 33t) — 100% Laden (DEFRA 2024),scope3-distance,3,4,HGV (all diesel) — Articulated (>3.5 - 33t) — 100% Laden,0.91726,kg CO2e / km,,,,Global,Global,"{GHG-Protocol,SB-253}",AR5,2,,DEFRA UK GHG Conversion Factors 2024 v1.1,https://www.gov.uk/government/collections/government-conversion-factors-for-company-reporting,2024,2024-10-01,2024-10-01,,,methodologies/scope-3-cat6-business-travel,2026-04-24
scope3-transport-freighting-goods-hgv-all-diesel-articulated-3-5-33t-average-laden-defra-2024-618,Freighting goods — HGV (all diesel) — Articulated (>3.5 - 33t) — Average laden (DEFRA 2024),scope3-distance,3,4,HGV (all diesel) — Articulated (>3.5 - 33t) — Average laden,0.76642,kg CO2e / km,,,,Global,Global,"{GHG-Protocol,SB-253}",AR5,2,,DEFRA UK GHG Conversion Factors 2024 v1.1,https://www.gov.uk/government/collections/government-conversion-factors-for-company-reporting,2024,2024-10-01,2024-10-01,,,methodologies/scope-3-cat6-business-travel,2026-04-24
scope3-transport-freighting-goods-hgv-all-diesel-articulated-3-5-33t-0-laden-defra-2024-619,Freighting goods — HGV (all diesel) — Articulated (>3.5 - 33t) — 0% Laden (DEFRA 2024),scope3-distance,3,4,HGV (all diesel) — Articulated (>3.5 - 33t) — 0% Laden,0.99065,kg CO2e / miles,,,,Global,Global,"{GHG-Protocol,SB-253}",AR5,2,,DEFRA UK GHG Conversion Factors 2024 v1.1,https://www.gov.uk/government/collections/government-conversion-factors-for-company-reporting,2024,2024-10-01,2024-10-01,,,methodologies/scope-3-cat6-business-travel,2026-04-24
scope3-transport-freighting-goods-hgv-all-diesel-articulated-3-5-33t-50-laden-defra-2024-620,Freighting goods — HGV (all diesel) — Articulated (>3.5 - 33t) — 50% Laden (DEFRA 2024),scope3-distance,3,4,HGV (all diesel) — Articulated (>3.5 - 33t) — 50% Laden,1.23341,kg CO2e / miles,,,,Global,Global,"{GHG-Protocol,SB-253}",AR5,2,,DEFRA UK GHG Conversion Factors 2024 v1.1,https://www.gov.uk/government/collections/government-conversion-factors-for-company-reporting,2024,2024-10-01,2024-10-01,,,methodologies/scope-3-cat6-business-travel,2026-04-24
scope3-transport-freighting-goods-hgv-all-diesel-articulated-3-5-33t-100-laden-defra-2024-621,Freighting goods — HGV (all diesel) — Articulated (>3.5 - 33t) — 100% Laden (DEFRA 2024),scope3-distance,3,4,HGV (all diesel) — Articulated (>3.5 - 33t) — 100% Laden,1.47616,kg CO2e / miles,,,,Global,Global,"{GHG-Protocol,SB-253}",AR5,2,,DEFRA UK GHG Conversion Factors 2024 v1.1,https://www.gov.uk/government/collections/government-conversion-factors-for-company-reporting,2024,2024-10-01,2024-10-01,,,methodologies/scope-3-cat6-business-travel,2026-04-24
scope3-transport-freighting-goods-hgv-all-diesel-articulated-3-5-33t-average-laden-defra-2024-622,Freighting goods — HGV (all diesel) — Articulated (>3.5 - 33t) — Average laden (DEFRA 2024),scope3-distance,3,4,HGV (all diesel) — Articulated (>3.5 - 33t) — Average laden,1.23341,kg CO2e / miles,,,,Global,Global,"{GHG-Protocol,SB-253}",AR5,2,,DEFRA UK GHG Conversion Factors 2024 v1.1,https://www.gov.uk/government/collections/government-conversion-factors-for-company-reporting,2024,2024-10-01,2024-10-01,,,methodologies/scope-3-cat6-business-travel,2026-04-24
scope3-transport-freighting-goods-hgv-all-diesel-articulated-33t-50-laden-defra-2024,Freighting goods — HGV (all diesel) — Articulated (>33t) — 50% Laden (DEFRA 2024),scope3-distance,3,4,HGV (all diesel) — Articulated (>33t) — 50% Laden,0.09294,kg CO2e / tonne.km,,,,Global,Global,"{GHG-Protocol,SB-253}",AR5,2,,DEFRA UK GHG Conversion Factors 2024 v1.1,https://www.gov.uk/government/collections/government-conversion-factors-for-company-reporting,2024,2024-10-01,2024-10-01,,,methodologies/scope-3-cat6-business-travel,2026-04-24
scope3-transport-freighting-goods-hgv-all-diesel-articulated-33t-100-laden-defra-2024,Freighting goods — HGV (all diesel) — Articulated (>33t) — 100% Laden (DEFRA 2024),scope3-distance,3,4,HGV (all diesel) — Articulated (>33t) — 100% Laden,0.05789,kg CO2e / tonne.km,,,,Global,Global,"{GHG-Protocol,SB-253}",AR5,2,,DEFRA UK GHG Conversion Factors 2024 v1.1,https://www.gov.uk/government/collections/government-conversion-factors-for-company-reporting,2024,2024-10-01,2024-10-01,,,methodologies/scope-3-cat6-business-travel,2026-04-24
scope3-transport-freighting-goods-hgv-all-diesel-articulated-33t-average-laden-defra-2024,Freighting goods — HGV (all diesel) — Articulated (>33t) — Average laden (DEFRA 2024),scope3-distance,3,4,HGV (all diesel) — Articulated (>33t) — Average laden,0.07447,kg CO2e / tonne.km,,,,Global,Global,"{GHG-Protocol,SB-253}",AR5,2,,DEFRA UK GHG Conversion Factors 2024 v1.1,https://www.gov.uk/government/collections/government-conversion-factors-for-company-reporting,2024,2024-10-01,2024-10-01,,,methodologies/scope-3-cat6-business-travel,2026-04-24
scope3-transport-freighting-goods-hgv-all-diesel-articulated-33t-0-laden-defra-2024,Freighting goods — HGV (all diesel) — Articulated (>33t) — 0% Laden (DEFRA 2024),scope3-distance,3,4,HGV (all diesel) — Articulated (>33t) — 0% Laden,0.63238,kg CO2e / km,,,,Global,Global,"{GHG-Protocol,SB-253}",AR5,2,,DEFRA UK GHG Conversion Factors 2024 v1.1,https://www.gov.uk/government/collections/government-conversion-factors-for-company-reporting,2024,2024-10-01,2024-10-01,,,methodologies/scope-3-cat6-business-travel,2026-04-24
scope3-transport-freighting-goods-hgv-all-diesel-articulated-33t-50-laden-defra-2024-627,Freighting goods — HGV (all diesel) — Articulated (>33t) — 50% Laden (DEFRA 2024),scope3-distance,3,4,HGV (all diesel) — Articulated (>33t) — 50% Laden,0.83833,kg CO2e / km,,,,Global,Global,"{GHG-Protocol,SB-253}",AR5,2,,DEFRA UK GHG Conversion Factors 2024 v1.1,https://www.gov.uk/government/collections/government-conversion-factors-for-company-reporting,2024,2024-10-01,2024-10-01,,,methodologies/scope-3-cat6-business-travel,2026-04-24
scope3-transport-freighting-goods-hgv-all-diesel-articulated-33t-100-laden-defra-2024-628,Freighting goods — HGV (all diesel) — Articulated (>33t) — 100% Laden (DEFRA 2024),scope3-distance,3,4,HGV (all diesel) — Articulated (>33t) — 100% Laden,1.04428,kg CO2e / km,,,,Global,Global,"{GHG-Protocol,SB-253}",AR5,2,,DEFRA UK GHG Conversion Factors 2024 v1.1,https://www.gov.uk/government/collections/government-conversion-factors-for-company-reporting,2024,2024-10-01,2024-10-01,,,methodologies/scope-3-cat6-business-travel,2026-04-24
scope3-transport-freighting-goods-hgv-all-diesel-articulated-33t-average-laden-defra-2024-629,Freighting goods — HGV (all diesel) — Articulated (>33t) — Average laden (DEFRA 2024),scope3-distance,3,4,HGV (all diesel) — Articulated (>33t) — Average laden,0.91247,kg CO2e / km,,,,Global,Global,"{GHG-Protocol,SB-253}",AR5,2,,DEFRA UK GHG Conversion Factors 2024 v1.1,https://www.gov.uk/government/collections/government-conversion-factors-for-company-reporting,2024,2024-10-01,2024-10-01,,,methodologies/scope-3-cat6-business-travel,2026-04-24
scope3-transport-freighting-goods-hgv-all-diesel-articulated-33t-0-laden-defra-2024-630,Freighting goods — HGV (all diesel) — Articulated (>33t) — 0% Laden (DEFRA 2024),scope3-distance,3,4,HGV (all diesel) — Articulated (>33t) — 0% Laden,1.0177,kg CO2e / miles,,,,Global,Global,"{GHG-Protocol,SB-253}",AR5,2,,DEFRA UK GHG Conversion Factors 2024 v1.1,https://www.gov.uk/government/collections/government-conversion-factors-for-company-reporting,2024,2024-10-01,2024-10-01,,,methodologies/scope-3-cat6-business-travel,2026-04-24
scope3-transport-freighting-goods-hgv-all-diesel-articulated-33t-50-laden-defra-2024-631,Freighting goods — HGV (all diesel) — Articulated (>33t) — 50% Laden (DEFRA 2024),scope3-distance,3,4,HGV (all diesel) — Articulated (>33t) — 50% Laden,1.34914,kg CO2e / miles,,,,Global,Global,"{GHG-Protocol,SB-253}",AR5,2,,DEFRA UK GHG Conversion Factors 2024 v1.1,https://www.gov.uk/government/collections/government-conversion-factors-for-company-reporting,2024,2024-10-01,2024-10-01,,,methodologies/scope-3-cat6-business-travel,2026-04-24
scope3-transport-freighting-goods-hgv-all-diesel-articulated-33t-100-laden-defra-2024-632,Freighting goods — HGV (all diesel) — Articulated (>33t) — 100% Laden (DEFRA 2024),scope3-distance,3,4,HGV (all diesel) — Articulated (>33t) — 100% Laden,1.68059,kg CO2e / miles,,,,Global,Global,"{GHG-Protocol,SB-253}",AR5,2,,DEFRA UK GHG Conversion Factors 2024 v1.1,https://www.gov.uk/government/collections/government-conversion-factors-for-company-reporting,2024,2024-10-01,2024-10-01,,,methodologies/scope-3-cat6-business-travel,2026-04-24
scope3-transport-freighting-goods-hgv-all-diesel-articulated-33t-average-laden-defra-2024-633,Freighting goods — HGV (all diesel) — Articulated (>33t) — Average laden (DEFRA 2024),scope3-distance,3,4,HGV (all diesel) — Articulated (>33t) — Average laden,1.46846,kg CO2e / miles,,,,Global,Global,"{GHG-Protocol,SB-253}",AR5,2,,DEFRA UK GHG Conversion Factors 2024 v1.1,https://www.gov.uk/government/collections/government-conversion-factors-for-company-reporting,2024,2024-10-01,2024-10-01,,,methodologies/scope-3-cat6-business-travel,2026-04-24
scope3-transport-freighting-goods-hgv-all-diesel-all-artics-50-laden-defra-2024,Freighting goods — HGV (all diesel) — All artics — 50% Laden (DEFRA 2024),scope3-distance,3,4,HGV (all diesel) — All artics — 50% Laden,0.09346,kg CO2e / tonne.km,,,,Global,Global,"{GHG-Protocol,SB-253}",AR5,2,,DEFRA UK GHG Conversion Factors 2024 v1.1,https://www.gov.uk/government/collections/government-conversion-factors-for-company-reporting,2024,2024-10-01,2024-10-01,,,methodologies/scope-3-cat6-business-travel,2026-04-24
scope3-transport-freighting-goods-hgv-all-diesel-all-artics-100-laden-defra-2024,Freighting goods — HGV (all diesel) — All artics — 100% Laden (DEFRA 2024),scope3-distance,3,4,HGV (all diesel) — All artics — 100% Laden,0.05814,kg CO2e / tonne.km,,,,Global,Global,"{GHG-Protocol,SB-253}",AR5,2,,DEFRA UK GHG Conversion Factors 2024 v1.1,https://www.gov.uk/government/collections/government-conversion-factors-for-company-reporting,2024,2024-10-01,2024-10-01,,,methodologies/scope-3-cat6-business-travel,2026-04-24
scope3-transport-freighting-goods-hgv-all-diesel-all-artics-average-laden-defra-2024,Freighting goods — HGV (all diesel) — All artics — Average laden (DEFRA 2024),scope3-distance,3,4,HGV (all diesel) — All artics — Average laden,0.07547,kg CO2e / tonne.km,,,,Global,Global,"{GHG-Protocol,SB-253}",AR5,2,,DEFRA UK GHG Conversion Factors 2024 v1.1,https://www.gov.uk/government/collections/government-conversion-factors-for-company-reporting,2024,2024-10-01,2024-10-01,,,methodologies/scope-3-cat6-business-travel,2026-04-24
scope3-transport-freighting-goods-hgv-all-diesel-all-artics-0-laden-defra-2024,Freighting goods — HGV (all diesel) — All artics — 0% Laden (DEFRA 2024),scope3-distance,3,4,HGV (all diesel) — All artics — 0% Laden,0.63162,kg CO2e / km,,,,Global,Global,"{GHG-Protocol,SB-253}",AR5,2,,DEFRA UK GHG Conversion Factors 2024 v1.1,https://www.gov.uk/government/collections/government-conversion-factors-for-company-reporting,2024,2024-10-01,2024-10-01,,,methodologies/scope-3-cat6-business-travel,2026-04-24
scope3-transport-freighting-goods-hgv-all-diesel-all-artics-50-laden-defra-2024-638,Freighting goods — HGV (all diesel) — All artics — 50% Laden (DEFRA 2024),scope3-distance,3,4,HGV (all diesel) — All artics — 50% Laden,0.83506,kg CO2e / km,,,,Global,Global,"{GHG-Protocol,SB-253}",AR5,2,,DEFRA UK GHG Conversion Factors 2024 v1.1,https://www.gov.uk/government/collections/government-conversion-factors-for-company-reporting,2024,2024-10-01,2024-10-01,,,methodologies/scope-3-cat6-business-travel,2026-04-24
scope3-transport-freighting-goods-hgv-all-diesel-all-artics-100-laden-defra-2024-639,Freighting goods — HGV (all diesel) — All artics — 100% Laden (DEFRA 2024),scope3-distance,3,4,HGV (all diesel) — All artics — 100% Laden,1.03849,kg CO2e / km,,,,Global,Global,"{GHG-Protocol,SB-253}",AR5,2,,DEFRA UK GHG Conversion Factors 2024 v1.1,https://www.gov.uk/government/collections/government-conversion-factors-for-company-reporting,2024,2024-10-01,2024-10-01,,,methodologies/scope-3-cat6-business-travel,2026-04-24
scope3-transport-freighting-goods-hgv-all-diesel-all-artics-average-laden-defra-2024-640,Freighting goods — HGV (all diesel) — All artics — Average laden (DEFRA 2024),scope3-distance,3,4,HGV (all diesel) — All artics — Average laden,0.90581,kg CO2e / km,,,,Global,Global,"{GHG-Protocol,SB-253}",AR5,2,,DEFRA UK GHG Conversion Factors 2024 v1.1,https://www.gov.uk/government/collections/government-conversion-factors-for-company-reporting,2024,2024-10-01,2024-10-01,,,methodologies/scope-3-cat6-business-travel,2026-04-24
scope3-transport-freighting-goods-hgv-all-diesel-all-artics-0-laden-defra-2024-641,Freighting goods — HGV (all diesel) — All artics — 0% Laden (DEFRA 2024),scope3-distance,3,4,HGV (all diesel) — All artics — 0% Laden,1.01648,kg CO2e / miles,,,,Global,Global,"{GHG-Protocol,SB-253}",AR5,2,,DEFRA UK GHG Conversion Factors 2024 v1.1,https://www.gov.uk/government/collections/government-conversion-factors-for-company-reporting,2024,2024-10-01,2024-10-01,,,methodologies/scope-3-cat6-business-travel,2026-04-24
scope3-transport-freighting-goods-hgv-all-diesel-all-artics-50-laden-defra-2024-642,Freighting goods — HGV (all diesel) — All artics — 50% Laden (DEFRA 2024),scope3-distance,3,4,HGV (all diesel) — All artics — 50% Laden,1.34388,kg CO2e / miles,,,,Global,Global,"{GHG-Protocol,SB-253}",AR5,2,,DEFRA UK GHG Conversion Factors 2024 v1.1,https://www.gov.uk/government/collections/government-conversion-factors-for-company-reporting,2024,2024-10-01,2024-10-01,,,methodologies/scope-3-cat6-business-travel,2026-04-24
scope3-transport-freighting-goods-hgv-all-diesel-all-artics-100-laden-defra-2024-643,Freighting goods — HGV (all diesel) — All artics — 100% Laden (DEFRA 2024),scope3-distance,3,4,HGV (all diesel) — All artics — 100% Laden,1.67128,kg CO2e / miles,,,,Global,Global,"{GHG-Protocol,SB-253}",AR5,2,,DEFRA UK GHG Conversion Factors 2024 v1.1,https://www.gov.uk/government/collections/government-conversion-factors-for-company-reporting,2024,2024-10-01,2024-10-01,,,methodologies/scope-3-cat6-business-travel,2026-04-24
scope3-transport-freighting-goods-hgv-all-diesel-all-artics-average-laden-defra-2024-644,Freighting goods — HGV (all diesel) — All artics — Average laden (DEFRA 2024),scope3-distance,3,4,HGV (all diesel) — All artics — Average laden,1.45775,kg CO2e / miles,,,,Global,Global,"{GHG-Protocol,SB-253}",AR5,2,,DEFRA UK GHG Conversion Factors 2024 v1.1,https://www.gov.uk/government/collections/government-conversion-factors-for-company-reporting,2024,2024-10-01,2024-10-01,,,methodologies/scope-3-cat6-business-travel,2026-04-24
scope3-transport-freighting-goods-hgv-all-diesel-all-hgvs-50-laden-defra-2024,Freighting goods — HGV (all diesel) — All HGVs — 50% Laden (DEFRA 2024),scope3-distance,3,4,HGV (all diesel) — All HGVs — 50% Laden,0.11926,kg CO2e / tonne.km,,,,Global,Global,"{GHG-Protocol,SB-253}",AR5,2,,DEFRA UK GHG Conversion Factors 2024 v1.1,https://www.gov.uk/government/collections/government-conversion-factors-for-company-reporting,2024,2024-10-01,2024-10-01,,,methodologies/scope-3-cat6-business-travel,2026-04-24
scope3-transport-freighting-goods-hgv-all-diesel-all-hgvs-100-laden-defra-2024,Freighting goods — HGV (all diesel) — All HGVs — 100% Laden (DEFRA 2024),scope3-distance,3,4,HGV (all diesel) — All HGVs — 100% Laden,0.0724,kg CO2e / tonne.km,,,,Global,Global,"{GHG-Protocol,SB-253}",AR5,2,,DEFRA UK GHG Conversion Factors 2024 v1.1,https://www.gov.uk/government/collections/government-conversion-factors-for-company-reporting,2024,2024-10-01,2024-10-01,,,methodologies/scope-3-cat6-business-travel,2026-04-24
scope3-transport-freighting-goods-hgv-all-diesel-all-hgvs-average-laden-defra-2024,Freighting goods — HGV (all diesel) — All HGVs — Average laden (DEFRA 2024),scope3-distance,3,4,HGV (all diesel) — All HGVs — Average laden,0.09752,kg CO2e / tonne.km,,,,Global,Global,"{GHG-Protocol,SB-253}",AR5,2,,DEFRA UK GHG Conversion Factors 2024 v1.1,https://www.gov.uk/government/collections/government-conversion-factors-for-company-reporting,2024,2024-10-01,2024-10-01,,,methodologies/scope-3-cat6-business-travel,2026-04-24
scope3-transport-freighting-goods-hgv-all-diesel-all-hgvs-0-laden-defra-2024,Freighting goods — HGV (all diesel) — All HGVs — 0% Laden (DEFRA 2024),scope3-distance,3,4,HGV (all diesel) — All HGVs — 0% Laden,0.64392,kg CO2e / km,,,,Global,Global,"{GHG-Protocol,SB-253}",AR5,2,,DEFRA UK GHG Conversion Factors 2024 v1.1,https://www.gov.uk/government/collections/government-conversion-factors-for-company-reporting,2024,2024-10-01,2024-10-01,,,methodologies/scope-3-cat6-business-travel,2026-04-24
scope3-transport-freighting-goods-hgv-all-diesel-all-hgvs-50-laden-defra-2024-649,Freighting goods — HGV (all diesel) — All HGVs — 50% Laden (DEFRA 2024),scope3-distance,3,4,HGV (all diesel) — All HGVs — 50% Laden,0.81517,kg CO2e / km,,,,Global,Global,"{GHG-Protocol,SB-253}",AR5,2,,DEFRA UK GHG Conversion Factors 2024 v1.1,https://www.gov.uk/government/collections/government-conversion-factors-for-company-reporting,2024,2024-10-01,2024-10-01,,,methodologies/scope-3-cat6-business-travel,2026-04-24
scope3-transport-freighting-goods-hgv-all-diesel-all-hgvs-100-laden-defra-2024-650,Freighting goods — HGV (all diesel) — All HGVs — 100% Laden (DEFRA 2024),scope3-distance,3,4,HGV (all diesel) — All HGVs — 100% Laden,0.98641,kg CO2e / km,,,,Global,Global,"{GHG-Protocol,SB-253}",AR5,2,,DEFRA UK GHG Conversion Factors 2024 v1.1,https://www.gov.uk/government/collections/government-conversion-factors-for-company-reporting,2024,2024-10-01,2024-10-01,,,methodologies/scope-3-cat6-business-travel,2026-04-24
scope3-transport-freighting-goods-hgv-all-diesel-all-hgvs-average-laden-defra-2024-651,Freighting goods — HGV (all diesel) — All HGVs — Average laden (DEFRA 2024),scope3-distance,3,4,HGV (all diesel) — All HGVs — Average laden,0.87296,kg CO2e / km,,,,Global,Global,"{GHG-Protocol,SB-253}",AR5,2,,DEFRA UK GHG Conversion Factors 2024 v1.1,https://www.gov.uk/government/collections/government-conversion-factors-for-company-reporting,2024,2024-10-01,2024-10-01,,,methodologies/scope-3-cat6-business-travel,2026-04-24
scope3-transport-freighting-goods-hgv-all-diesel-all-hgvs-0-laden-defra-2024-652,Freighting goods — HGV (all diesel) — All HGVs — 0% Laden (DEFRA 2024),scope3-distance,3,4,HGV (all diesel) — All HGVs — 0% Laden,1.03629,kg CO2e / miles,,,,Global,Global,"{GHG-Protocol,SB-253}",AR5,2,,DEFRA UK GHG Conversion Factors 2024 v1.1,https://www.gov.uk/government/collections/government-conversion-factors-for-company-reporting,2024,2024-10-01,2024-10-01,,,methodologies/scope-3-cat6-business-travel,2026-04-24
scope3-transport-freighting-goods-hgv-all-diesel-all-hgvs-50-laden-defra-2024-653,Freighting goods — HGV (all diesel) — All HGVs — 50% Laden (DEFRA 2024),scope3-distance,3,4,HGV (all diesel) — All HGVs — 50% Laden,1.31188,kg CO2e / miles,,,,Global,Global,"{GHG-Protocol,SB-253}",AR5,2,,DEFRA UK GHG Conversion Factors 2024 v1.1,https://www.gov.uk/government/collections/government-conversion-factors-for-company-reporting,2024,2024-10-01,2024-10-01,,,methodologies/scope-3-cat6-business-travel,2026-04-24
scope3-transport-freighting-goods-hgv-all-diesel-all-hgvs-100-laden-defra-2024-654,Freighting goods — HGV (all diesel) — All HGVs — 100% Laden (DEFRA 2024),scope3-distance,3,4,HGV (all diesel) — All HGVs — 100% Laden,1.58748,kg CO2e / miles,,,,Global,Global,"{GHG-Protocol,SB-253}",AR5,2,,DEFRA UK GHG Conversion Factors 2024 v1.1,https://www.gov.uk/government/collections/government-conversion-factors-for-company-reporting,2024,2024-10-01,2024-10-01,,,methodologies/scope-3-cat6-business-travel,2026-04-24
scope3-transport-freighting-goods-hgv-all-diesel-all-hgvs-average-laden-defra-2024-655,Freighting goods — HGV (all diesel) — All HGVs — Average laden (DEFRA 2024),scope3-distance,3,4,HGV (all diesel) — All HGVs — Average laden,1.40489,kg CO2e / miles,,,,Global,Global,"{GHG-Protocol,SB-253}",AR5,2,,DEFRA UK GHG Conversion Factors 2024 v1.1,https://www.gov.uk/government/collections/government-conversion-factors-for-company-reporting,2024,2024-10-01,2024-10-01,,,methodologies/scope-3-cat6-business-travel,2026-04-24
scope3-transport-freighting-goods-hgv-refrigerated-all-diesel-rigid-3-5-7-5-tonnes-50-laden-defra-20,Freighting goods — HGV refrigerated (all diesel) — Rigid (>3.5 - 7.5 tonnes) — 50% Laden (DEFRA 2024),scope3-distance,3,4,HGV refrigerated (all diesel) — Rigid (>3.5 - 7.5 tonnes) — 50% Laden,0.52382,kg CO2e / tonne.km,,,,Global,Global,"{GHG-Protocol,SB-253}",AR5,2,,DEFRA UK GHG Conversion Factors 2024 v1.1,https://www.gov.uk/government/collections/government-conversion-factors-for-company-reporting,2024,2024-10-01,2024-10-01,,,methodologies/scope-3-cat6-business-travel,2026-04-24
scope3-transport-freighting-goods-hgv-refrigerated-all-diesel-rigid-3-5-7-5-tonnes-100-laden-defra-2,Freighting goods — HGV refrigerated (all diesel) — Rigid (>3.5 - 7.5 tonnes) — 100% Laden (DEFRA 2024),scope3-distance,3,4,HGV refrigerated (all diesel) — Rigid (>3.5 - 7.5 tonnes) — 100% Laden,0.28268,kg CO2e / tonne.km,,,,Global,Global,"{GHG-Protocol,SB-253}",AR5,2,,DEFRA UK GHG Conversion Factors 2024 v1.1,https://www.gov.uk/government/collections/government-conversion-factors-for-company-reporting,2024,2024-10-01,2024-10-01,,,methodologies/scope-3-cat6-business-travel,2026-04-24
scope3-transport-freighting-goods-hgv-refrigerated-all-diesel-rigid-3-5-7-5-tonnes-average-lad-defra,Freighting goods — HGV refrigerated (all diesel) — Rigid (>3.5 - 7.5 tonnes) — Average laden (DEFRA 2024),scope3-distance,3,4,HGV refrigerated (all diesel) — Rigid (>3.5 - 7.5 tonnes) — Average laden,0.60195,kg CO2e / tonne.km,,,,Global,Global,"{GHG-Protocol,SB-253}",AR5,2,,DEFRA UK GHG Conversion Factors 2024 v1.1,https://www.gov.uk/government/collections/government-conversion-factors-for-company-reporting,2024,2024-10-01,2024-10-01,,,methodologies/scope-3-cat6-business-travel,2026-04-24
scope3-transport-freighting-goods-hgv-refrigerated-all-diesel-rigid-3-5-7-5-tonnes-0-laden-defra-202,Freighting goods — HGV refrigerated (all diesel) — Rigid (>3.5 - 7.5 tonnes) — 0% Laden (DEFRA 2024),scope3-distance,3,4,HGV refrigerated (all diesel) — Rigid (>3.5 - 7.5 tonnes) — 0% Laden,0.54033,kg CO2e / km,,,,Global,Global,"{GHG-Protocol,SB-253}",AR5,2,,DEFRA UK GHG Conversion Factors 2024 v1.1,https://www.gov.uk/government/collections/government-conversion-factors-for-company-reporting,2024,2024-10-01,2024-10-01,,,methodologies/scope-3-cat6-business-travel,2026-04-24
scope3-transport-freighting-goods-hgv-refrigerated-all-diesel-rigid-3-5-7-5-tonnes-50-laden-def-660,Freighting goods — HGV refrigerated (all diesel) — Rigid (>3.5 - 7.5 tonnes) — 50% Laden (DEFRA 2024),scope3-distance,3,4,HGV refrigerated (all diesel) — Rigid (>3.5 - 7.5 tonnes) — 50% Laden,0.58684,kg CO2e / km,,,,Global,Global,"{GHG-Protocol,SB-253}",AR5,2,,DEFRA UK GHG Conversion Factors 2024 v1.1,https://www.gov.uk/government/collections/government-conversion-factors-for-company-reporting,2024,2024-10-01,2024-10-01,,,methodologies/scope-3-cat6-business-travel,2026-04-24
scope3-transport-freighting-goods-hgv-refrigerated-all-diesel-rigid-3-5-7-5-tonnes-100-laden-de-661,Freighting goods — HGV refrigerated (all diesel) — Rigid (>3.5 - 7.5 tonnes) — 100% Laden (DEFRA 2024),scope3-distance,3,4,HGV refrigerated (all diesel) — Rigid (>3.5 - 7.5 tonnes) — 100% Laden,0.63336,kg CO2e / km,,,,Global,Global,"{GHG-Protocol,SB-253}",AR5,2,,DEFRA UK GHG Conversion Factors 2024 v1.1,https://www.gov.uk/government/collections/government-conversion-factors-for-company-reporting,2024,2024-10-01,2024-10-01,,,methodologies/scope-3-cat6-business-travel,2026-04-24
scope3-transport-freighting-goods-hgv-refrigerated-all-diesel-rigid-3-5-7-5-tonnes-average-lad--662,Freighting goods — HGV refrigerated (all diesel) — Rigid (>3.5 - 7.5 tonnes) — Average laden (DEFRA 2024),scope3-distance,3,4,HGV refrigerated (all diesel) — Rigid (>3.5 - 7.5 tonnes) — Average laden,0.58033,kg CO2e / km,,,,Global,Global,"{GHG-Protocol,SB-253}",AR5,2,,DEFRA UK GHG Conversion Factors 2024 v1.1,https://www.gov.uk/government/collections/government-conversion-factors-for-company-reporting,2024,2024-10-01,2024-10-01,,,methodologies/scope-3-cat6-business-travel,2026-04-24
scope3-transport-freighting-goods-hgv-refrigerated-all-diesel-rigid-3-5-7-5-tonnes-0-laden-defr-663,Freighting goods — HGV refrigerated (all diesel) — Rigid (>3.5 - 7.5 tonnes) — 0% Laden (DEFRA 2024),scope3-distance,3,4,HGV refrigerated (all diesel) — Rigid (>3.5 - 7.5 tonnes) — 0% Laden,0.86957,kg CO2e / miles,,,,Global,Global,"{GHG-Protocol,SB-253}",AR5,2,,DEFRA UK GHG Conversion Factors 2024 v1.1,https://www.gov.uk/government/collections/government-conversion-factors-for-company-reporting,2024,2024-10-01,2024-10-01,,,methodologies/scope-3-cat6-business-travel,2026-04-24
scope3-transport-freighting-goods-hgv-refrigerated-all-diesel-rigid-3-5-7-5-tonnes-50-laden-def-664,Freighting goods — HGV refrigerated (all diesel) — Rigid (>3.5 - 7.5 tonnes) — 50% Laden (DEFRA 2024),scope3-distance,3,4,HGV refrigerated (all diesel) — Rigid (>3.5 - 7.5 tonnes) — 50% Laden,0.94442,kg CO2e / miles,,,,Global,Global,"{GHG-Protocol,SB-253}",AR5,2,,DEFRA UK GHG Conversion Factors 2024 v1.1,https://www.gov.uk/government/collections/government-conversion-factors-for-company-reporting,2024,2024-10-01,2024-10-01,,,methodologies/scope-3-cat6-business-travel,2026-04-24
scope3-transport-freighting-goods-hgv-refrigerated-all-diesel-rigid-3-5-7-5-tonnes-100-laden-de-665,Freighting goods — HGV refrigerated (all diesel) — Rigid (>3.5 - 7.5 tonnes) — 100% Laden (DEFRA 2024),scope3-distance,3,4,HGV refrigerated (all diesel) — Rigid (>3.5 - 7.5 tonnes) — 100% Laden,1.01928,kg CO2e / miles,,,,Global,Global,"{GHG-Protocol,SB-253}",AR5,2,,DEFRA UK GHG Conversion Factors 2024 v1.1,https://www.gov.uk/government/collections/government-conversion-factors-for-company-reporting,2024,2024-10-01,2024-10-01,,,methodologies/scope-3-cat6-business-travel,2026-04-24
scope3-transport-freighting-goods-hgv-refrigerated-all-diesel-rigid-3-5-7-5-tonnes-average-lad--666,Freighting goods — HGV refrigerated (all diesel) — Rigid (>3.5 - 7.5 tonnes) — Average laden (DEFRA 2024),scope3-distance,3,4,HGV refrigerated (all diesel) — Rigid (>3.5 - 7.5 tonnes) — Average laden,0.93394,kg CO2e / miles,,,,Global,Global,"{GHG-Protocol,SB-253}",AR5,2,,DEFRA UK GHG Conversion Factors 2024 v1.1,https://www.gov.uk/government/collections/government-conversion-factors-for-company-reporting,2024,2024-10-01,2024-10-01,,,methodologies/scope-3-cat6-business-travel,2026-04-24
scope3-transport-freighting-goods-hgv-refrigerated-all-diesel-rigid-7-5-tonnes-17-tonnes-50-la-defra,Freighting goods — HGV refrigerated (all diesel) — Rigid (>7.5 tonnes-17 tonnes) — 50% Laden (DEFRA 2024),scope3-distance,3,4,HGV refrigerated (all diesel) — Rigid (>7.5 tonnes-17 tonnes) — 50% Laden,0.31213,kg CO2e / tonne.km,,,,Global,Global,"{GHG-Protocol,SB-253}",AR5,2,,DEFRA UK GHG Conversion Factors 2024 v1.1,https://www.gov.uk/government/collections/government-conversion-factors-for-company-reporting,2024,2024-10-01,2024-10-01,,,methodologies/scope-3-cat6-business-travel,2026-04-24
scope3-transport-freighting-goods-hgv-refrigerated-all-diesel-rigid-7-5-tonnes-17-tonnes-100-l-defra,Freighting goods — HGV refrigerated (all diesel) — Rigid (>7.5 tonnes-17 tonnes) — 100% Laden (DEFRA 2024),scope3-distance,3,4,HGV refrigerated (all diesel) — Rigid (>7.5 tonnes-17 tonnes) — 100% Laden,0.17541,kg CO2e / tonne.km,,,,Global,Global,"{GHG-Protocol,SB-253}",AR5,2,,DEFRA UK GHG Conversion Factors 2024 v1.1,https://www.gov.uk/government/collections/government-conversion-factors-for-company-reporting,2024,2024-10-01,2024-10-01,,,methodologies/scope-3-cat6-business-travel,2026-04-24
scope3-transport-freighting-goods-hgv-refrigerated-all-diesel-rigid-7-5-tonnes-17-tonnes-avera-defra,Freighting goods — HGV refrigerated (all diesel) — Rigid (>7.5 tonnes-17 tonnes) — Average laden (DEFRA 2024),scope3-distance,3,4,HGV refrigerated (all diesel) — Rigid (>7.5 tonnes-17 tonnes) — Average laden,0.45287,kg CO2e / tonne.km,,,,Global,Global,"{GHG-Protocol,SB-253}",AR5,2,,DEFRA UK GHG Conversion Factors 2024 v1.1,https://www.gov.uk/government/collections/government-conversion-factors-for-company-reporting,2024,2024-10-01,2024-10-01,,,methodologies/scope-3-cat6-business-travel,2026-04-24
scope3-transport-freighting-goods-hgv-refrigerated-all-diesel-rigid-7-5-tonnes-17-tonnes-0-lad-defra,Freighting goods — HGV refrigerated (all diesel) — Rigid (>7.5 tonnes-17 tonnes) — 0% Laden (DEFRA 2024),scope3-distance,3,4,HGV refrigerated (all diesel) — Rigid (>7.5 tonnes-17 tonnes) — 0% Laden,0.64802,kg CO2e / km,,,,Global,Global,"{GHG-Protocol,SB-253}",AR5,2,,DEFRA UK GHG Conversion Factors 2024 v1.1,https://www.gov.uk/government/collections/government-conversion-factors-for-company-reporting,2024,2024-10-01,2024-10-01,,,methodologies/scope-3-cat6-business-travel,2026-04-24
scope3-transport-freighting-goods-hgv-refrigerated-all-diesel-rigid-7-5-tonnes-17-tonnes-50-la--671,Freighting goods — HGV refrigerated (all diesel) — Rigid (>7.5 tonnes-17 tonnes) — 50% Laden (DEFRA 2024),scope3-distance,3,4,HGV refrigerated (all diesel) — Rigid (>7.5 tonnes-17 tonnes) — 50% Laden,0.73965,kg CO2e / km,,,,Global,Global,"{GHG-Protocol,SB-253}",AR5,2,,DEFRA UK GHG Conversion Factors 2024 v1.1,https://www.gov.uk/government/collections/government-conversion-factors-for-company-reporting,2024,2024-10-01,2024-10-01,,,methodologies/scope-3-cat6-business-travel,2026-04-24
scope3-transport-freighting-goods-hgv-refrigerated-all-diesel-rigid-7-5-tonnes-17-tonnes-100-l--672,Freighting goods — HGV refrigerated (all diesel) — Rigid (>7.5 tonnes-17 tonnes) — 100% Laden (DEFRA 2024),scope3-distance,3,4,HGV refrigerated (all diesel) — Rigid (>7.5 tonnes-17 tonnes) — 100% Laden,0.83128,kg CO2e / km,,,,Global,Global,"{GHG-Protocol,SB-253}",AR5,2,,DEFRA UK GHG Conversion Factors 2024 v1.1,https://www.gov.uk/government/collections/government-conversion-factors-for-company-reporting,2024,2024-10-01,2024-10-01,,,methodologies/scope-3-cat6-business-travel,2026-04-24
scope3-transport-freighting-goods-hgv-refrigerated-all-diesel-rigid-7-5-tonnes-17-tonnes-avera--673,Freighting goods — HGV refrigerated (all diesel) — Rigid (>7.5 tonnes-17 tonnes) — Average laden (DEFRA 2024),scope3-distance,3,4,HGV refrigerated (all diesel) — Rigid (>7.5 tonnes-17 tonnes) — Average laden,0.7085,kg CO2e / km,,,,Global,Global,"{GHG-Protocol,SB-253}",AR5,2,,DEFRA UK GHG Conversion Factors 2024 v1.1,https://www.gov.uk/government/collections/government-conversion-factors-for-company-reporting,2024,2024-10-01,2024-10-01,,,methodologies/scope-3-cat6-business-travel,2026-04-24
scope3-transport-freighting-goods-hgv-refrigerated-all-diesel-rigid-7-5-tonnes-17-tonnes-0-lad--674,Freighting goods — HGV refrigerated (all diesel) — Rigid (>7.5 tonnes-17 tonnes) — 0% Laden (DEFRA 2024),scope3-distance,3,4,HGV refrigerated (all diesel) — Rigid (>7.5 tonnes-17 tonnes) — 0% Laden,1.0429,kg CO2e / miles,,,,Global,Global,"{GHG-Protocol,SB-253}",AR5,2,,DEFRA UK GHG Conversion Factors 2024 v1.1,https://www.gov.uk/government/collections/government-conversion-factors-for-company-reporting,2024,2024-10-01,2024-10-01,,,methodologies/scope-3-cat6-business-travel,2026-04-24
scope3-transport-freighting-goods-hgv-refrigerated-all-diesel-rigid-7-5-tonnes-17-tonnes-50-la--675,Freighting goods — HGV refrigerated (all diesel) — Rigid (>7.5 tonnes-17 tonnes) — 50% Laden (DEFRA 2024),scope3-distance,3,4,HGV refrigerated (all diesel) — Rigid (>7.5 tonnes-17 tonnes) — 50% Laden,1.19036,kg CO2e / miles,,,,Global,Global,"{GHG-Protocol,SB-253}",AR5,2,,DEFRA UK GHG Conversion Factors 2024 v1.1,https://www.gov.uk/government/collections/government-conversion-factors-for-company-reporting,2024,2024-10-01,2024-10-01,,,methodologies/scope-3-cat6-business-travel,2026-04-24
scope3-transport-freighting-goods-hgv-refrigerated-all-diesel-rigid-7-5-tonnes-17-tonnes-100-l--676,Freighting goods — HGV refrigerated (all diesel) — Rigid (>7.5 tonnes-17 tonnes) — 100% Laden (DEFRA 2024),scope3-distance,3,4,HGV refrigerated (all diesel) — Rigid (>7.5 tonnes-17 tonnes) — 100% Laden,1.33783,kg CO2e / miles,,,,Global,Global,"{GHG-Protocol,SB-253}",AR5,2,,DEFRA UK GHG Conversion Factors 2024 v1.1,https://www.gov.uk/government/collections/government-conversion-factors-for-company-reporting,2024,2024-10-01,2024-10-01,,,methodologies/scope-3-cat6-business-travel,2026-04-24
scope3-transport-freighting-goods-hgv-refrigerated-all-diesel-rigid-7-5-tonnes-17-tonnes-avera--677,Freighting goods — HGV refrigerated (all diesel) — Rigid (>7.5 tonnes-17 tonnes) — Average laden (DEFRA 2024),scope3-distance,3,4,HGV refrigerated (all diesel) — Rigid (>7.5 tonnes-17 tonnes) — Average laden,1.14022,kg CO2e / miles,,,,Global,Global,"{GHG-Protocol,SB-253}",AR5,2,,DEFRA UK GHG Conversion Factors 2024 v1.1,https://www.gov.uk/government/collections/government-conversion-factors-for-company-reporting,2024,2024-10-01,2024-10-01,,,methodologies/scope-3-cat6-business-travel,2026-04-24
scope3-transport-freighting-goods-hgv-refrigerated-all-diesel-rigid-17-tonnes-50-laden-defra-2024,Freighting goods — HGV refrigerated (all diesel) — Rigid (>17 tonnes) — 50% Laden (DEFRA 2024),scope3-distance,3,4,HGV refrigerated (all diesel) — Rigid (>17 tonnes) — 50% Laden,0.23906,kg CO2e / tonne.km,,,,Global,Global,"{GHG-Protocol,SB-253}",AR5,2,,DEFRA UK GHG Conversion Factors 2024 v1.1,https://www.gov.uk/government/collections/government-conversion-factors-for-company-reporting,2024,2024-10-01,2024-10-01,,,methodologies/scope-3-cat6-business-travel,2026-04-24
scope3-transport-freighting-goods-hgv-refrigerated-all-diesel-rigid-17-tonnes-100-laden-defra-2024,Freighting goods — HGV refrigerated (all diesel) — Rigid (>17 tonnes) — 100% Laden (DEFRA 2024),scope3-distance,3,4,HGV refrigerated (all diesel) — Rigid (>17 tonnes) — 100% Laden,0.14083,kg CO2e / tonne.km,,,,Global,Global,"{GHG-Protocol,SB-253}",AR5,2,,DEFRA UK GHG Conversion Factors 2024 v1.1,https://www.gov.uk/government/collections/government-conversion-factors-for-company-reporting,2024,2024-10-01,2024-10-01,,,methodologies/scope-3-cat6-business-travel,2026-04-24
scope3-transport-freighting-goods-hgv-refrigerated-all-diesel-rigid-17-tonnes-average-laden-defra-20,Freighting goods — HGV refrigerated (all diesel) — Rigid (>17 tonnes) — Average laden (DEFRA 2024),scope3-distance,3,4,HGV refrigerated (all diesel) — Rigid (>17 tonnes) — Average laden,0.1833,kg CO2e / tonne.km,,,,Global,Global,"{GHG-Protocol,SB-253}",AR5,2,,DEFRA UK GHG Conversion Factors 2024 v1.1,https://www.gov.uk/government/collections/government-conversion-factors-for-company-reporting,2024,2024-10-01,2024-10-01,,,methodologies/scope-3-cat6-business-travel,2026-04-24
scope3-transport-freighting-goods-hgv-refrigerated-all-diesel-rigid-17-tonnes-0-laden-defra-2024,Freighting goods — HGV refrigerated (all diesel) — Rigid (>17 tonnes) — 0% Laden (DEFRA 2024),scope3-distance,3,4,HGV refrigerated (all diesel) — Rigid (>17 tonnes) — 0% Laden,0.8925,kg CO2e / km,,,,Global,Global,"{GHG-Protocol,SB-253}",AR5,2,,DEFRA UK GHG Conversion Factors 2024 v1.1,https://www.gov.uk/government/collections/government-conversion-factors-for-company-reporting,2024,2024-10-01,2024-10-01,,,methodologies/scope-3-cat6-business-travel,2026-04-24
scope3-transport-freighting-goods-hgv-refrigerated-all-diesel-rigid-17-tonnes-50-laden-defra-20-682,Freighting goods — HGV refrigerated (all diesel) — Rigid (>17 tonnes) — 50% Laden (DEFRA 2024),scope3-distance,3,4,HGV refrigerated (all diesel) — Rigid (>17 tonnes) — 50% Laden,1.08604,kg CO2e / km,,,,Global,Global,"{GHG-Protocol,SB-253}",AR5,2,,DEFRA UK GHG Conversion Factors 2024 v1.1,https://www.gov.uk/government/collections/government-conversion-factors-for-company-reporting,2024,2024-10-01,2024-10-01,,,methodologies/scope-3-cat6-business-travel,2026-04-24
scope3-transport-freighting-goods-hgv-refrigerated-all-diesel-rigid-17-tonnes-100-laden-defra-2-683,Freighting goods — HGV refrigerated (all diesel) — Rigid (>17 tonnes) — 100% Laden (DEFRA 2024),scope3-distance,3,4,HGV refrigerated (all diesel) — Rigid (>17 tonnes) — 100% Laden,1.27958,kg CO2e / km,,,,Global,Global,"{GHG-Protocol,SB-253}",AR5,2,,DEFRA UK GHG Conversion Factors 2024 v1.1,https://www.gov.uk/government/collections/government-conversion-factors-for-company-reporting,2024,2024-10-01,2024-10-01,,,methodologies/scope-3-cat6-business-travel,2026-04-24
scope3-transport-freighting-goods-hgv-refrigerated-all-diesel-rigid-17-tonnes-average-laden-def-684,Freighting goods — HGV refrigerated (all diesel) — Rigid (>17 tonnes) — Average laden (DEFRA 2024),scope3-distance,3,4,HGV refrigerated (all diesel) — Rigid (>17 tonnes) — Average laden,1.16344,kg CO2e / km,,,,Global,Global,"{GHG-Protocol,SB-253}",AR5,2,,DEFRA UK GHG Conversion Factors 2024 v1.1,https://www.gov.uk/government/collections/government-conversion-factors-for-company-reporting,2024,2024-10-01,2024-10-01,,,methodologies/scope-3-cat6-business-travel,2026-04-24
scope3-transport-freighting-goods-hgv-refrigerated-all-diesel-rigid-17-tonnes-0-laden-defra-202-685,Freighting goods — HGV refrigerated (all diesel) — Rigid (>17 tonnes) — 0% Laden (DEFRA 2024),scope3-distance,3,4,HGV refrigerated (all diesel) — Rigid (>17 tonnes) — 0% Laden,1.43635,kg CO2e / miles,,,,Global,Global,"{GHG-Protocol,SB-253}",AR5,2,,DEFRA UK GHG Conversion Factors 2024 v1.1,https://www.gov.uk/government/collections/government-conversion-factors-for-company-reporting,2024,2024-10-01,2024-10-01,,,methodologies/scope-3-cat6-business-travel,2026-04-24
scope3-transport-freighting-goods-hgv-refrigerated-all-diesel-rigid-17-tonnes-50-laden-defra-20-686,Freighting goods — HGV refrigerated (all diesel) — Rigid (>17 tonnes) — 50% Laden (DEFRA 2024),scope3-distance,3,4,HGV refrigerated (all diesel) — Rigid (>17 tonnes) — 50% Laden,1.74783,kg CO2e / miles,,,,Global,Global,"{GHG-Protocol,SB-253}",AR5,2,,DEFRA UK GHG Conversion Factors 2024 v1.1,https://www.gov.uk/government/collections/government-conversion-factors-for-company-reporting,2024,2024-10-01,2024-10-01,,,methodologies/scope-3-cat6-business-travel,2026-04-24
scope3-transport-freighting-goods-hgv-refrigerated-all-diesel-rigid-17-tonnes-100-laden-defra-2-687,Freighting goods — HGV refrigerated (all diesel) — Rigid (>17 tonnes) — 100% Laden (DEFRA 2024),scope3-distance,3,4,HGV refrigerated (all diesel) — Rigid (>17 tonnes) — 100% Laden,2.0593,kg CO2e / miles,,,,Global,Global,"{GHG-Protocol,SB-253}",AR5,2,,DEFRA UK GHG Conversion Factors 2024 v1.1,https://www.gov.uk/government/collections/government-conversion-factors-for-company-reporting,2024,2024-10-01,2024-10-01,,,methodologies/scope-3-cat6-business-travel,2026-04-24
scope3-transport-freighting-goods-hgv-refrigerated-all-diesel-rigid-17-tonnes-average-laden-def-688,Freighting goods — HGV refrigerated (all diesel) — Rigid (>17 tonnes) — Average laden (DEFRA 2024),scope3-distance,3,4,HGV refrigerated (all diesel) — Rigid (>17 tonnes) — Average laden,1.87239,kg CO2e / miles,,,,Global,Global,"{GHG-Protocol,SB-253}",AR5,2,,DEFRA UK GHG Conversion Factors 2024 v1.1,https://www.gov.uk/government/collections/government-conversion-factors-for-company-reporting,2024,2024-10-01,2024-10-01,,,methodologies/scope-3-cat6-business-travel,2026-04-24
scope3-transport-freighting-goods-hgv-refrigerated-all-diesel-all-rigids-50-laden-defra-2024,Freighting goods — HGV refrigerated (all diesel) — All rigids — 50% Laden (DEFRA 2024),scope3-distance,3,4,HGV refrigerated (all diesel) — All rigids — 50% Laden,0.25495,kg CO2e / tonne.km,,,,Global,Global,"{GHG-Protocol,SB-253}",AR5,2,,DEFRA UK GHG Conversion Factors 2024 v1.1,https://www.gov.uk/government/collections/government-conversion-factors-for-company-reporting,2024,2024-10-01,2024-10-01,,,methodologies/scope-3-cat6-business-travel,2026-04-24
scope3-transport-freighting-goods-hgv-refrigerated-all-diesel-all-rigids-100-laden-defra-2024,Freighting goods — HGV refrigerated (all diesel) — All rigids — 100% Laden (DEFRA 2024),scope3-distance,3,4,HGV refrigerated (all diesel) — All rigids — 100% Laden,0.14867,kg CO2e / tonne.km,,,,Global,Global,"{GHG-Protocol,SB-253}",AR5,2,,DEFRA UK GHG Conversion Factors 2024 v1.1,https://www.gov.uk/government/collections/government-conversion-factors-for-company-reporting,2024,2024-10-01,2024-10-01,,,methodologies/scope-3-cat6-business-travel,2026-04-24
scope3-transport-freighting-goods-hgv-refrigerated-all-diesel-all-rigids-average-laden-defra-2024,Freighting goods — HGV refrigerated (all diesel) — All rigids — Average laden (DEFRA 2024),scope3-distance,3,4,HGV refrigerated (all diesel) — All rigids — Average laden,0.21254,kg CO2e / tonne.km,,,,Global,Global,"{GHG-Protocol,SB-253}",AR5,2,,DEFRA UK GHG Conversion Factors 2024 v1.1,https://www.gov.uk/government/collections/government-conversion-factors-for-company-reporting,2024,2024-10-01,2024-10-01,,,methodologies/scope-3-cat6-business-travel,2026-04-24
scope3-transport-freighting-goods-hgv-refrigerated-all-diesel-all-rigids-0-laden-defra-2024,Freighting goods — HGV refrigerated (all diesel) — All rigids — 0% Laden (DEFRA 2024),scope3-distance,3,4,HGV refrigerated (all diesel) — All rigids — 0% Laden,0.78757,kg CO2e / km,,,,Global,Global,"{GHG-Protocol,SB-253}",AR5,2,,DEFRA UK GHG Conversion Factors 2024 v1.1,https://www.gov.uk/government/collections/government-conversion-factors-for-company-reporting,2024,2024-10-01,2024-10-01,,,methodologies/scope-3-cat6-business-travel,2026-04-24
scope3-transport-freighting-goods-hgv-refrigerated-all-diesel-all-rigids-50-laden-defra-2024-693,Freighting goods — HGV refrigerated (all diesel) — All rigids — 50% Laden (DEFRA 2024),scope3-distance,3,4,HGV refrigerated (all diesel) — All rigids — 50% Laden,0.93736,kg CO2e / km,,,,Global,Global,"{GHG-Protocol,SB-253}",AR5,2,,DEFRA UK GHG Conversion Factors 2024 v1.1,https://www.gov.uk/government/collections/government-conversion-factors-for-company-reporting,2024,2024-10-01,2024-10-01,,,methodologies/scope-3-cat6-business-travel,2026-04-24
scope3-transport-freighting-goods-hgv-refrigerated-all-diesel-all-rigids-100-laden-defra-2024-694,Freighting goods — HGV refrigerated (all diesel) — All rigids — 100% Laden (DEFRA 2024),scope3-distance,3,4,HGV refrigerated (all diesel) — All rigids — 100% Laden,1.08715,kg CO2e / km,,,,Global,Global,"{GHG-Protocol,SB-253}",AR5,2,,DEFRA UK GHG Conversion Factors 2024 v1.1,https://www.gov.uk/government/collections/government-conversion-factors-for-company-reporting,2024,2024-10-01,2024-10-01,,,methodologies/scope-3-cat6-business-travel,2026-04-24
scope3-transport-freighting-goods-hgv-refrigerated-all-diesel-all-rigids-average-laden-defra-20-695,Freighting goods — HGV refrigerated (all diesel) — All rigids — Average laden (DEFRA 2024),scope3-distance,3,4,HGV refrigerated (all diesel) — All rigids — Average laden,0.98435,kg CO2e / km,,,,Global,Global,"{GHG-Protocol,SB-253}",AR5,2,,DEFRA UK GHG Conversion Factors 2024 v1.1,https://www.gov.uk/government/collections/government-conversion-factors-for-company-reporting,2024,2024-10-01,2024-10-01,,,methodologies/scope-3-cat6-business-travel,2026-04-24
scope3-transport-freighting-goods-hgv-refrigerated-all-diesel-all-rigids-0-laden-defra-2024-696,Freighting goods — HGV refrigerated (all diesel) — All rigids — 0% Laden (DEFRA 2024),scope3-distance,3,4,HGV refrigerated (all diesel) — All rigids — 0% Laden,1.26746,kg CO2e / miles,,,,Global,Global,"{GHG-Protocol,SB-253}",AR5,2,,DEFRA UK GHG Conversion Factors 2024 v1.1,https://www.gov.uk/government/collections/government-conversion-factors-for-company-reporting,2024,2024-10-01,2024-10-01,,,methodologies/scope-3-cat6-business-travel,2026-04-24
scope3-transport-freighting-goods-hgv-refrigerated-all-diesel-all-rigids-50-laden-defra-2024-697,Freighting goods — HGV refrigerated (all diesel) — All rigids — 50% Laden (DEFRA 2024),scope3-distance,3,4,HGV refrigerated (all diesel) — All rigids — 50% Laden,1.50852,kg CO2e / miles,,,,Global,Global,"{GHG-Protocol,SB-253}",AR5,2,,DEFRA UK GHG Conversion Factors 2024 v1.1,https://www.gov.uk/government/collections/government-conversion-factors-for-company-reporting,2024,2024-10-01,2024-10-01,,,methodologies/scope-3-cat6-business-travel,2026-04-24
scope3-transport-freighting-goods-hgv-refrigerated-all-diesel-all-rigids-100-laden-defra-2024-698,Freighting goods — HGV refrigerated (all diesel) — All rigids — 100% Laden (DEFRA 2024),scope3-distance,3,4,HGV refrigerated (all diesel) — All rigids — 100% Laden,1.74959,kg CO2e / miles,,,,Global,Global,"{GHG-Protocol,SB-253}",AR5,2,,DEFRA UK GHG Conversion Factors 2024 v1.1,https://www.gov.uk/government/collections/government-conversion-factors-for-company-reporting,2024,2024-10-01,2024-10-01,,,methodologies/scope-3-cat6-business-travel,2026-04-24
scope3-transport-freighting-goods-hgv-refrigerated-all-diesel-all-rigids-average-laden-defra-20-699,Freighting goods — HGV refrigerated (all diesel) — All rigids — Average laden (DEFRA 2024),scope3-distance,3,4,HGV refrigerated (all diesel) — All rigids — Average laden,1.58414,kg CO2e / miles,,,,Global,Global,"{GHG-Protocol,SB-253}",AR5,2,,DEFRA UK GHG Conversion Factors 2024 v1.1,https://www.gov.uk/government/collections/government-conversion-factors-for-company-reporting,2024,2024-10-01,2024-10-01,,,methodologies/scope-3-cat6-business-travel,2026-04-24
scope3-transport-freighting-goods-hgv-refrigerated-all-diesel-articulated-3-5-33t-50-laden-defra-202,Freighting goods — HGV refrigerated (all diesel) — Articulated (>3.5 - 33t) — 50% Laden (DEFRA 2024),scope3-distance,3,4,HGV refrigerated (all diesel) — Articulated (>3.5 - 33t) — 50% Laden,0.13078,kg CO2e / tonne.km,,,,Global,Global,"{GHG-Protocol,SB-253}",AR5,2,,DEFRA UK GHG Conversion Factors 2024 v1.1,https://www.gov.uk/government/collections/government-conversion-factors-for-company-reporting,2024,2024-10-01,2024-10-01,,,methodologies/scope-3-cat6-business-travel,2026-04-24
scope3-transport-freighting-goods-hgv-refrigerated-all-diesel-articulated-3-5-33t-100-laden-defra-20,Freighting goods — HGV refrigerated (all diesel) — Articulated (>3.5 - 33t) — 100% Laden (DEFRA 2024),scope3-distance,3,4,HGV refrigerated (all diesel) — Articulated (>3.5 - 33t) — 100% Laden,0.07827,kg CO2e / tonne.km,,,,Global,Global,"{GHG-Protocol,SB-253}",AR5,2,,DEFRA UK GHG Conversion Factors 2024 v1.1,https://www.gov.uk/government/collections/government-conversion-factors-for-company-reporting,2024,2024-10-01,2024-10-01,,,methodologies/scope-3-cat6-business-travel,2026-04-24
scope3-transport-freighting-goods-hgv-refrigerated-all-diesel-articulated-3-5-33t-average-lade-defra,Freighting goods — HGV refrigerated (all diesel) — Articulated (>3.5 - 33t) — Average laden (DEFRA 2024),scope3-distance,3,4,HGV refrigerated (all diesel) — Articulated (>3.5 - 33t) — Average laden,0.13086,kg CO2e / tonne.km,,,,Global,Global,"{GHG-Protocol,SB-253}",AR5,2,,DEFRA UK GHG Conversion Factors 2024 v1.1,https://www.gov.uk/government/collections/government-conversion-factors-for-company-reporting,2024,2024-10-01,2024-10-01,,,methodologies/scope-3-cat6-business-travel,2026-04-24
scope3-transport-freighting-goods-hgv-refrigerated-all-diesel-articulated-3-5-33t-0-laden-defra-2024,Freighting goods — HGV refrigerated (all diesel) — Articulated (>3.5 - 33t) — 0% Laden (DEFRA 2024),scope3-distance,3,4,HGV refrigerated (all diesel) — Articulated (>3.5 - 33t) — 0% Laden,0.71193,kg CO2e / km,,,,Global,Global,"{GHG-Protocol,SB-253}",AR5,2,,DEFRA UK GHG Conversion Factors 2024 v1.1,https://www.gov.uk/government/collections/government-conversion-factors-for-company-reporting,2024,2024-10-01,2024-10-01,,,methodologies/scope-3-cat6-business-travel,2026-04-24
scope3-transport-freighting-goods-hgv-refrigerated-all-diesel-articulated-3-5-33t-50-laden-defr-704,Freighting goods — HGV refrigerated (all diesel) — Articulated (>3.5 - 33t) — 50% Laden (DEFRA 2024),scope3-distance,3,4,HGV refrigerated (all diesel) — Articulated (>3.5 - 33t) — 50% Laden,0.88686,kg CO2e / km,,,,Global,Global,"{GHG-Protocol,SB-253}",AR5,2,,DEFRA UK GHG Conversion Factors 2024 v1.1,https://www.gov.uk/government/collections/government-conversion-factors-for-company-reporting,2024,2024-10-01,2024-10-01,,,methodologies/scope-3-cat6-business-travel,2026-04-24
scope3-transport-freighting-goods-hgv-refrigerated-all-diesel-articulated-3-5-33t-100-laden-def-705,Freighting goods — HGV refrigerated (all diesel) — Articulated (>3.5 - 33t) — 100% Laden (DEFRA 2024),scope3-distance,3,4,HGV refrigerated (all diesel) — Articulated (>3.5 - 33t) — 100% Laden,1.06179,kg CO2e / km,,,,Global,Global,"{GHG-Protocol,SB-253}",AR5,2,,DEFRA UK GHG Conversion Factors 2024 v1.1,https://www.gov.uk/government/collections/government-conversion-factors-for-company-reporting,2024,2024-10-01,2024-10-01,,,methodologies/scope-3-cat6-business-travel,2026-04-24
scope3-transport-freighting-goods-hgv-refrigerated-all-diesel-articulated-3-5-33t-average-lade--706,Freighting goods — HGV refrigerated (all diesel) — Articulated (>3.5 - 33t) — Average laden (DEFRA 2024),scope3-distance,3,4,HGV refrigerated (all diesel) — Articulated (>3.5 - 33t) — Average laden,0.88686,kg CO2e / km,,,,Global,Global,"{GHG-Protocol,SB-253}",AR5,2,,DEFRA UK GHG Conversion Factors 2024 v1.1,https://www.gov.uk/government/collections/government-conversion-factors-for-company-reporting,2024,2024-10-01,2024-10-01,,,methodologies/scope-3-cat6-business-travel,2026-04-24
scope3-transport-freighting-goods-hgv-refrigerated-all-diesel-articulated-3-5-33t-0-laden-defra-707,Freighting goods — HGV refrigerated (all diesel) — Articulated (>3.5 - 33t) — 0% Laden (DEFRA 2024),scope3-distance,3,4,HGV refrigerated (all diesel) — Articulated (>3.5 - 33t) — 0% Laden,1.14572,kg CO2e / miles,,,,Global,Global,"{GHG-Protocol,SB-253}",AR5,2,,DEFRA UK GHG Conversion Factors 2024 v1.1,https://www.gov.uk/government/collections/government-conversion-factors-for-company-reporting,2024,2024-10-01,2024-10-01,,,methodologies/scope-3-cat6-business-travel,2026-04-24
scope3-transport-freighting-goods-hgv-refrigerated-all-diesel-articulated-3-5-33t-50-laden-defr-708,Freighting goods — HGV refrigerated (all diesel) — Articulated (>3.5 - 33t) — 50% Laden (DEFRA 2024),scope3-distance,3,4,HGV refrigerated (all diesel) — Articulated (>3.5 - 33t) — 50% Laden,1.42725,kg CO2e / miles,,,,Global,Global,"{GHG-Protocol,SB-253}",AR5,2,,DEFRA UK GHG Conversion Factors 2024 v1.1,https://www.gov.uk/government/collections/government-conversion-factors-for-company-reporting,2024,2024-10-01,2024-10-01,,,methodologies/scope-3-cat6-business-travel,2026-04-24
scope3-transport-freighting-goods-hgv-refrigerated-all-diesel-articulated-3-5-33t-100-laden-def-709,Freighting goods — HGV refrigerated (all diesel) — Articulated (>3.5 - 33t) — 100% Laden (DEFRA 2024),scope3-distance,3,4,HGV refrigerated (all diesel) — Articulated (>3.5 - 33t) — 100% Laden,1.70877,kg CO2e / miles,,,,Global,Global,"{GHG-Protocol,SB-253}",AR5,2,,DEFRA UK GHG Conversion Factors 2024 v1.1,https://www.gov.uk/government/collections/government-conversion-factors-for-company-reporting,2024,2024-10-01,2024-10-01,,,methodologies/scope-3-cat6-business-travel,2026-04-24
scope3-transport-freighting-goods-hgv-refrigerated-all-diesel-articulated-3-5-33t-average-lade--710,Freighting goods — HGV refrigerated (all diesel) — Articulated (>3.5 - 33t) — Average laden (DEFRA 2024),scope3-distance,3,4,HGV refrigerated (all diesel) — Articulated (>3.5 - 33t) — Average laden,1.42725,kg CO2e / miles,,,,Global,Global,"{GHG-Protocol,SB-253}",AR5,2,,DEFRA UK GHG Conversion Factors 2024 v1.1,https://www.gov.uk/government/collections/government-conversion-factors-for-company-reporting,2024,2024-10-01,2024-10-01,,,methodologies/scope-3-cat6-business-travel,2026-04-24
scope3-transport-freighting-goods-hgv-refrigerated-all-diesel-articulated-33t-50-laden-defra-2024,Freighting goods — HGV refrigerated (all diesel) — Articulated (>33t) — 50% Laden (DEFRA 2024),scope3-distance,3,4,HGV refrigerated (all diesel) — Articulated (>33t) — 50% Laden,0.10753,kg CO2e / tonne.km,,,,Global,Global,"{GHG-Protocol,SB-253}",AR5,2,,DEFRA UK GHG Conversion Factors 2024 v1.1,https://www.gov.uk/government/collections/government-conversion-factors-for-company-reporting,2024,2024-10-01,2024-10-01,,,methodologies/scope-3-cat6-business-travel,2026-04-24
scope3-transport-freighting-goods-hgv-refrigerated-all-diesel-articulated-33t-100-laden-defra-2024,Freighting goods — HGV refrigerated (all diesel) — Articulated (>33t) — 100% Laden (DEFRA 2024),scope3-distance,3,4,HGV refrigerated (all diesel) — Articulated (>33t) — 100% Laden,0.06701,kg CO2e / tonne.km,,,,Global,Global,"{GHG-Protocol,SB-253}",AR5,2,,DEFRA UK GHG Conversion Factors 2024 v1.1,https://www.gov.uk/government/collections/government-conversion-factors-for-company-reporting,2024,2024-10-01,2024-10-01,,,methodologies/scope-3-cat6-business-travel,2026-04-24
scope3-transport-freighting-goods-hgv-refrigerated-all-diesel-articulated-33t-average-laden-defra-20,Freighting goods — HGV refrigerated (all diesel) — Articulated (>33t) — Average laden (DEFRA 2024),scope3-distance,3,4,HGV refrigerated (all diesel) — Articulated (>33t) — Average laden,0.08617,kg CO2e / tonne.km,,,,Global,Global,"{GHG-Protocol,SB-253}",AR5,2,,DEFRA UK GHG Conversion Factors 2024 v1.1,https://www.gov.uk/government/collections/government-conversion-factors-for-company-reporting,2024,2024-10-01,2024-10-01,,,methodologies/scope-3-cat6-business-travel,2026-04-24
scope3-transport-freighting-goods-hgv-refrigerated-all-diesel-articulated-33t-0-laden-defra-2024,Freighting goods — HGV refrigerated (all diesel) — Articulated (>33t) — 0% Laden (DEFRA 2024),scope3-distance,3,4,HGV refrigerated (all diesel) — Articulated (>33t) — 0% Laden,0.73105,kg CO2e / km,,,,Global,Global,"{GHG-Protocol,SB-253}",AR5,2,,DEFRA UK GHG Conversion Factors 2024 v1.1,https://www.gov.uk/government/collections/government-conversion-factors-for-company-reporting,2024,2024-10-01,2024-10-01,,,methodologies/scope-3-cat6-business-travel,2026-04-24
scope3-transport-freighting-goods-hgv-refrigerated-all-diesel-articulated-33t-50-laden-defra-20-715,Freighting goods — HGV refrigerated (all diesel) — Articulated (>33t) — 50% Laden (DEFRA 2024),scope3-distance,3,4,HGV refrigerated (all diesel) — Articulated (>33t) — 50% Laden,0.96989,kg CO2e / km,,,,Global,Global,"{GHG-Protocol,SB-253}",AR5,2,,DEFRA UK GHG Conversion Factors 2024 v1.1,https://www.gov.uk/government/collections/government-conversion-factors-for-company-reporting,2024,2024-10-01,2024-10-01,,,methodologies/scope-3-cat6-business-travel,2026-04-24
scope3-transport-freighting-goods-hgv-refrigerated-all-diesel-articulated-33t-100-laden-defra-2-716,Freighting goods — HGV refrigerated (all diesel) — Articulated (>33t) — 100% Laden (DEFRA 2024),scope3-distance,3,4,HGV refrigerated (all diesel) — Articulated (>33t) — 100% Laden,1.20873,kg CO2e / km,,,,Global,Global,"{GHG-Protocol,SB-253}",AR5,2,,DEFRA UK GHG Conversion Factors 2024 v1.1,https://www.gov.uk/government/collections/government-conversion-factors-for-company-reporting,2024,2024-10-01,2024-10-01,,,methodologies/scope-3-cat6-business-travel,2026-04-24
scope3-transport-freighting-goods-hgv-refrigerated-all-diesel-articulated-33t-average-laden-def-717,Freighting goods — HGV refrigerated (all diesel) — Articulated (>33t) — Average laden (DEFRA 2024),scope3-distance,3,4,HGV refrigerated (all diesel) — Articulated (>33t) — Average laden,1.05587,kg CO2e / km,,,,Global,Global,"{GHG-Protocol,SB-253}",AR5,2,,DEFRA UK GHG Conversion Factors 2024 v1.1,https://www.gov.uk/government/collections/government-conversion-factors-for-company-reporting,2024,2024-10-01,2024-10-01,,,methodologies/scope-3-cat6-business-travel,2026-04-24
scope3-transport-freighting-goods-hgv-refrigerated-all-diesel-articulated-33t-0-laden-defra-202-718,Freighting goods — HGV refrigerated (all diesel) — Articulated (>33t) — 0% Laden (DEFRA 2024),scope3-distance,3,4,HGV refrigerated (all diesel) — Articulated (>33t) — 0% Laden,1.17649,kg CO2e / miles,,,,Global,Global,"{GHG-Protocol,SB-253}",AR5,2,,DEFRA UK GHG Conversion Factors 2024 v1.1,https://www.gov.uk/government/collections/government-conversion-factors-for-company-reporting,2024,2024-10-01,2024-10-01,,,methodologies/scope-3-cat6-business-travel,2026-04-24
scope3-transport-freighting-goods-hgv-refrigerated-all-diesel-articulated-33t-50-laden-defra-20-719,Freighting goods — HGV refrigerated (all diesel) — Articulated (>33t) — 50% Laden (DEFRA 2024),scope3-distance,3,4,HGV refrigerated (all diesel) — Articulated (>33t) — 50% Laden,1.56087,kg CO2e / miles,,,,Global,Global,"{GHG-Protocol,SB-253}",AR5,2,,DEFRA UK GHG Conversion Factors 2024 v1.1,https://www.gov.uk/government/collections/government-conversion-factors-for-company-reporting,2024,2024-10-01,2024-10-01,,,methodologies/scope-3-cat6-business-travel,2026-04-24
scope3-transport-freighting-goods-hgv-refrigerated-all-diesel-articulated-33t-100-laden-defra-2-720,Freighting goods — HGV refrigerated (all diesel) — Articulated (>33t) — 100% Laden (DEFRA 2024),scope3-distance,3,4,HGV refrigerated (all diesel) — Articulated (>33t) — 100% Laden,1.94524,kg CO2e / miles,,,,Global,Global,"{GHG-Protocol,SB-253}",AR5,2,,DEFRA UK GHG Conversion Factors 2024 v1.1,https://www.gov.uk/government/collections/government-conversion-factors-for-company-reporting,2024,2024-10-01,2024-10-01,,,methodologies/scope-3-cat6-business-travel,2026-04-24
scope3-transport-freighting-goods-hgv-refrigerated-all-diesel-articulated-33t-average-laden-def-721,Freighting goods — HGV refrigerated (all diesel) — Articulated (>33t) — Average laden (DEFRA 2024),scope3-distance,3,4,HGV refrigerated (all diesel) — Articulated (>33t) — Average laden,1.69924,kg CO2e / miles,,,,Global,Global,"{GHG-Protocol,SB-253}",AR5,2,,DEFRA UK GHG Conversion Factors 2024 v1.1,https://www.gov.uk/government/collections/government-conversion-factors-for-company-reporting,2024,2024-10-01,2024-10-01,,,methodologies/scope-3-cat6-business-travel,2026-04-24
scope3-transport-freighting-goods-hgv-refrigerated-all-diesel-all-artics-50-laden-defra-2024,Freighting goods — HGV refrigerated (all diesel) — All artics — 50% Laden (DEFRA 2024),scope3-distance,3,4,HGV refrigerated (all diesel) — All artics — 50% Laden,0.10813,kg CO2e / tonne.km,,,,Global,Global,"{GHG-Protocol,SB-253}",AR5,2,,DEFRA UK GHG Conversion Factors 2024 v1.1,https://www.gov.uk/government/collections/government-conversion-factors-for-company-reporting,2024,2024-10-01,2024-10-01,,,methodologies/scope-3-cat6-business-travel,2026-04-24
scope3-transport-freighting-goods-hgv-refrigerated-all-diesel-all-artics-100-laden-defra-2024,Freighting goods — HGV refrigerated (all diesel) — All artics — 100% Laden (DEFRA 2024),scope3-distance,3,4,HGV refrigerated (all diesel) — All artics — 100% Laden,0.0673,kg CO2e / tonne.km,,,,Global,Global,"{GHG-Protocol,SB-253}",AR5,2,,DEFRA UK GHG Conversion Factors 2024 v1.1,https://www.gov.uk/government/collections/government-conversion-factors-for-company-reporting,2024,2024-10-01,2024-10-01,,,methodologies/scope-3-cat6-business-travel,2026-04-24
scope3-transport-freighting-goods-hgv-refrigerated-all-diesel-all-artics-average-laden-defra-2024,Freighting goods — HGV refrigerated (all diesel) — All artics — Average laden (DEFRA 2024),scope3-distance,3,4,HGV refrigerated (all diesel) — All artics — Average laden,0.08732,kg CO2e / tonne.km,,,,Global,Global,"{GHG-Protocol,SB-253}",AR5,2,,DEFRA UK GHG Conversion Factors 2024 v1.1,https://www.gov.uk/government/collections/government-conversion-factors-for-company-reporting,2024,2024-10-01,2024-10-01,,,methodologies/scope-3-cat6-business-travel,2026-04-24
scope3-transport-freighting-goods-hgv-refrigerated-all-diesel-all-artics-0-laden-defra-2024,Freighting goods — HGV refrigerated (all diesel) — All artics — 0% Laden (DEFRA 2024),scope3-distance,3,4,HGV refrigerated (all diesel) — All artics — 0% Laden,0.73018,kg CO2e / km,,,,Global,Global,"{GHG-Protocol,SB-253}",AR5,2,,DEFRA UK GHG Conversion Factors 2024 v1.1,https://www.gov.uk/government/collections/government-conversion-factors-for-company-reporting,2024,2024-10-01,2024-10-01,,,methodologies/scope-3-cat6-business-travel,2026-04-24
scope3-transport-freighting-goods-hgv-refrigerated-all-diesel-all-artics-50-laden-defra-2024-726,Freighting goods — HGV refrigerated (all diesel) — All artics — 50% Laden (DEFRA 2024),scope3-distance,3,4,HGV refrigerated (all diesel) — All artics — 50% Laden,0.96611,kg CO2e / km,,,,Global,Global,"{GHG-Protocol,SB-253}",AR5,2,,DEFRA UK GHG Conversion Factors 2024 v1.1,https://www.gov.uk/government/collections/government-conversion-factors-for-company-reporting,2024,2024-10-01,2024-10-01,,,methodologies/scope-3-cat6-business-travel,2026-04-24
scope3-transport-freighting-goods-hgv-refrigerated-all-diesel-all-artics-100-laden-defra-2024-727,Freighting goods — HGV refrigerated (all diesel) — All artics — 100% Laden (DEFRA 2024),scope3-distance,3,4,HGV refrigerated (all diesel) — All artics — 100% Laden,1.20203,kg CO2e / km,,,,Global,Global,"{GHG-Protocol,SB-253}",AR5,2,,DEFRA UK GHG Conversion Factors 2024 v1.1,https://www.gov.uk/government/collections/government-conversion-factors-for-company-reporting,2024,2024-10-01,2024-10-01,,,methodologies/scope-3-cat6-business-travel,2026-04-24
scope3-transport-freighting-goods-hgv-refrigerated-all-diesel-all-artics-average-laden-defra-20-728,Freighting goods — HGV refrigerated (all diesel) — All artics — Average laden (DEFRA 2024),scope3-distance,3,4,HGV refrigerated (all diesel) — All artics — Average laden,1.04817,kg CO2e / km,,,,Global,Global,"{GHG-Protocol,SB-253}",AR5,2,,DEFRA UK GHG Conversion Factors 2024 v1.1,https://www.gov.uk/government/collections/government-conversion-factors-for-company-reporting,2024,2024-10-01,2024-10-01,,,methodologies/scope-3-cat6-business-travel,2026-04-24
scope3-transport-freighting-goods-hgv-refrigerated-all-diesel-all-artics-0-laden-defra-2024-729,Freighting goods — HGV refrigerated (all diesel) — All artics — 0% Laden (DEFRA 2024),scope3-distance,3,4,HGV refrigerated (all diesel) — All artics — 0% Laden,1.17511,kg CO2e / miles,,,,Global,Global,"{GHG-Protocol,SB-253}",AR5,2,,DEFRA UK GHG Conversion Factors 2024 v1.1,https://www.gov.uk/government/collections/government-conversion-factors-for-company-reporting,2024,2024-10-01,2024-10-01,,,methodologies/scope-3-cat6-business-travel,2026-04-24
scope3-transport-freighting-goods-hgv-refrigerated-all-diesel-all-artics-50-laden-defra-2024-730,Freighting goods — HGV refrigerated (all diesel) — All artics — 50% Laden (DEFRA 2024),scope3-distance,3,4,HGV refrigerated (all diesel) — All artics — 50% Laden,1.55479,kg CO2e / miles,,,,Global,Global,"{GHG-Protocol,SB-253}",AR5,2,,DEFRA UK GHG Conversion Factors 2024 v1.1,https://www.gov.uk/government/collections/government-conversion-factors-for-company-reporting,2024,2024-10-01,2024-10-01,,,methodologies/scope-3-cat6-business-travel,2026-04-24
scope3-transport-freighting-goods-hgv-refrigerated-all-diesel-all-artics-100-laden-defra-2024-731,Freighting goods — HGV refrigerated (all diesel) — All artics — 100% Laden (DEFRA 2024),scope3-distance,3,4,HGV refrigerated (all diesel) — All artics — 100% Laden,1.93447,kg CO2e / miles,,,,Global,Global,"{GHG-Protocol,SB-253}",AR5,2,,DEFRA UK GHG Conversion Factors 2024 v1.1,https://www.gov.uk/government/collections/government-conversion-factors-for-company-reporting,2024,2024-10-01,2024-10-01,,,methodologies/scope-3-cat6-business-travel,2026-04-24
scope3-transport-freighting-goods-hgv-refrigerated-all-diesel-all-artics-average-laden-defra-20-732,Freighting goods — HGV refrigerated (all diesel) — All artics — Average laden (DEFRA 2024),scope3-distance,3,4,HGV refrigerated (all diesel) — All artics — Average laden,1.68685,kg CO2e / miles,,,,Global,Global,"{GHG-Protocol,SB-253}",AR5,2,,DEFRA UK GHG Conversion Factors 2024 v1.1,https://www.gov.uk/government/collections/government-conversion-factors-for-company-reporting,2024,2024-10-01,2024-10-01,,,methodologies/scope-3-cat6-business-travel,2026-04-24
scope3-transport-freighting-goods-hgv-refrigerated-all-diesel-all-hgvs-50-laden-defra-2024,Freighting goods — HGV refrigerated (all diesel) — All HGVs — 50% Laden (DEFRA 2024),scope3-distance,3,4,HGV refrigerated (all diesel) — All HGVs — 50% Laden,0.13964,kg CO2e / tonne.km,,,,Global,Global,"{GHG-Protocol,SB-253}",AR5,2,,DEFRA UK GHG Conversion Factors 2024 v1.1,https://www.gov.uk/government/collections/government-conversion-factors-for-company-reporting,2024,2024-10-01,2024-10-01,,,methodologies/scope-3-cat6-business-travel,2026-04-24
scope3-transport-freighting-goods-hgv-refrigerated-all-diesel-all-hgvs-100-laden-defra-2024,Freighting goods — HGV refrigerated (all diesel) — All HGVs — 100% Laden (DEFRA 2024),scope3-distance,3,4,HGV refrigerated (all diesel) — All HGVs — 100% Laden,0.08481,kg CO2e / tonne.km,,,,Global,Global,"{GHG-Protocol,SB-253}",AR5,2,,DEFRA UK GHG Conversion Factors 2024 v1.1,https://www.gov.uk/government/collections/government-conversion-factors-for-company-reporting,2024,2024-10-01,2024-10-01,,,methodologies/scope-3-cat6-business-travel,2026-04-24
scope3-transport-freighting-goods-hgv-refrigerated-all-diesel-all-hgvs-average-laden-defra-2024,Freighting goods — HGV refrigerated (all diesel) — All HGVs — Average laden (DEFRA 2024),scope3-distance,3,4,HGV refrigerated (all diesel) — All HGVs — Average laden,0.11417,kg CO2e / tonne.km,,,,Global,Global,"{GHG-Protocol,SB-253}",AR5,2,,DEFRA UK GHG Conversion Factors 2024 v1.1,https://www.gov.uk/government/collections/government-conversion-factors-for-company-reporting,2024,2024-10-01,2024-10-01,,,methodologies/scope-3-cat6-business-travel,2026-04-24
scope3-transport-freighting-goods-hgv-refrigerated-all-diesel-all-hgvs-0-laden-defra-2024,Freighting goods — HGV refrigerated (all diesel) — All HGVs — 0% Laden (DEFRA 2024),scope3-distance,3,4,HGV refrigerated (all diesel) — All HGVs — 0% Laden,0.75351,kg CO2e / km,,,,Global,Global,"{GHG-Protocol,SB-253}",AR5,2,,DEFRA UK GHG Conversion Factors 2024 v1.1,https://www.gov.uk/government/collections/government-conversion-factors-for-company-reporting,2024,2024-10-01,2024-10-01,,,methodologies/scope-3-cat6-business-travel,2026-04-24
scope3-transport-freighting-goods-hgv-refrigerated-all-diesel-all-hgvs-50-laden-defra-2024-737,Freighting goods — HGV refrigerated (all diesel) — All HGVs — 50% Laden (DEFRA 2024),scope3-distance,3,4,HGV refrigerated (all diesel) — All HGVs — 50% Laden,0.95446,kg CO2e / km,,,,Global,Global,"{GHG-Protocol,SB-253}",AR5,2,,DEFRA UK GHG Conversion Factors 2024 v1.1,https://www.gov.uk/government/collections/government-conversion-factors-for-company-reporting,2024,2024-10-01,2024-10-01,,,methodologies/scope-3-cat6-business-travel,2026-04-24
scope3-transport-freighting-goods-hgv-refrigerated-all-diesel-all-hgvs-100-laden-defra-2024-738,Freighting goods — HGV refrigerated (all diesel) — All HGVs — 100% Laden (DEFRA 2024),scope3-distance,3,4,HGV refrigerated (all diesel) — All HGVs — 100% Laden,1.15542,kg CO2e / km,,,,Global,Global,"{GHG-Protocol,SB-253}",AR5,2,,DEFRA UK GHG Conversion Factors 2024 v1.1,https://www.gov.uk/government/collections/government-conversion-factors-for-company-reporting,2024,2024-10-01,2024-10-01,,,methodologies/scope-3-cat6-business-travel,2026-04-24
scope3-transport-freighting-goods-hgv-refrigerated-all-diesel-all-hgvs-average-laden-defra-2024-739,Freighting goods — HGV refrigerated (all diesel) — All HGVs — Average laden (DEFRA 2024),scope3-distance,3,4,HGV refrigerated (all diesel) — All HGVs — Average laden,1.02228,kg CO2e / km,,,,Global,Global,"{GHG-Protocol,SB-253}",AR5,2,,DEFRA UK GHG Conversion Factors 2024 v1.1,https://www.gov.uk/government/collections/government-conversion-factors-for-company-reporting,2024,2024-10-01,2024-10-01,,,methodologies/scope-3-cat6-business-travel,2026-04-24
scope3-transport-freighting-goods-hgv-refrigerated-all-diesel-all-hgvs-0-laden-defra-2024-740,Freighting goods — HGV refrigerated (all diesel) — All HGVs — 0% Laden (DEFRA 2024),scope3-distance,3,4,HGV refrigerated (all diesel) — All HGVs — 0% Laden,1.21266,kg CO2e / miles,,,,Global,Global,"{GHG-Protocol,SB-253}",AR5,2,,DEFRA UK GHG Conversion Factors 2024 v1.1,https://www.gov.uk/government/collections/government-conversion-factors-for-company-reporting,2024,2024-10-01,2024-10-01,,,methodologies/scope-3-cat6-business-travel,2026-04-24
scope3-transport-freighting-goods-hgv-refrigerated-all-diesel-all-hgvs-50-laden-defra-2024-741,Freighting goods — HGV refrigerated (all diesel) — All HGVs — 50% Laden (DEFRA 2024),scope3-distance,3,4,HGV refrigerated (all diesel) — All HGVs — 50% Laden,1.53606,kg CO2e / miles,,,,Global,Global,"{GHG-Protocol,SB-253}",AR5,2,,DEFRA UK GHG Conversion Factors 2024 v1.1,https://www.gov.uk/government/collections/government-conversion-factors-for-company-reporting,2024,2024-10-01,2024-10-01,,,methodologies/scope-3-cat6-business-travel,2026-04-24
scope3-transport-freighting-goods-hgv-refrigerated-all-diesel-all-hgvs-100-laden-defra-2024-742,Freighting goods — HGV refrigerated (all diesel) — All HGVs — 100% Laden (DEFRA 2024),scope3-distance,3,4,HGV refrigerated (all diesel) — All HGVs — 100% Laden,1.85946,kg CO2e / miles,,,,Global,Global,"{GHG-Protocol,SB-253}",AR5,2,,DEFRA UK GHG Conversion Factors 2024 v1.1,https://www.gov.uk/government/collections/government-conversion-factors-for-company-reporting,2024,2024-10-01,2024-10-01,,,methodologies/scope-3-cat6-business-travel,2026-04-24
scope3-transport-freighting-goods-hgv-refrigerated-all-diesel-all-hgvs-average-laden-defra-2024-743,Freighting goods — HGV refrigerated (all diesel) — All HGVs — Average laden (DEFRA 2024),scope3-distance,3,4,HGV refrigerated (all diesel) — All HGVs — Average laden,1.6452,kg CO2e / miles,,,,Global,Global,"{GHG-Protocol,SB-253}",AR5,2,,DEFRA UK GHG Conversion Factors 2024 v1.1,https://www.gov.uk/government/collections/government-conversion-factors-for-company-reporting,2024,2024-10-01,2024-10-01,,,methodologies/scope-3-cat6-business-travel,2026-04-24
scope3-transport-freighting-goods-freight-flights-domestic-to-from-uk-with-rf-defra-2024,"Freighting goods — Freight flights — Domestic, to/from UK — With RF (DEFRA 2024)",scope3-distance,3,4,"Freight flights — Domestic, to/from UK — With RF",4.6734,kg CO2e / tonne.km,,,,Global,Global,"{GHG-Protocol,SB-253}",AR5,2,,DEFRA UK GHG Conversion Factors 2024 v1.1,https://www.gov.uk/government/collections/government-conversion-factors-for-company-reporting,2024,2024-10-01,2024-10-01,,,methodologies/scope-3-cat6-business-travel,2026-04-24
scope3-transport-freighting-goods-freight-flights-domestic-to-from-uk-without-rf-defra-2024,"Freighting goods — Freight flights — Domestic, to/from UK — Without RF (DEFRA 2024)",scope3-distance,3,4,"Freight flights — Domestic, to/from UK — Without RF",2.76015,kg CO2e / tonne.km,,,,Global,Global,"{GHG-Protocol,SB-253}",AR5,2,,DEFRA UK GHG Conversion Factors 2024 v1.1,https://www.gov.uk/government/collections/government-conversion-factors-for-company-reporting,2024,2024-10-01,2024-10-01,,,methodologies/scope-3-cat6-business-travel,2026-04-24
scope3-transport-freighting-goods-freight-flights-short-haul-to-from-uk-with-rf-defra-2024,"Freighting goods — Freight flights — Short-haul, to/from UK — With RF (DEFRA 2024)",scope3-distance,3,4,"Freight flights — Short-haul, to/from UK — With RF",1.66816,kg CO2e / tonne.km,,,,Global,Global,"{GHG-Protocol,SB-253}",AR5,2,,DEFRA UK GHG Conversion Factors 2024 v1.1,https://www.gov.uk/government/collections/government-conversion-factors-for-company-reporting,2024,2024-10-01,2024-10-01,,,methodologies/scope-3-cat6-business-travel,2026-04-24
scope3-transport-freighting-goods-freight-flights-short-haul-to-from-uk-without-rf-defra-2024,"Freighting goods — Freight flights — Short-haul, to/from UK — Without RF (DEFRA 2024)",scope3-distance,3,4,"Freight flights — Short-haul, to/from UK — Without RF",0.98469,kg CO2e / tonne.km,,,,Global,Global,"{GHG-Protocol,SB-253}",AR5,2,,DEFRA UK GHG Conversion Factors 2024 v1.1,https://www.gov.uk/government/collections/government-conversion-factors-for-company-reporting,2024,2024-10-01,2024-10-01,,,methodologies/scope-3-cat6-business-travel,2026-04-24
scope3-transport-freighting-goods-freight-flights-long-haul-to-from-uk-with-rf-defra-2024,"Freighting goods — Freight flights — Long-haul, to/from UK — With RF (DEFRA 2024)",scope3-distance,3,4,"Freight flights — Long-haul, to/from UK — With RF",1.09904,kg CO2e / tonne.km,,,,Global,Global,"{GHG-Protocol,SB-253}",AR5,2,,DEFRA UK GHG Conversion Factors 2024 v1.1,https://www.gov.uk/government/collections/government-conversion-factors-for-company-reporting,2024,2024-10-01,2024-10-01,,,methodologies/scope-3-cat6-business-travel,2026-04-24
scope3-transport-freighting-goods-freight-flights-long-haul-to-from-uk-without-rf-defra-2024,"Freighting goods — Freight flights — Long-haul, to/from UK — Without RF (DEFRA 2024)",scope3-distance,3,4,"Freight flights — Long-haul, to/from UK — Without RF",0.64875,kg CO2e / tonne.km,,,,Global,Global,"{GHG-Protocol,SB-253}",AR5,2,,DEFRA UK GHG Conversion Factors 2024 v1.1,https://www.gov.uk/government/collections/government-conversion-factors-for-company-reporting,2024,2024-10-01,2024-10-01,,,methodologies/scope-3-cat6-business-travel,2026-04-24
scope3-transport-freighting-goods-freight-flights-international-to-from-non-uk-with-rf-defra-2024,"Freighting goods — Freight flights — International, to/from non-UK — With RF (DEFRA 2024)",scope3-distance,3,4,"Freight flights — International, to/from non-UK — With RF",1.09904,kg CO2e / tonne.km,,,,Global,Global,"{GHG-Protocol,SB-253}",AR5,2,,DEFRA UK GHG Conversion Factors 2024 v1.1,https://www.gov.uk/government/collections/government-conversion-factors-for-company-reporting,2024,2024-10-01,2024-10-01,,,methodologies/scope-3-cat6-business-travel,2026-04-24
scope3-transport-freighting-goods-freight-flights-international-to-from-non-uk-without-rf-defra-2024,"Freighting goods — Freight flights — International, to/from non-UK — Without RF (DEFRA 2024)",scope3-distance,3,4,"Freight flights — International, to/from non-UK — Without RF",0.64875,kg CO2e / tonne.km,,,,Global,Global,"{GHG-Protocol,SB-253}",AR5,2,,DEFRA UK GHG Conversion Factors 2024 v1.1,https://www.gov.uk/government/collections/government-conversion-factors-for-company-reporting,2024,2024-10-01,2024-10-01,,,methodologies/scope-3-cat6-business-travel,2026-04-24
scope3-transport-freighting-goods-rail-freight-train-defra-2024,Freighting goods — Rail — Freight train (DEFRA 2024),scope3-distance,3,4,Rail — Freight train,0.02779,kg CO2e / tonne.km,,,,Global,Global,"{GHG-Protocol,SB-253}",AR5,2,,DEFRA UK GHG Conversion Factors 2024 v1.1,https://www.gov.uk/government/collections/government-conversion-factors-for-company-reporting,2024,2024-10-01,2024-10-01,,,methodologies/scope-3-cat6-business-travel,2026-04-24
scope3-transport-freighting-goods-sea-tanker-crude-tanker-200-000-dwt-defra-2024,"Freighting goods — Sea tanker — Crude tanker — 200,000+ dwt (DEFRA 2024)",scope3-distance,3,4,"Sea tanker — Crude tanker — 200,000+ dwt",0.00293,kg CO2e / tonne.km,,,,Global,Global,"{GHG-Protocol,SB-253}",AR5,2,,DEFRA UK GHG Conversion Factors 2024 v1.1,https://www.gov.uk/government/collections/government-conversion-factors-for-company-reporting,2024,2024-10-01,2024-10-01,,,methodologies/scope-3-cat6-business-travel,2026-04-24
scope3-transport-freighting-goods-sea-tanker-crude-tanker-120-000-199-999-dwt-defra-2024,"Freighting goods — Sea tanker — Crude tanker — 120,000–199,999 dwt (DEFRA 2024)",scope3-distance,3,4,"Sea tanker — Crude tanker — 120,000–199,999 dwt",0.00445,kg CO2e / tonne.km,,,,Global,Global,"{GHG-Protocol,SB-253}",AR5,2,,DEFRA UK GHG Conversion Factors 2024 v1.1,https://www.gov.uk/government/collections/government-conversion-factors-for-company-reporting,2024,2024-10-01,2024-10-01,,,methodologies/scope-3-cat6-business-travel,2026-04-24
scope3-transport-freighting-goods-sea-tanker-crude-tanker-80-000-119-999-dwt-defra-2024,"Freighting goods — Sea tanker — Crude tanker — 80,000–119,999 dwt (DEFRA 2024)",scope3-distance,3,4,"Sea tanker — Crude tanker — 80,000–119,999 dwt",0.00597,kg CO2e / tonne.km,,,,Global,Global,"{GHG-Protocol,SB-253}",AR5,2,,DEFRA UK GHG Conversion Factors 2024 v1.1,https://www.gov.uk/government/collections/government-conversion-factors-for-company-reporting,2024,2024-10-01,2024-10-01,,,methodologies/scope-3-cat6-business-travel,2026-04-24
scope3-transport-freighting-goods-sea-tanker-crude-tanker-60-000-79-999-dwt-defra-2024,"Freighting goods — Sea tanker — Crude tanker — 60,000–79,999 dwt (DEFRA 2024)",scope3-distance,3,4,"Sea tanker — Crude tanker — 60,000–79,999 dwt",0.00759,kg CO2e / tonne.km,,,,Global,Global,"{GHG-Protocol,SB-253}",AR5,2,,DEFRA UK GHG Conversion Factors 2024 v1.1,https://www.gov.uk/government/collections/government-conversion-factors-for-company-reporting,2024,2024-10-01,2024-10-01,,,methodologies/scope-3-cat6-business-travel,2026-04-24
scope3-transport-freighting-goods-sea-tanker-crude-tanker-10-000-59-999-dwt-defra-2024,"Freighting goods — Sea tanker — Crude tanker — 10,000–59,999 dwt (DEFRA 2024)",scope3-distance,3,4,"Sea tanker — Crude tanker — 10,000–59,999 dwt",0.00921,kg CO2e / tonne.km,,,,Global,Global,"{GHG-Protocol,SB-253}",AR5,2,,DEFRA UK GHG Conversion Factors 2024 v1.1,https://www.gov.uk/government/collections/government-conversion-factors-for-company-reporting,2024,2024-10-01,2024-10-01,,,methodologies/scope-3-cat6-business-travel,2026-04-24
scope3-transport-freighting-goods-sea-tanker-crude-tanker-0-9999-dwt-defra-2024,Freighting goods — Sea tanker — Crude tanker — 0–9999 dwt (DEFRA 2024),scope3-distance,3,4,Sea tanker — Crude tanker — 0–9999 dwt,0.03371,kg CO2e / tonne.km,,,,Global,Global,"{GHG-Protocol,SB-253}",AR5,2,,DEFRA UK GHG Conversion Factors 2024 v1.1,https://www.gov.uk/government/collections/government-conversion-factors-for-company-reporting,2024,2024-10-01,2024-10-01,,,methodologies/scope-3-cat6-business-travel,2026-04-24
scope3-transport-freighting-goods-sea-tanker-crude-tanker-average-defra-2024,Freighting goods — Sea tanker — Crude tanker — Average (DEFRA 2024),scope3-distance,3,4,Sea tanker — Crude tanker — Average,0.00456,kg CO2e / tonne.km,,,,Global,Global,"{GHG-Protocol,SB-253}",AR5,2,,DEFRA UK GHG Conversion Factors 2024 v1.1,https://www.gov.uk/government/collections/government-conversion-factors-for-company-reporting,2024,2024-10-01,2024-10-01,,,methodologies/scope-3-cat6-business-travel,2026-04-24
scope3-transport-freighting-goods-sea-tanker-products-tanker-60-000-dwt-defra-2024,"Freighting goods — Sea tanker — Products tanker — 60,000+ dwt (DEFRA 2024)",scope3-distance,3,4,"Sea tanker — Products tanker — 60,000+ dwt",0.00577,kg CO2e / tonne.km,,,,Global,Global,"{GHG-Protocol,SB-253}",AR5,2,,DEFRA UK GHG Conversion Factors 2024 v1.1,https://www.gov.uk/government/collections/government-conversion-factors-for-company-reporting,2024,2024-10-01,2024-10-01,,,methodologies/scope-3-cat6-business-travel,2026-04-24
scope3-transport-freighting-goods-sea-tanker-products-tanker-20-000-59-999-dwt-defra-2024,"Freighting goods — Sea tanker — Products tanker — 20,000–59,999 dwt (DEFRA 2024)",scope3-distance,3,4,"Sea tanker — Products tanker — 20,000–59,999 dwt",0.01042,kg CO2e / tonne.km,,,,Global,Global,"{GHG-Protocol,SB-253}",AR5,2,,DEFRA UK GHG Conversion Factors 2024 v1.1,https://www.gov.uk/government/collections/government-conversion-factors-for-company-reporting,2024,2024-10-01,2024-10-01,,,methodologies/scope-3-cat6-business-travel,2026-04-24
scope3-transport-freighting-goods-sea-tanker-products-tanker-10-000-19-999-dwt-defra-2024,"Freighting goods — Sea tanker — Products tanker — 10,000–19,999 dwt (DEFRA 2024)",scope3-distance,3,4,"Sea tanker — Products tanker — 10,000–19,999 dwt",0.01894,kg CO2e / tonne.km,,,,Global,Global,"{GHG-Protocol,SB-253}",AR5,2,,DEFRA UK GHG Conversion Factors 2024 v1.1,https://www.gov.uk/government/collections/government-conversion-factors-for-company-reporting,2024,2024-10-01,2024-10-01,,,methodologies/scope-3-cat6-business-travel,2026-04-24
scope3-transport-freighting-goods-sea-tanker-products-tanker-5000-9999-dwt-defra-2024,Freighting goods — Sea tanker — Products tanker — 5000–9999 dwt (DEFRA 2024),scope3-distance,3,4,Sea tanker — Products tanker — 5000–9999 dwt,0.02956,kg CO2e / tonne.km,,,,Global,Global,"{GHG-Protocol,SB-253}",AR5,2,,DEFRA UK GHG Conversion Factors 2024 v1.1,https://www.gov.uk/government/collections/government-conversion-factors-for-company-reporting,2024,2024-10-01,2024-10-01,,,methodologies/scope-3-cat6-business-travel,2026-04-24
scope3-transport-freighting-goods-sea-tanker-products-tanker-0-4999-dwt-defra-2024,Freighting goods — Sea tanker — Products tanker — 0–4999 dwt (DEFRA 2024),scope3-distance,3,4,Sea tanker — Products tanker — 0–4999 dwt,0.04556,kg CO2e / tonne.km,,,,Global,Global,"{GHG-Protocol,SB-253}",AR5,2,,DEFRA UK GHG Conversion Factors 2024 v1.1,https://www.gov.uk/government/collections/government-conversion-factors-for-company-reporting,2024,2024-10-01,2024-10-01,,,methodologies/scope-3-cat6-business-travel,2026-04-24
scope3-transport-freighting-goods-sea-tanker-products-tanker-average-defra-2024,Freighting goods — Sea tanker — Products tanker — Average (DEFRA 2024),scope3-distance,3,4,Sea tanker — Products tanker — Average,0.00902,kg CO2e / tonne.km,,,,Global,Global,"{GHG-Protocol,SB-253}",AR5,2,,DEFRA UK GHG Conversion Factors 2024 v1.1,https://www.gov.uk/government/collections/government-conversion-factors-for-company-reporting,2024,2024-10-01,2024-10-01,,,methodologies/scope-3-cat6-business-travel,2026-04-24
scope3-transport-freighting-goods-sea-tanker-chemical-tanker-20-000-dwt-defra-2024,"Freighting goods — Sea tanker — Chemical tanker — 20,000+ dwt (DEFRA 2024)",scope3-distance,3,4,"Sea tanker — Chemical tanker — 20,000+ dwt",0.0085,kg CO2e / tonne.km,,,,Global,Global,"{GHG-Protocol,SB-253}",AR5,2,,DEFRA UK GHG Conversion Factors 2024 v1.1,https://www.gov.uk/government/collections/government-conversion-factors-for-company-reporting,2024,2024-10-01,2024-10-01,,,methodologies/scope-3-cat6-business-travel,2026-04-24
scope3-transport-freighting-goods-sea-tanker-chemical-tanker-10-000-19-999-dwt-defra-2024,"Freighting goods — Sea tanker — Chemical tanker — 10,000–19,999 dwt (DEFRA 2024)",scope3-distance,3,4,"Sea tanker — Chemical tanker — 10,000–19,999 dwt",0.01093,kg CO2e / tonne.km,,,,Global,Global,"{GHG-Protocol,SB-253}",AR5,2,,DEFRA UK GHG Conversion Factors 2024 v1.1,https://www.gov.uk/government/collections/government-conversion-factors-for-company-reporting,2024,2024-10-01,2024-10-01,,,methodologies/scope-3-cat6-business-travel,2026-04-24
scope3-transport-freighting-goods-sea-tanker-chemical-tanker-5000-9999-dwt-defra-2024,Freighting goods — Sea tanker — Chemical tanker — 5000–9999 dwt (DEFRA 2024),scope3-distance,3,4,Sea tanker — Chemical tanker — 5000–9999 dwt,0.01529,kg CO2e / tonne.km,,,,Global,Global,"{GHG-Protocol,SB-253}",AR5,2,,DEFRA UK GHG Conversion Factors 2024 v1.1,https://www.gov.uk/government/collections/government-conversion-factors-for-company-reporting,2024,2024-10-01,2024-10-01,,,methodologies/scope-3-cat6-business-travel,2026-04-24
scope3-transport-freighting-goods-sea-tanker-chemical-tanker-0-4999-dwt-defra-2024,Freighting goods — Sea tanker — Chemical tanker — 0–4999 dwt (DEFRA 2024),scope3-distance,3,4,Sea tanker — Chemical tanker — 0–4999 dwt,0.02248,kg CO2e / tonne.km,,,,Global,Global,"{GHG-Protocol,SB-253}",AR5,2,,DEFRA UK GHG Conversion Factors 2024 v1.1,https://www.gov.uk/government/collections/government-conversion-factors-for-company-reporting,2024,2024-10-01,2024-10-01,,,methodologies/scope-3-cat6-business-travel,2026-04-24
scope3-transport-freighting-goods-sea-tanker-chemical-tanker-average-defra-2024,Freighting goods — Sea tanker — Chemical tanker — Average (DEFRA 2024),scope3-distance,3,4,Sea tanker — Chemical tanker — Average,0.0103,kg CO2e / tonne.km,,,,Global,Global,"{GHG-Protocol,SB-253}",AR5,2,,DEFRA UK GHG Conversion Factors 2024 v1.1,https://www.gov.uk/government/collections/government-conversion-factors-for-company-reporting,2024,2024-10-01,2024-10-01,,,methodologies/scope-3-cat6-business-travel,2026-04-24
scope3-transport-freighting-goods-sea-tanker-lng-tanker-200-000-m3-defra-2024,"Freighting goods — Sea tanker — LNG tanker — 200,000+ m3 (DEFRA 2024)",scope3-distance,3,4,"Sea tanker — LNG tanker — 200,000+ m3",0.00941,kg CO2e / tonne.km,,,,Global,Global,"{GHG-Protocol,SB-253}",AR5,2,,DEFRA UK GHG Conversion Factors 2024 v1.1,https://www.gov.uk/government/collections/government-conversion-factors-for-company-reporting,2024,2024-10-01,2024-10-01,,,methodologies/scope-3-cat6-business-travel,2026-04-24
scope3-transport-freighting-goods-sea-tanker-lng-tanker-0-199-999-m3-defra-2024,"Freighting goods — Sea tanker — LNG tanker — 0–199,999 m3 (DEFRA 2024)",scope3-distance,3,4,"Sea tanker — LNG tanker — 0–199,999 m3",0.01468,kg CO2e / tonne.km,,,,Global,Global,"{GHG-Protocol,SB-253}",AR5,2,,DEFRA UK GHG Conversion Factors 2024 v1.1,https://www.gov.uk/government/collections/government-conversion-factors-for-company-reporting,2024,2024-10-01,2024-10-01,,,methodologies/scope-3-cat6-business-travel,2026-04-24
scope3-transport-freighting-goods-sea-tanker-lng-tanker-average-defra-2024,Freighting goods — Sea tanker — LNG tanker — Average (DEFRA 2024),scope3-distance,3,4,Sea tanker — LNG tanker — Average,0.01153,kg CO2e / tonne.km,,,,Global,Global,"{GHG-Protocol,SB-253}",AR5,2,,DEFRA UK GHG Conversion Factors 2024 v1.1,https://www.gov.uk/government/collections/government-conversion-factors-for-company-reporting,2024,2024-10-01,2024-10-01,,,methodologies/scope-3-cat6-business-travel,2026-04-24
scope3-transport-freighting-goods-sea-tanker-lpg-tanker-50-000-m3-defra-2024,"Freighting goods — Sea tanker — LPG Tanker — 50,000+ m3 (DEFRA 2024)",scope3-distance,3,4,"Sea tanker — LPG Tanker — 50,000+ m3",0.00911,kg CO2e / tonne.km,,,,Global,Global,"{GHG-Protocol,SB-253}",AR5,2,,DEFRA UK GHG Conversion Factors 2024 v1.1,https://www.gov.uk/government/collections/government-conversion-factors-for-company-reporting,2024,2024-10-01,2024-10-01,,,methodologies/scope-3-cat6-business-travel,2026-04-24
scope3-transport-freighting-goods-sea-tanker-lpg-tanker-0-49-999-m3-defra-2024,"Freighting goods — Sea tanker — LPG Tanker — 0–49,999 m3 (DEFRA 2024)",scope3-distance,3,4,"Sea tanker — LPG Tanker — 0–49,999 m3",0.04404,kg CO2e / tonne.km,,,,Global,Global,"{GHG-Protocol,SB-253}",AR5,2,,DEFRA UK GHG Conversion Factors 2024 v1.1,https://www.gov.uk/government/collections/government-conversion-factors-for-company-reporting,2024,2024-10-01,2024-10-01,,,methodologies/scope-3-cat6-business-travel,2026-04-24
scope3-transport-freighting-goods-sea-tanker-lpg-tanker-average-defra-2024,Freighting goods — Sea tanker — LPG Tanker — Average (DEFRA 2024),scope3-distance,3,4,Sea tanker — LPG Tanker — Average,0.01036,kg CO2e / tonne.km,,,,Global,Global,"{GHG-Protocol,SB-253}",AR5,2,,DEFRA UK GHG Conversion Factors 2024 v1.1,https://www.gov.uk/government/collections/government-conversion-factors-for-company-reporting,2024,2024-10-01,2024-10-01,,,methodologies/scope-3-cat6-business-travel,2026-04-24
scope3-transport-freighting-goods-cargo-ship-bulk-carrier-200-000-dwt-defra-2024,"Freighting goods — Cargo ship — Bulk carrier — 200,000+ dwt (DEFRA 2024)",scope3-distance,3,4,"Cargo ship — Bulk carrier — 200,000+ dwt",0.00253,kg CO2e / tonne.km,,,,Global,Global,"{GHG-Protocol,SB-253}",AR5,2,,DEFRA UK GHG Conversion Factors 2024 v1.1,https://www.gov.uk/government/collections/government-conversion-factors-for-company-reporting,2024,2024-10-01,2024-10-01,,,methodologies/scope-3-cat6-business-travel,2026-04-24
scope3-transport-freighting-goods-cargo-ship-bulk-carrier-100-000-199-999-dwt-defra-2024,"Freighting goods — Cargo ship — Bulk carrier — 100,000–199,999 dwt (DEFRA 2024)",scope3-distance,3,4,"Cargo ship — Bulk carrier — 100,000–199,999 dwt",0.00304,kg CO2e / tonne.km,,,,Global,Global,"{GHG-Protocol,SB-253}",AR5,2,,DEFRA UK GHG Conversion Factors 2024 v1.1,https://www.gov.uk/government/collections/government-conversion-factors-for-company-reporting,2024,2024-10-01,2024-10-01,,,methodologies/scope-3-cat6-business-travel,2026-04-24
scope3-transport-freighting-goods-cargo-ship-bulk-carrier-60-000-99-999-dwt-defra-2024,"Freighting goods — Cargo ship — Bulk carrier — 60,000–99,999 dwt (DEFRA 2024)",scope3-distance,3,4,"Cargo ship — Bulk carrier — 60,000–99,999 dwt",0.00415,kg CO2e / tonne.km,,,,Global,Global,"{GHG-Protocol,SB-253}",AR5,2,,DEFRA UK GHG Conversion Factors 2024 v1.1,https://www.gov.uk/government/collections/government-conversion-factors-for-company-reporting,2024,2024-10-01,2024-10-01,,,methodologies/scope-3-cat6-business-travel,2026-04-24
scope3-transport-freighting-goods-cargo-ship-bulk-carrier-35-000-59-999-dwt-defra-2024,"Freighting goods — Cargo ship — Bulk carrier — 35,000–59,999 dwt (DEFRA 2024)",scope3-distance,3,4,"Cargo ship — Bulk carrier — 35,000–59,999 dwt",0.00577,kg CO2e / tonne.km,,,,Global,Global,"{GHG-Protocol,SB-253}",AR5,2,,DEFRA UK GHG Conversion Factors 2024 v1.1,https://www.gov.uk/government/collections/government-conversion-factors-for-company-reporting,2024,2024-10-01,2024-10-01,,,methodologies/scope-3-cat6-business-travel,2026-04-24
scope3-transport-freighting-goods-cargo-ship-bulk-carrier-10-000-34-999-dwt-defra-2024,"Freighting goods — Cargo ship — Bulk carrier — 10,000–34,999 dwt (DEFRA 2024)",scope3-distance,3,4,"Cargo ship — Bulk carrier — 10,000–34,999 dwt",0.008,kg CO2e / tonne.km,,,,Global,Global,"{GHG-Protocol,SB-253}",AR5,2,,DEFRA UK GHG Conversion Factors 2024 v1.1,https://www.gov.uk/government/collections/government-conversion-factors-for-company-reporting,2024,2024-10-01,2024-10-01,,,methodologies/scope-3-cat6-business-travel,2026-04-24
scope3-transport-freighting-goods-cargo-ship-bulk-carrier-0-9999-dwt-defra-2024,Freighting goods — Cargo ship — Bulk carrier — 0–9999 dwt (DEFRA 2024),scope3-distance,3,4,Cargo ship — Bulk carrier — 0–9999 dwt,0.02956,kg CO2e / tonne.km,,,,Global,Global,"{GHG-Protocol,SB-253}",AR5,2,,DEFRA UK GHG Conversion Factors 2024 v1.1,https://www.gov.uk/government/collections/government-conversion-factors-for-company-reporting,2024,2024-10-01,2024-10-01,,,methodologies/scope-3-cat6-business-travel,2026-04-24
scope3-transport-freighting-goods-cargo-ship-bulk-carrier-average-defra-2024,Freighting goods — Cargo ship — Bulk carrier — Average (DEFRA 2024),scope3-distance,3,4,Cargo ship — Bulk carrier — Average,0.00353,kg CO2e / tonne.km,,,,Global,Global,"{GHG-Protocol,SB-253}",AR5,2,,DEFRA UK GHG Conversion Factors 2024 v1.1,https://www.gov.uk/government/collections/government-conversion-factors-for-company-reporting,2024,2024-10-01,2024-10-01,,,methodologies/scope-3-cat6-business-travel,2026-04-24
scope3-transport-freighting-goods-cargo-ship-general-cargo-10-000-dwt-defra-2024,"Freighting goods — Cargo ship — General cargo — 10,000+ dwt (DEFRA 2024)",scope3-distance,3,4,"Cargo ship — General cargo — 10,000+ dwt",0.01204,kg CO2e / tonne.km,,,,Global,Global,"{GHG-Protocol,SB-253}",AR5,2,,DEFRA UK GHG Conversion Factors 2024 v1.1,https://www.gov.uk/government/collections/government-conversion-factors-for-company-reporting,2024,2024-10-01,2024-10-01,,,methodologies/scope-3-cat6-business-travel,2026-04-24
scope3-transport-freighting-goods-cargo-ship-general-cargo-5000-9999-dwt-defra-2024,Freighting goods — Cargo ship — General cargo — 5000–9999 dwt (DEFRA 2024),scope3-distance,3,4,Cargo ship — General cargo — 5000–9999 dwt,0.016,kg CO2e / tonne.km,,,,Global,Global,"{GHG-Protocol,SB-253}",AR5,2,,DEFRA UK GHG Conversion Factors 2024 v1.1,https://www.gov.uk/government/collections/government-conversion-factors-for-company-reporting,2024,2024-10-01,2024-10-01,,,methodologies/scope-3-cat6-business-travel,2026-04-24
scope3-transport-freighting-goods-cargo-ship-general-cargo-0-4999-dwt-defra-2024,Freighting goods — Cargo ship — General cargo — 0–4999 dwt (DEFRA 2024),scope3-distance,3,4,Cargo ship — General cargo — 0–4999 dwt,0.01407,kg CO2e / tonne.km,,,,Global,Global,"{GHG-Protocol,SB-253}",AR5,2,,DEFRA UK GHG Conversion Factors 2024 v1.1,https://www.gov.uk/government/collections/government-conversion-factors-for-company-reporting,2024,2024-10-01,2024-10-01,,,methodologies/scope-3-cat6-business-travel,2026-04-24
scope3-transport-freighting-goods-cargo-ship-general-cargo-10-000-dwt-100-teu-defra-2024,"Freighting goods — Cargo ship — General cargo — 10,000+ dwt 100+ TEU (DEFRA 2024)",scope3-distance,3,4,"Cargo ship — General cargo — 10,000+ dwt 100+ TEU",0.01113,kg CO2e / tonne.km,,,,Global,Global,"{GHG-Protocol,SB-253}",AR5,2,,DEFRA UK GHG Conversion Factors 2024 v1.1,https://www.gov.uk/government/collections/government-conversion-factors-for-company-reporting,2024,2024-10-01,2024-10-01,,,methodologies/scope-3-cat6-business-travel,2026-04-24
scope3-transport-freighting-goods-cargo-ship-general-cargo-5000-9999-dwt-100-teu-defra-2024,Freighting goods — Cargo ship — General cargo — 5000–9999 dwt 100+ TEU (DEFRA 2024),scope3-distance,3,4,Cargo ship — General cargo — 5000–9999 dwt 100+ TEU,0.01772,kg CO2e / tonne.km,,,,Global,Global,"{GHG-Protocol,SB-253}",AR5,2,,DEFRA UK GHG Conversion Factors 2024 v1.1,https://www.gov.uk/government/collections/government-conversion-factors-for-company-reporting,2024,2024-10-01,2024-10-01,,,methodologies/scope-3-cat6-business-travel,2026-04-24
scope3-transport-freighting-goods-cargo-ship-general-cargo-0-4999-dwt-100-teu-defra-2024,Freighting goods — Cargo ship — General cargo — 0–4999 dwt 100+ TEU (DEFRA 2024),scope3-distance,3,4,Cargo ship — General cargo — 0–4999 dwt 100+ TEU,0.02005,kg CO2e / tonne.km,,,,Global,Global,"{GHG-Protocol,SB-253}",AR5,2,,DEFRA UK GHG Conversion Factors 2024 v1.1,https://www.gov.uk/government/collections/government-conversion-factors-for-company-reporting,2024,2024-10-01,2024-10-01,,,methodologies/scope-3-cat6-business-travel,2026-04-24
scope3-transport-freighting-goods-cargo-ship-general-cargo-average-defra-2024,Freighting goods — Cargo ship — General cargo — Average (DEFRA 2024),scope3-distance,3,4,Cargo ship — General cargo — Average,0.01321,kg CO2e / tonne.km,,,,Global,Global,"{GHG-Protocol,SB-253}",AR5,2,,DEFRA UK GHG Conversion Factors 2024 v1.1,https://www.gov.uk/government/collections/government-conversion-factors-for-company-reporting,2024,2024-10-01,2024-10-01,,,methodologies/scope-3-cat6-business-travel,2026-04-24
scope3-transport-freighting-goods-cargo-ship-container-ship-8000-teu-defra-2024,Freighting goods — Cargo ship — Container ship — 8000+ TEU (DEFRA 2024),scope3-distance,3,4,Cargo ship — Container ship — 8000+ TEU,0.01265,kg CO2e / tonne.km,,,,Global,Global,"{GHG-Protocol,SB-253}",AR5,2,,DEFRA UK GHG Conversion Factors 2024 v1.1,https://www.gov.uk/government/collections/government-conversion-factors-for-company-reporting,2024,2024-10-01,2024-10-01,,,methodologies/scope-3-cat6-business-travel,2026-04-24
scope3-transport-freighting-goods-cargo-ship-container-ship-5000-7999-teu-defra-2024,Freighting goods — Cargo ship — Container ship — 5000–7999 TEU (DEFRA 2024),scope3-distance,3,4,Cargo ship — Container ship — 5000–7999 TEU,0.01681,kg CO2e / tonne.km,,,,Global,Global,"{GHG-Protocol,SB-253}",AR5,2,,DEFRA UK GHG Conversion Factors 2024 v1.1,https://www.gov.uk/government/collections/government-conversion-factors-for-company-reporting,2024,2024-10-01,2024-10-01,,,methodologies/scope-3-cat6-business-travel,2026-04-24
scope3-transport-freighting-goods-cargo-ship-container-ship-3000-4999-teu-defra-2024,Freighting goods — Cargo ship — Container ship — 3000–4999 TEU (DEFRA 2024),scope3-distance,3,4,Cargo ship — Container ship — 3000–4999 TEU,0.01681,kg CO2e / tonne.km,,,,Global,Global,"{GHG-Protocol,SB-253}",AR5,2,,DEFRA UK GHG Conversion Factors 2024 v1.1,https://www.gov.uk/government/collections/government-conversion-factors-for-company-reporting,2024,2024-10-01,2024-10-01,,,methodologies/scope-3-cat6-business-travel,2026-04-24
scope3-transport-freighting-goods-cargo-ship-container-ship-2000-2999-teu-defra-2024,Freighting goods — Cargo ship — Container ship — 2000–2999 TEU (DEFRA 2024),scope3-distance,3,4,Cargo ship — Container ship — 2000–2999 TEU,0.02025,kg CO2e / tonne.km,,,,Global,Global,"{GHG-Protocol,SB-253}",AR5,2,,DEFRA UK GHG Conversion Factors 2024 v1.1,https://www.gov.uk/government/collections/government-conversion-factors-for-company-reporting,2024,2024-10-01,2024-10-01,,,methodologies/scope-3-cat6-business-travel,2026-04-24
scope3-transport-freighting-goods-cargo-ship-container-ship-1000-1999-teu-defra-2024,Freighting goods — Cargo ship — Container ship — 1000–1999 TEU (DEFRA 2024),scope3-distance,3,4,Cargo ship — Container ship — 1000–1999 TEU,0.0325,kg CO2e / tonne.km,,,,Global,Global,"{GHG-Protocol,SB-253}",AR5,2,,DEFRA UK GHG Conversion Factors 2024 v1.1,https://www.gov.uk/government/collections/government-conversion-factors-for-company-reporting,2024,2024-10-01,2024-10-01,,,methodologies/scope-3-cat6-business-travel,2026-04-24
scope3-transport-freighting-goods-cargo-ship-container-ship-0-999-teu-defra-2024,Freighting goods — Cargo ship — Container ship — 0–999 TEU (DEFRA 2024),scope3-distance,3,4,Cargo ship — Container ship — 0–999 TEU,0.03675,kg CO2e / tonne.km,,,,Global,Global,"{GHG-Protocol,SB-253}",AR5,2,,DEFRA UK GHG Conversion Factors 2024 v1.1,https://www.gov.uk/government/collections/government-conversion-factors-for-company-reporting,2024,2024-10-01,2024-10-01,,,methodologies/scope-3-cat6-business-travel,2026-04-24
scope3-transport-freighting-goods-cargo-ship-container-ship-average-defra-2024,Freighting goods — Cargo ship — Container ship — Average (DEFRA 2024),scope3-distance,3,4,Cargo ship — Container ship — Average,0.01612,kg CO2e / tonne.km,,,,Global,Global,"{GHG-Protocol,SB-253}",AR5,2,,DEFRA UK GHG Conversion Factors 2024 v1.1,https://www.gov.uk/government/collections/government-conversion-factors-for-company-reporting,2024,2024-10-01,2024-10-01,,,methodologies/scope-3-cat6-business-travel,2026-04-24
scope3-transport-freighting-goods-cargo-ship-vehicle-transport-4000-ceu-defra-2024,Freighting goods — Cargo ship — Vehicle transport — 4000+ CEU (DEFRA 2024),scope3-distance,3,4,Cargo ship — Vehicle transport — 4000+ CEU,0.0324,kg CO2e / tonne.km,,,,Global,Global,"{GHG-Protocol,SB-253}",AR5,2,,DEFRA UK GHG Conversion Factors 2024 v1.1,https://www.gov.uk/government/collections/government-conversion-factors-for-company-reporting,2024,2024-10-01,2024-10-01,,,methodologies/scope-3-cat6-business-travel,2026-04-24
scope3-transport-freighting-goods-cargo-ship-vehicle-transport-0-3999-ceu-defra-2024,Freighting goods — Cargo ship — Vehicle transport — 0–3999 CEU (DEFRA 2024),scope3-distance,3,4,Cargo ship — Vehicle transport — 0–3999 CEU,0.05832,kg CO2e / tonne.km,,,,Global,Global,"{GHG-Protocol,SB-253}",AR5,2,,DEFRA UK GHG Conversion Factors 2024 v1.1,https://www.gov.uk/government/collections/government-conversion-factors-for-company-reporting,2024,2024-10-01,2024-10-01,,,methodologies/scope-3-cat6-business-travel,2026-04-24
scope3-transport-freighting-goods-cargo-ship-vehicle-transport-average-defra-2024,Freighting goods — Cargo ship — Vehicle transport — Average (DEFRA 2024),scope3-distance,3,4,Cargo ship — Vehicle transport — Average,0.03852,kg CO2e / tonne.km,,,,Global,Global,"{GHG-Protocol,SB-253}",AR5,2,,DEFRA UK GHG Conversion Factors 2024 v1.1,https://www.gov.uk/government/collections/government-conversion-factors-for-company-reporting,2024,2024-10-01,2024-10-01,,,methodologies/scope-3-cat6-business-travel,2026-04-24
scope3-transport-freighting-goods-cargo-ship-roro-ferry-2000-lm-defra-2024,Freighting goods — Cargo ship — RoRo-Ferry — 2000+ LM (DEFRA 2024),scope3-distance,3,4,Cargo ship — RoRo-Ferry — 2000+ LM,0.05012,kg CO2e / tonne.km,,,,Global,Global,"{GHG-Protocol,SB-253}",AR5,2,,DEFRA UK GHG Conversion Factors 2024 v1.1,https://www.gov.uk/government/collections/government-conversion-factors-for-company-reporting,2024,2024-10-01,2024-10-01,,,methodologies/scope-3-cat6-business-travel,2026-04-24
scope3-transport-freighting-goods-cargo-ship-roro-ferry-0-1999-lm-defra-2024,Freighting goods — Cargo ship — RoRo-Ferry — 0–1999 LM (DEFRA 2024),scope3-distance,3,4,Cargo ship — RoRo-Ferry — 0–1999 LM,0.06105,kg CO2e / tonne.km,,,,Global,Global,"{GHG-Protocol,SB-253}",AR5,2,,DEFRA UK GHG Conversion Factors 2024 v1.1,https://www.gov.uk/government/collections/government-conversion-factors-for-company-reporting,2024,2024-10-01,2024-10-01,,,methodologies/scope-3-cat6-business-travel,2026-04-24
scope3-transport-freighting-goods-cargo-ship-roro-ferry-average-defra-2024,Freighting goods — Cargo ship — RoRo-Ferry — Average (DEFRA 2024),scope3-distance,3,4,Cargo ship — RoRo-Ferry — Average,0.05159,kg CO2e / tonne.km,,,,Global,Global,"{GHG-Protocol,SB-253}",AR5,2,,DEFRA UK GHG Conversion Factors 2024 v1.1,https://www.gov.uk/government/collections/government-conversion-factors-for-company-reporting,2024,2024-10-01,2024-10-01,,,methodologies/scope-3-cat6-business-travel,2026-04-24
scope3-transport-freighting-goods-cargo-ship-large-ropax-ferry-average-defra-2024,Freighting goods — Cargo ship — Large RoPax ferry — Average (DEFRA 2024),scope3-distance,3,4,Cargo ship — Large RoPax ferry — Average,0.37612,kg CO2e / tonne.km,,,,Global,Global,"{GHG-Protocol,SB-253}",AR5,2,,DEFRA UK GHG Conversion Factors 2024 v1.1,https://www.gov.uk/government/collections/government-conversion-factors-for-company-reporting,2024,2024-10-01,2024-10-01,,,methodologies/scope-3-cat6-business-travel,2026-04-24
scope3-transport-freighting-goods-cargo-ship-refrigerated-cargo-all-dwt-defra-2024,Freighting goods — Cargo ship — Refrigerated cargo — All dwt (DEFRA 2024),scope3-distance,3,4,Cargo ship — Refrigerated cargo — All dwt,0.01306,kg CO2e / tonne.km,,,,Global,Global,"{GHG-Protocol,SB-253}",AR5,2,,DEFRA UK GHG Conversion Factors 2024 v1.1,https://www.gov.uk/government/collections/government-conversion-factors-for-company-reporting,2024,2024-10-01,2024-10-01,,,methodologies/scope-3-cat6-business-travel,2026-04-24
